100_xu_generating_the_table_attacked.md	regions = 5, arms = 5, cost coordinates = 3, 400 random models across two families, plus the committed bitpack-carrier-width_n table at 6 regions, 5 arms, 3 coordinates with the noise-floor control dropped, arithmetic exact rational, defect classes {unit scale, coordinate swap, tie-break policy, region off-by-one, dropped coordinate}, threads = 1, target features any Evidence: 100_probes/p2_generation_relocates_the_check.py, 100_probes/cone.py.
100_xu_generating_the_table_attacked.md	regions = 5, arms = 5, cost coordinates = 3, 300 models per family across four families, arithmetic exact rational, threads = 1, target features any Evidence: 100_probes/p2b_why_the_strict_rung_caught_nothing.py. The two measured columns coincide in all four families.
100_xu_generating_the_table_attacked.md	regions = 6, arms in {5, 6}, cost coordinates = 3 (median algo_ns, declared bytes per element, interquartile range), cost source = committed bitpack-carrier-width_n CSVs, 80 samples per arm per region, 2000 bootstrap resamples, seed 20260814, weightings as instantiated in the probe, host = the one those runs were taken on, threads = 1 Evidence: 100_probes/p1_what_the_instability_is_made_of.py. An uncertainty estimate over a committed artifact, not a bench; no measurement was taken.
100_xu_generating_the_table_attacked.md	families {bitpack-carrier-width, bitpack-contend-decode, bitpack-contention, bitpack-wide}, regions in {6, 12}, arms in {4, 5, 6}, cost coordinates = 1 (median algo_ns), 80 samples per arm per region, 2000 bootstrap resamples, seed 20260814, host = the one those runs were taken on, threads = 1 Evidence: 100_probes/p7_the_control_arm_across_every_family_that_has_one.py. An uncertainty estimate over committed artifacts, not a bench; no measurement was taken.
100_xu_generating_the_table_attacked.md	regions = 6, arms = 5, cost coordinates = 2, target = aarch64-apple-darwin, rustc 1.98.0-nightly (57d06900f), edition 2024, opt-level 3, panic = abort, feature gates = 0, no_std, threads any (a compile-time artifact), target features baseline Evidence: 100_probes/p3_three_encodings.rs and 100_probes/p3_run.sh, with 100_probes/p3_mutant_generator_bug.rs as the negative control. This is a shape, not a price: the compile-time cost is unpriced and is said to be unpriced.
100_xu_generating_the_table_attacked.md	regions = 6, arms = 5, cost coordinates in {1, 3}, estimators {P75-P25, P90-P10, median absolute deviation, P95, P99, 10% trimmed standard deviation}, cost source = committed bitpack-carrier-width_n CSVs, 80 samples per arm per region, 2000 bootstrap resamples, 2000 CI resamples, seed 20260814, noise-floor control excluded, host = the one those runs were taken on, threads = 1 Evidence: 100_probes/p8_the_tail_coordinate_is_the_wrong_statistic.py. An uncertainty estimate over a committed artifact, not a bench; no measurement was taken.
100_xu_generating_the_table_attacked.md	regions = 6, arms in {5, 6}, cost coordinates = 3, cost source = committed bitpack-carrier-width_n CSVs, 80 samples per arm per region, 2000 bootstrap resamples, seed 20260814, bands in {0, 0.5, 1, 2, 5, 10}% of the region's achievable objective range, defect classes {unit scale, coordinate swap, region off-by-one}, host = the one those runs were taken on, threads = 1 Evidence: 100_probes/p4_the_differential_wants_a_band.py.
100_xu_generating_the_table_attacked.md	regions = 6, arms in {4, 5, 6}, cost coordinates = 3, cost source = committed bitpack-carrier-width_n CSVs with the noise-floor control excluded, synthetic arm extremity factors in {1.01, 1.5, 2, 4, 8, 32, 128}, weightings as instantiated in the probe, threads = 1, target features any Evidence: 100_probes/p4b_normalisation_breaks_independence.py.
100_xu_generating_the_table_attacked.md	regions = 6, arms = 5, cost coordinates = 2, target = aarch64-apple-darwin, rustc 1.98.0-nightly (57d06900f), edition 2024, opt-level 3, panic = abort, emit obj, no_std, feature gates = 0, threads any (a compile-time artifact), target features baseline Evidence: 100_probes/p9_does_the_cost_table_survive_into_the_binary.sh with its runtime-read control.
101_wronski_the_cost_coordinates.md	files = the 254 committed mock/benches/.csv, rows = 104080, groups tested = 248 (family, region) pairs, schema = the seventeen columns at bench-harness/src/harness.rs:752 in the pinned checkout, threads any, target features any, host any (a census of committed files) Evidence: 101_probes/p1_the_coordinate_census.py. A census of committed artifacts, not a bench.
101_wronski_the_cost_coordinates.md	variant crates = 94, source files scanned = 114, at the committed tree, threads any, target features any, host any Evidence: 101_probes/p1_the_coordinate_census.py.
101_wronski_the_cost_coordinates.md	pairs = {bitpack-carrier-d16, bitpack-contend-d16, bitpack-wide-d16} each against its declared control, target = aarch64-apple-darwin, rustc 1.98.0-nightly (57d06900f), release profile as each crate declares it, threads any (a compile-time artifact), target features baseline Evidence: 101_probes/p0_control_identity_on_every_pair.sh.
101_wronski_the_cost_coordinates.md	families {bitpack-carrier-width, bitpack-contend-decode, bitpack-contention, bitpack-wide}, regions in {6, 12}, arms in {4, 5, 6, 7}, cost coordinates = 2 (median algo_ns, interquartile range of algo_ns), draws = 2000, seed 20260814, declared range = (0.5  min, 3  max) per coordinate, synthetic arm factor = 32, cost source = the committed CSVs, threads in {1, 2, 4} (per the region keys decoded in F-101-8), host = the one those runs were taken on Evidence: 101_probes/p2_normalisation_is_a_change_of_basis.py.
101_wronski_the_cost_coordinates.md	families {bitpack-carrier-width, bitpack-contend-decode}, regions = 6 each, arms in {5, 6, 7}, cost coordinates = 2, weighting = speed only so the objective is a time in nanoseconds, synthetic arm factor = 32, cost source = the committed CSVs, threads in {1, 4}, host = the one those runs were taken on Evidence: 101_probes/p2_normalisation_is_a_change_of_basis.py block C.
101_wronski_the_cost_coordinates.md	family = bitpack-carrier-width, regions = 6, arms in {5, 6}, coordinate sets {median algo_ns}, {median algo_ns, bits per element}, {median algo_ns, interquartile range}, {median algo_ns, bits per element, interquartile range}, cost source = the committed CSVs with bits per element declared as 16, 32, 64, 13, 13, exact rational arithmetic, threads = 1, host = the one those runs were taken on Evidence: 101_probes/p4_what_a_coordinate_buys.py, cross-checked by 101_probes/p3_the_exchange_rate_and_its_cells.py, which computes the two-coordinate count as an interval count rather than a feasibility count and also reports 9.
101_wronski_the_cost_coordinates.md	families {bitpack-carrier-width, bitpack-contend-decode, bitpack-wide} for the section counts and {those three, bitpack-contention} for the correlations and floors, regions = 6 (12 for contention), arms in {3, 4, 5, 6}, estimators {median, mean, P75-P25, P90-P10, median absolute deviation, P95, P99, P95 minus median, P99 minus median}, 80 samples per arm per region, 2000 bootstrap resamples, seed 20260814, cost source = the committed CSVs, threads in {1, 2, 4}, host = the one those runs were taken on Evidence: 101_probes/p5_an_estimator_is_a_coordinate_choice.py. The bitpack-contention section count is not reported: 5 arms over 12 regions is 244 million sections and the enumeration is exact rather than sampled.
101_wronski_the_cost_coordinates.md	families = all 49 committed, keys = every committed region key, encoding = KEY = N  10 + T per bitpack-contend-shared/src/routine.rs:11-24, threads any, target features any, host any (a census of committed files) Evidence: 101_probes/p8_the_region_key_carries_the_thread_count.py.
101_wronski_the_cost_coordinates.md	model = accumulation of quantised products, fractional bits F = 8, grids {2^-10 truncating, 2^-8 round-half-to-even}, chain lengths 1 through 96, streams = 4000, seed 20260814, inputs uniform on the declared grid excluding zero, reference = exact rational arithmetic, threads any, target features any, host any (a computation over a model, not a measurement) Evidence: 101_probes/p6_accuracy_is_not_a_per_arm_scalar.py.
101_wronski_the_cost_coordinates.md	mockspace-bench-core at the pin in mock/benches/Cargo.lock (bce17f6c), rustc 1.98.0-nightly (57d06900f), edition 2024, target = aarch64-apple-darwin, feature gates = 0, seeds = 8, threads any, target features any Evidence: 101_probes/p7_a_fidelity_coordinate/.
101_wronski_the_cost_coordinates.md	families {bitpack-carrier-width, bitpack-contend-decode, bitpack-wide}, regions = 6, arms in {3, 4, 5} with the control dropped, estimators = the nine at NAMES in the probe, 80 samples per arm per region, 1000 bootstrap resamples, seed 20260814, separation = a 95% percentile interval excluding zero, expressiveness = the exact count reachable by a strictly positive weighting on {median, candidate}, cost source = the committed CSVs, threads in {1, 4}, host = the one those runs were taken on Evidence: 101_probes/p11_separation_against_expressiveness.py. bitpack-contention is excluded from the correlation: 5 arms over 12 regions is 244 million sections and the count is exact rather than sampled.
101_wronski_the_cost_coordinates.md	family = bitpack-carrier-width, regions = 6, arms = 5 (control dropped), cost coordinates = 2 (median algo_ns, bits per element declared as 16, 32, 64, 13, 13), domination = weak Pareto at every region, exact rational arithmetic, cost source = the committed CSVs, threads = 1, host = the one those runs were taken on Evidence: 101_probes/p10_the_two_knobs_are_separable.py.
102_torvalds_does_the_mechanism_serve_the_intents.md	W = 13, operations in {+, -, , >>}, column lengths in {1, 2, 3, 4, 8, 16, 32, 64, 128, 1024}, seeds 1..64, unsigned, threads = 1, host = aarch64-apple-darwin, rustc nightly-2026-05-28 Evidence: 102_probes/p2_which_of_25s_axes_change_the_answer.rs and its .out, with the setup-that-helps first version and its output committed beside them.
102_torvalds_does_the_mechanism_serve_the_intents.md	all 13 shared variant crates, all 254 committed CSV files, all 104080 committed data rows, mockspace pin bce17f6c Evidence: 102_probes/p1_the_corpus_compares_cost_at_a_fixed_answer.py and .out, three independent readings; the harness gating quoted at 102_probes/p1_harness_gating.out.
102_torvalds_does_the_mechanism_serve_the_intents.md	mockspace pin bce17f6c, all 94 variant crates Evidence: bench-core/src/lib.rs max_relative_error, bench-harness/src/validation.rs validation_plan, both quoted at 102_probes/p1_harness_gating.out; the count by grep across variants/.
102_torvalds_does_the_mechanism_serve_the_intents.md	declared grid 2^-8, fine grid 2^-9 and 2^-12, gain in {1, 3/4}, chain lengths 1..128, 512 seeds, reference exact rational Evidence: 102_probes/p3_the_crossing_is_an_arm_family.py against 102_probes/p3_first_version_contractive_chain_no_crossing.py, both committed with their outputs.
102_torvalds_does_the_mechanism_serve_the_intents.md	declared grid 2^-8, fine grid 2^-9, gain = 1, k in {4, 16, 64}, 512 seeds, coordinates (exact error, declared rne-step count), 40 exchange rates spanning 2^-20 to 2^20 Evidence: 102_probes/p3_the_crossing_is_an_arm_family.out.
102_torvalds_does_the_mechanism_serve_the_intents.md	rustc nightly-2026-05-28, target aarch64-apple-darwin, opt-level 3, no_std, chain length 4, switch depths in {0, 2, 99}, FRAC = 8 Evidence: 102_probes/p4_is_chain_depth_const_available.rs, p4_emitted.s, p4_is_chain_depth_const_available.out, with the negative control's E0080 recorded.
102_torvalds_does_the_mechanism_serve_the_intents.md	target aarch64-apple-darwin, opt-level 3, rustc nightly-2026-05-28, chain length 4, FRAC = 8, i64 accumulator Evidence: 102_probes/p4_emitted.s. This is an ad-hoc quick spike with no substance for any how-much question. It establishes a structural fact about three emitted sequences and prices nothing.
102_torvalds_does_the_mechanism_serve_the_intents.md	noise sigma 0.00273 relative (the corpus's own measured floor), 18 arms from p3's k = 16 family with exactly computed errors, 2000 resamples, 7 exchange rates from 0.02 to 2.0 Evidence: 102_probes/p5_a_measured_coordinate_over_answer_differing_arms.py and .out. Part two of that probe is a counterfactual: its error column is real and exactly computed, its time column is synthetic, because no committed family has arms that disagree.
102_torvalds_does_the_mechanism_serve_the_intents.md	bitpack-carrier-width_n as committed, 6 arms, 80 samples per arm per region, median estimator, 2000 bootstrap resamples, threads = 1 Evidence: 102_probes/p5_a_measured_coordinate_over_answer_differing_arms.out part 1. This is a third independent instance of 100's mechanism.
102_torvalds_does_the_mechanism_serve_the_intents.md	the tree at commit 7ac27921, rustc nightly-2026-05-28, run per crate with --test-threads=1 Evidence: the per-crate run recorded in section 0.2; 102_probes/p1_the_corpus_compares_cost_at_a_fixed_answer.out section B.
103_mcsherry_what_the_corpus_can_and_cannot_show.md	the committed corpus at HEAD of feat/arvo-shape-topic, files 254, rows 104080, columns all 17, threads = 1. Evidence: 103_probes/p1_what_the_committed_data_records.out.
103_mcsherry_what_the_corpus_can_and_cannot_show.md	the committed corpus at HEAD, regions 254, routines all 256 registered in routine_for_n, threads = 1. Evidence: 103_probes/p6_the_region_census.out, 103_probes/p5_census_what_each_family_pins.out.
103_mcsherry_what_the_corpus_can_and_cannot_show.md	bench decimal-quantiser-radix-sweep, SPREAD in {0, 2, 8, 20} which is all four committed, seeds 8 per size, lanes 2048 per size, threads = 1. Evidence: 103_probes/p2_two_arms_two_answers.out.
103_mcsherry_what_the_corpus_can_and_cannot_show.md	the two committed kernels at <R=2,P=24,EMIN=-126,EMAX=127> and <R=10,P=7,EMIN=-95,EMAX=96>, operands both non-negative with mag in [10^6, 10^7) and exp = 0, trials 200000, threads = 1. Evidence: 103_probes/p3_same_input_two_answers.out.
103_mcsherry_what_the_corpus_can_and_cannot_show.md	harness bce17f6 as pinned by mock/benches/Cargo.lock, validation_plan(false, None), seeds the harness's own 100 from Rng::new(0xCAFE_BABE_DEAD_BEEF), subject sizes all four committed, control sizes all six committed, threads = 1. Evidence: 103_probes/p4_the_harness_gate_refuses_a_committed_family.out.
103_mcsherry_what_the_corpus_can_and_cannot_show.md	the committed corpus at HEAD, regions 254, producing commits all 24 and all resolvable, threads = 1. Evidence: 103_probes/p8_when_the_gate_was_actually_running.out.
103_mcsherry_what_the_corpus_can_and_cannot_show.md	bench quantiser-vs-fadd-subnormal-sweep, PCT in {0, 10, 25, 50, 75, 100} which is all six committed, the family's own build_input distribution, seeds 64 per PCT in the test and 100 per size in p4, threads = 1. Evidence: 103_probes/p4...out, 103_probes/p7_errors.out.
103_mcsherry_what_the_corpus_can_and_cannot_show.md	bench decimal-quantiser-radix-sweep at all four committed sizes with quantiser-vs-fadd-subnormal-sweep at four sizes as control, time from the committed algo_ns samples 80 per arm per region, error from the controlled exp = 0 band, resamples 2000 per rate, rates 11 spanning [0, 100], threads = 1. Evidence: 103_probes/p7_the_constraint_on_real_arms.out.
103_mcsherry_what_the_corpus_can_and_cannot_show.md	crate quantiser-radix-shared at HEAD, SPREAD in {0, 2, 8, 20} which is all four committed, seeds 32 per size, threads = 1. Evidence: the two #[test] bodies read in full, and the suite run in section 0.2.
103_mcsherry_what_the_corpus_can_and_cannot_show.md	the thirteen bench shared crates at HEAD, tests all 123, surface examined being every validate_output body and every cross-arm assertion and both quantiser families in full, threads = 1 for the last seven crates and default for the first six.
106_giesen_consolidation_the_strategy_axis.md	regions = 6, arms = 5, cost coordinates = 2 (median algo_ns per record, declared bits per element as 16/32/64/13/13), cost source = the committed bitpack-carrier-width_n CSVs, arithmetic exact rational, threads = 1, target features any Three independent implementations from three different geometries: 97's extreme-ray enumeration of a pointed cone (97_probes/p9_the_decider.py), 98's interval arithmetic on the one-dimensional weight simplex (98_probes/p6_reproduce_the_predecessors_count_and_rung_it.py), and 101's polygon clipping written without opening either (101_probes/p4_what_a_coordinate_buys.py). RULES.md puts the bar at three and these two numbers clear it.
106_giesen_consolidation_the_strategy_axis.md	target aarch64-apple-darwin, rustc 1.98.0-nightly (57d06900f), edition 2024, opt-level 3, panic = abort, no_std, feature gates = 0, arms in {2, 3, 4, 5}, threads = 1 for the timed instance and threads any for the compile-time artifacts This is the single best-supported claim in the unit and it is the one the whole mechanism rests on.
106_giesen_consolidation_the_strategy_axis.md	W in 3..8, F in 0..2, signedness = unsigned, overflow in {wrap, saturate}, operations {add, sub, mul}, arity 2 and 3, values exhaustive over the representable domain, threads = 1, target features any
106_giesen_consolidation_the_strategy_axis.md	the committed corpus at HEAD of feat/arvo-shape-topic, files 254, producing commits 24, all resolvable, threads = 1 Evidence: 106_probes/p3_prewiring_join.py and its output. One reconciliation with 103, which is not a correction: there are 24 distinct git_commit strings and 23 distinct commits, because defc747 appears both clean and dirty. 103's 24 is the string count and is right as stated.
106_giesen_consolidation_the_strategy_axis.md	W = 13, operations in {+, -, , >>}, column lengths in {1, 2, 3, 4, 8, 16, 32, 64, 128, 1024}, seeds 1 to 64, unsigned, threads = 1, host aarch64-apple-darwin, rustc nightly-2026-05-28
106_giesen_consolidation_the_strategy_axis.md	W in {5, 6}, F in {0, 1}, signedness in {unsigned, signed}, overflow in {wrap, saturate, exact}, operations {add, sub, mul}, laws as enumerated in the probe, arity 3 for the algebraic family and 2 for the order family, values exhaustive over the representable domain, threads = 1, target features any
106_giesen_consolidation_the_strategy_axis.md	regions = 5, arms = 5, cost coordinates = 3, 400 random models across two families, plus the committed carrier table at 6 regions and 5 arms with the noise-floor control dropped, arithmetic exact rational, defect classes {unit scale, coordinate swap, tie-break policy, region off-by-one, dropped coordinate}, threads = 1, target features any
106_giesen_consolidation_the_strategy_axis.md	W in {4, 5, 6}, F = 0, signedness = signed, overflow = saturate, operand window = declared non-negative, operations {add, mul}, arity 3, values exhaustive, threads = 1, target features any
107_arntzen_entailment_check_on_the_strategy_consolidation.md	It carries no holds for: line. Of the five bold leads in section 3.1, two carry a predicate; of the three that do not, one is a sub-note on the lead above it and one is a test count. This is the only claim about arvo's arithmetic in the section, and it is the one without a predicate (107_probes/p9_the_defence_quotes_half_its_own_source.out).
107_arntzen_entailment_check_on_the_strategy_consolidation.md	W in 3..8, F in 0..2, signedness = unsigned, overflow in {wrap, saturate}, .... Dropping signedness = unsigned widens the claim, and under I13, which 106 quotes at the head of the same section, a predicate is never widened in place: the widening is a new claim needing new evidence. There is none. Under I13's own absence rule the unpredicated sentence claims something narrower still and equally wrong, that it holds nowhere signedness is present.
107_arntzen_entailment_check_on_the_strategy_consolidation.md	W in {4,5,6}, F = 0, signedness = signed, overflow = saturate, operand window = declared non-negative, operations {add, mul}, arity 3, values exhaustive. This is the only positive law result in the unit: a nameable, const-checkable predicate under which a lossy policy regains additive associativity, multiplicative associativity and distributivity over addition. It was predicted by the criterion before running, and 97 records that it independently retrodicts 82's declared-window result. The word window appears zero times in 106. I13 is about collecting exactly this shape, and this is the unit's cleanest instance of it.
108_lamport_the_pair_attacked.md	declared width W in {4, 5}, containers {4 against 12, 5 against 13}, chain length in {3, 4}, operation alphabet as enumerated in the probe (wadd, wsub, wmul, shr, div, sat_at_W, sat_at_C, min, cmp), chains exhaustive over the alphabet, values exhaustive over the declared domain, axis = headroom, arithmetic exact integer, threads = 1, target features any
108_lamport_the_pair_attacked.md	the committed corpus at HEAD of feat/arvo-shape-topic, families with a computed per-arm error coordinate = 7, CSVs = 254, rows = 104080, variant crates = 94, arithmetic exact as recorded by 103's probe, threads = 1, target features any
108_lamport_the_pair_attacked.md	target aarch64-apple-darwin, rustc 1.98.0-nightly (57d06900f), edition 2021, opt-level 3, crate-type lib, no_std, feature gates = 0, arms = 3, regions = 4, cost coordinates = 2, declared width 13, threads any (the artifacts are compile-time)
108_lamport_the_pair_attacked.md	regions = 6, arms = 5, cost coordinates = 2 (median algo_ns per record, declared bits per element as 16/32/64/13/13), cost source = the committed bitpack-carrier-width_n CSVs, rate grid = {1e-3, 1e-2, 1e-1, 1, 10, 100, 1000} against a unit time weight, combination rules = {arithmetic mean, componentwise max, componentwise min, squared geometric mean, first operand, second operand}, arithmetic exact rational, threads = 1, target features any
108_lamport_the_pair_attacked.md	declared width W = 4, containers 4 against 12, chain length 3, operations as enumerated in p2b, values exhaustive over the declared domain, axis = headroom, arithmetic exact integer, threads = 1, target features any Evidence: 108_probes/p2b_observability_is_decided_by_the_chain.rs and its output. Independent of 102's p2, which reaches the same class on a different construction at a different width.
108_lamport_the_pair_attacked.md	declared width W = 4, containers 4 against 12, chain length 3, values exhaustive over the declared domain, arithmetic exact integer, threads = 1, target features any Evidence: same probe. 40 predicted this from 20 section 1.3's factoring result and never measured it.
108_lamport_the_pair_attacked.md	declared width W in {4, 5}, containers {4 against 12, 5 against 13}, chain length in {3, 4}, operation alphabet as enumerated in p2c, chains exhaustive over the alphabet, values exhaustive over the declared domain, axis = headroom, arithmetic exact integer, threads = 1, target features any Evidence: 108_probes/p2c_a_sound_conservative_predicate.rs and its output.
108_lamport_the_pair_attacked.md	target aarch64-apple-darwin, rustc 1.98.0-nightly (57d06900f), edition 2021, opt-level 3, crate-type lib, no_std, feature gates = 0, arms = 3, regions = 4, cost coordinates = 2, declared width 13, threads any Evidence: 108_probes/p4_one_name_two_carriers.rs, p4_emitted.s, p4_read_the_asm.out.
108_lamport_the_pair_attacked.md	the committed corpus at HEAD of feat/arvo-shape-topic, families with a computed per-arm error coordinate = 7, CSVs = 254, rows = 104080, variant crates = 94, target/ excluded from every walk, threads = 1, target features any Evidence: 108_probes/p5_the_fidelity_coordinate_is_constant_where_clause_three_holds.py. The error figures are 103's, read from its committed output rather than retyped; the use made of them is mine.
108_lamport_the_pair_attacked.md	regions = 6, arms = 5, cost coordinates = 2 (median algo_ns per record, declared bits per element as 16/32/64/13/13), cost source = the committed bitpack-carrier-width_n CSVs, rate grid = {1e-3, 1e-2, 1e-1, 1, 10, 100, 1000} against a unit time weight, combination rules as enumerated in p6, arithmetic exact rational, threads = 1, target features any Evidence: 108_probes/p6_two_objects_one_word.py.
108_lamport_the_pair_attacked.md	the committed bench variant crates at HEAD of feat/arvo-shape-topic, --test-threads=1 throughout, every test result: line counted, threads = 1 Evidence: 108_probes/p0_test_gate.sh and its output.
116_leijen_reply_what_the_homomorphism_opens.md	W in {3, 4}, F = 0, signedness in {unsigned, signed}, overflow policy = sat, rounding = trunc, radix = 2, operations in {add, sub, mul}, term shapes = every term at 2 and 3 leaf slots, declarations = one-sided, threads = 1, target features any
116_leijen_reply_what_the_homomorphism_opens.md	W in {2, 3, 4}, F = 0, signedness in {unsigned, signed}, overflow policy in {sat, wrap}, rounding = trunc, radix = 2, operations in {add, sub, mul}, term shapes = the six enumerated in p2 plus the thirteen in 112's p9, arity in {2, 3}, declarations = two-endpoint exhaustive at arity 2 and 3, declared lower bound >= 0 for the first half and unrestricted for the second, threads = 1, target features any
116_leijen_reply_what_the_homomorphism_opens.md	W = 4, F in {0, 1, 2}, signedness in {unsigned, signed}, overflow policy = wrap, rounding = trunc, radix = 2, operations in {add, sub} for W1b and {add, sub, mul} for W1a and W1c, term shapes = every term at 2 and 3 leaf slots, arity in {2, 3}, declarations = two-endpoint exhaustive at arity 2 and 4000 sampled at arity 3, threads = 1, target features any
119_leroy_the_canon_candidate_for_the_realisation_map.md	value set finite with at least two elements; operations including addition; domain containing a complete residue system and the interval from zero to the value set's size.
119_leroy_the_canon_candidate_for_the_realisation_map.md	W = 3, F = 0, signedness any, overflow behaviour in {wrapping, saturating, flush-to-zero, reflecting}, rounding = truncation, radix = 2, operations in {add, sub, mul}, construction = interval, threads = 1, target features any.
119_leroy_the_canon_candidate_for_the_realisation_map.md	W = 4, F in {0, 1, 2}, signedness in {unsigned, signed}, overflow behaviour in {wrapping, saturating}, rounding = truncation, radix = 2, operations in {add, sub, mul}, threads = 1, target features any.
119_leroy_the_canon_candidate_for_the_realisation_map.md	W = 3, F = 0, signedness = unsigned, overflow behaviour in {wrapping, saturating}, rounding = truncation, radix = 2, operation = add, arity = 2, restrictions = upper bounds in {1, 3, 7}, threads = 1, target features any.
119_leroy_the_canon_candidate_for_the_realisation_map.md	W = 4, F = 2, signedness = unsigned, overflow behaviour = wrapping, rounding = truncation, radix = 2, operation = mul, declared grid step in {1/4, 1/2, 1, 2}, threads = 1, target features any.
119_leroy_the_canon_candidate_for_the_realisation_map.md	W = 4, F in {0, 1, 2}, signedness in {unsigned, signed}, overflow behaviour in {wrapping, saturating}, rounding = truncation, radix = 2, operations in {add, sub, mul} and in {add, sub, mul, min}, term shapes = every term at 2 and 3 leaf slots over the signature in play, arity in {2, 3}, declarations = one-sided, threads = 1, target features any.
119_leroy_the_canon_candidate_for_the_realisation_map.md	W = 3, F = 0, signedness in {unsigned, signed}, overflow behaviour in {wrapping, saturating}, rounding = truncation, radix = 2, operations in {add, sub, mul}, term shapes = every term at 2 and 3 leaf slots with every leaf identification, arity in {2, 3}, declarations = one-sided exhaustive, discharge check = root under a homomorphism and per node otherwise, threads = 1, target features any.
119_leroy_the_canon_candidate_for_the_realisation_map.md	W in {2, 3}, F = 0, signedness in {unsigned, signed}, overflow behaviour = saturating, rounding = truncation, radix = 2, operations in {add, sub, mul}, term shapes = every term at 2 and 3 leaf slots with every leaf identification and 120 of 2025 sampled at 4, arity in {2, 3, 4}, declarations = one-sided exhaustive and two-endpoint exhaustive at arity 2 and sampled at arity 3, threads = 1, target features any.
119_leroy_the_canon_candidate_for_the_realisation_map.md	W = 3, F = 0, signedness in {unsigned, signed}, overflow behaviour in {wrapping, saturating}, rounding = truncation, radix = 2, operations in {add, sub, mul}, term shapes = every term at 2 and 3 leaf slots, arity in {2, 3}, declarations = one-sided exhaustive and two-endpoint exhaustive at arity 2 and sampled at arity 3, threads = 1, target features any.
119_leroy_the_canon_candidate_for_the_realisation_map.md	W in {3, 5, 6}, F = 0, signedness in {unsigned, signed}, overflow behaviour in {wrapping, saturating}, radix = 2, dimension in {2, 4}, structure constants in {-1, 0, 1} with one or two nonzero entries per row, operation = mul, arity = 2, declarations = a uniform magnitude bound on every component, threads = 1, target features any.
119_leroy_the_canon_candidate_for_the_realisation_map.md	toolchain = the pinned nightly, edition 2021, crate type = library, feature gates = none, term = a left-nested fold, fold length in {2, 8, 16, 24, 32, 48, 64, 96, 128}, threads any, target features any.
121_leijen_partial_signature_the_domain_is_the_missing_dimension.md	value set finite with at least two elements; operations including addition; domain containing a complete residue system and the interval from zero to the value set's size.
121_leijen_partial_signature_the_domain_is_the_missing_dimension.md	value set finite with at least two elements; domain closed under negation; operations any non-empty subset of {addition, multiplication}.
121_leijen_partial_signature_the_domain_is_the_missing_dimension.md	W = 4, F in {0, 1, 2}, signedness in {unsigned, signed}, overflow behaviour in {wrapping, saturating}, ...
121_leijen_partial_signature_the_domain_is_the_missing_dimension.md	W = 4, F in {0, 1, 2}, signedness in {unsigned, signed}, overflow behaviour in {wrapping, saturating}, rounding = truncation, radix = 2, operations in {add, sub, mul}, ambient domain in {non-negative, closed under negation}, threads = 1, target features any.
122_leroy_the_candidate_revised_against_two_partial_signatures.md	value set finite with at least two elements; domain closed under negation; operations including addition.
122_leroy_the_candidate_revised_against_two_partial_signatures.md	W = 3, F = 0, signedness any, overflow behaviour in {wrapping, saturating, flush-to-zero, reflecting}, rounding = truncation, radix = 2, operations in {add, sub, mul}, construction = interval, ambient domain closed under negation, threads = 1, target features any.
122_leroy_the_candidate_revised_against_two_partial_signatures.md	W = 4, F in {0, 1, 2}, signedness in {unsigned, signed}, overflow behaviour in {wrapping, saturating}, rounding = truncation, radix = 2, operations in {add, sub, mul}, ambient domain in {one-signed, closed under negation}, threads = 1, target features any.
122_leroy_the_candidate_revised_against_two_partial_signatures.md	W = 3, F = 0, signedness in {unsigned, signed}, overflow behaviour in {wrapping, saturating}, rounding = truncation, radix = 2, operations in {add, mul} and {add, sub, mul}, arity in {2, 3}, ambient domain in {one-signed, closed under negation}, restrictions = upper bounds in {1, 3, 7}, threads = 1, target features any.
122_leroy_the_candidate_revised_against_two_partial_signatures.md	W = 4, F in {0, 1, 2}, signedness in {unsigned, signed}, overflow behaviour in {wrapping, saturating}, rounding = truncation, radix = 2, operations in {add, sub, mul} and {add, sub, mul, min}, term shapes = every term at 2 and 3 leaf slots over the signature in play, arity in {2, 3}, declarations = one-sided, ambient domain one-signed, threads = 1, target features any.
122_leroy_the_candidate_revised_against_two_partial_signatures.md	W = 3, F = 0, signedness in {unsigned, signed}, overflow behaviour in {wrapping, saturating}, rounding = truncation, radix = 2, operations in {add, sub, mul}, term shapes = every term at 2 and 3 leaf slots with every leaf identification, arity in {2, 3}, declarations = one-sided exhaustive, ambient domain closed under negation for the saturating arm, discharge check = root under a homomorphism and per node otherwise, threads = 1, target features any.
122_leroy_the_candidate_revised_against_two_partial_signatures.md	The non-homomorphic half alone holds for: as 119 4.7's second predicate, unchanged, with the same domain dimension added.
122_leroy_the_candidate_revised_against_two_partial_signatures.md	toolchain = the pinned nightly, edition 2021, crate type = library, feature gates = none, term = a left-nested fold, recursion limit in {16, 24, 32, 48, 64, 96}, threads any, target features any.
125_knuth_rounding_cold_derivation.md	signedness any, F any, I any, grid infinite (range not involved), rounding ∈ {floor, ceil, toward_zero, half_up, half_even}, op = +, domain ∈ {ℚ, ℚ≥0} (the first closed under negation, the second one-signed, claimed separately and each proved), threads any (proved property of functions; probe verification at threads = 1, sweep named in 125_probes/).
125_knuth_rounding_cold_derivation.md	signedness any, F any, I any, grid infinite, rounding ∈ {floor, ceil, toward_zero, half_up, half_even}, domain = ℚ (closed under negation), threads any (proved; probe at threads = 1).
125_knuth_rounding_cold_derivation.md	signedness any, F any, I any, grid infinite, domain = ℚ (closed under negation), threads any (proved; probes at threads = 1 over the sweeps named in 125_probes/, windows symmetric under negation).
125_knuth_rounding_cold_derivation.md	signedness any, F = 0 for op ∈ {+, -, ×} and F any for op ∈ {+, -}, I any, W any, overflow ∈ {wrap, saturate}, rounding any, domain = representable operand pairs (closed under negation where signed), threads any (proved; exhaustive probe at threads = 1, W ≤ 5 both signednesses, ranges named in the probe output).
125_knuth_rounding_cold_derivation.md	signedness = signed, F = 0, I any, op = ÷, rounding ∈ {floor, toward_zero} (the pair exhibited; other pairs differ too where the probe says so), domain = operand pairs with nonzero divisor (closed under negation), threads = 1 (measured; counts in 125_probes/).
125_knuth_rounding_cold_derivation.md	signedness any, F any, I any, op = ×, rounding any, overflow any (the claim is about the quantisation step; range effects are the overflow axis's own), domain = representable operand pairs (closed under negation where signed), threads any (proved via valuation additivity; exhaustive probe at threads = 1, F ∈ {0, 2, 3}, W ≤ 6).
125_knuth_rounding_cold_derivation.md	signedness any (the toward_zero × wrap failure needs negative off-grid exacts, so it manifests at signedness = signed, or unsigned with signed intermediates), F any, I any, W ≥ 1, rounding ∈ {floor, ceil, half_up, half_even} × overflow ∈ {wrap, saturate} commuting, toward_zero × saturate commuting, toward_zero × wrap not commuting, domain = ℚ over the swept windows (closed under negation), threads any for the proved commutations, threads = 1 for the counted non-commutation.
125_knuth_rounding_cold_derivation.md	signedness any, F 0 or op ∉ {+, -, ×-at-F=0} (where rounding fires at all), I any, rounding = stochastic, overflow ∈ {wrap, saturate}, domain = ℚ off-grid (closed under negation), threads any for the expectation identity (proved, exact Bernoulli algebra; probe verifies with exact rational arithmetic at threads = 1). Also to note and not part of the claim: stochastic requires runtime entropy, so its selection predicate is not fully const-available; I13's instruction (what is not const-available cannot be in the predicate) bears on whether it can be an arm at all, and that is a question for the panel rather than a finding of mine.
125_knuth_rounding_cold_derivation.md	signedness ∈ {signed, unsigned} as stated per clause, F ≥ 1 (bits exist to drop), I any, rounding ∈ {floor, toward_zero}, domain = all W-bit two's complement values (closed under negation up to the asymmetric minimum), threads any (proved; exhaustive probe at threads = 1, W ≤ 8).
126_wronski_what_rounding_actually_selects.md	F = 0, operation = {addition, subtraction, multiplication}, signedness = unsigned, domain = no overflow triggered (values chosen away from any bound), rounding mode = any of {floor, ceil, trunc, round_half_up, round_half_even}, width = swept exhaustively at kmax=6. 
126_wronski_what_rounding_actually_selects.md	F >= 1 (tested F in {1,2,3}), operation = multiplication (and distributivity of multiplication over addition), signedness = unsigned, domain = no overflow triggered, rounding mode = any of {floor, ceil, trunc, round_half_up, round_half_even} (each fails individually, not just in aggregate), width = swept exhaustively at kmax=6. 
126_wronski_what_rounding_actually_selects.md	rounding mode = any of {floor, ceil, trunc, round_half_up, round_half_even}, domain = rationals with denominator 37 in a bounded range, F = 3, monotonicity = weak (x <= y implies round(x) <= round(y)). 
126_wronski_what_rounding_actually_selects.md	rounding mode = stochastic (independent draw per value), domain = any rational, non-monotonicity = exists (there exist adversarial draw pairs within one grid interval producing a violation; not a claim that every draw violates), unbiasedness = exact, in expectation, for every x, independent of F. 
126_wronski_what_rounding_actually_selects.md	rounding mode = {floor, ceil, trunc}, property = double-rounding-safe (round-to-coarser then round-again-to-coarser-still equals rounding directly to the final width in one step), domain = rationals with denominator 24, F_acc in {2,3,4,5}, F_final in {1,2}, overflow = not present (bounds removed entirely to isolate the effect).
126_wronski_what_rounding_actually_selects.md	rounding mode = {round_half_up, round_half_even}, property = NOT double-rounding-safe (counterexamples exist), same domain as above. 
126_wronski_what_rounding_actually_selects.md	overflow policy = saturating, rounding mode = any deterministic mode (tested: round_half_even; monotone composed with monotone is monotone regardless of which monotone rounding mode, so this generalises across the mode set already shown monotone in Finding 3), property = monotone, F = 2.
126_wronski_what_rounding_actually_selects.md	overflow policy = wrapping, property = NOT monotone (independent of rounding mode, by the composition argument above rather than by testing every mode against wrap specifically). 
126_wronski_what_rounding_actually_selects.md	single fixed target width, overflow policy = saturating, boundary = grid-aligned at that width, rounding mode = any of {floor, ceil, trunc, round_half_up, round_half_even}, F in {1,2,3}, property = numeric agreement between round-then-clamp and clamp-then-round.
126_wronski_what_rounding_actually_selects.md	same domain, property = overflow-verdict agreement, does NOT hold (100 counterexamples found, concentrated in directed modes rounding toward the boundary from outside). 
126_wronski_what_rounding_actually_selects.md	F >= 1, operation = multiplication, domain = one-signed (non-negative), the domain region where saturating overflow is a homomorphism per 122 F122-4, rounding mode = any of {floor, ceil, trunc, round_half_up, round_half_even}, width = swept exhaustively at kmax=6. property = NOT a homomorphism, no domain restriction found (or looked for beyond one-signed) that rescues it. 
127_dolan_attacking_the_convergence.md	signedness any, F any (the construction only touches whether x is on-grid, which is domain-generic), I any, rounding = the shared-threshold family parametrised by U, overflow ∈ {wrap (untested directly, monotonicity argument applies regardless since it is about the rounding step alone), saturate (tested, composition stays monotone)}, domain = ℚ (closed under negation; the swept range in Part 4 is asymmetric signed, per Part 4's own note), threads = 1 (measured; the argument for monotonicity and for the exact-expectation identity is structural and does not depend on thread count, but I have not swept threads any and do not claim it), target features any (exact rational arithmetic, no instruction selection can move it).
127_dolan_attacking_the_convergence.md	the parametrisation is exact and definitional, no sweep needed beyond confirming the two endpoints and the midpoint algebraically, which is immediate from the definition of Q_U and the definitions of floor, ceil, and half_up already given in 125 section 1.
128_knuth_reply_the_boundary_moves_to_the_coupling.md	signedness any, F any, I any, grid infinite for the theorem and the swept windows named in 128_probes/ for the enumerations (negation-closed), rounding = the unbiased stochastic family, coupling ∈ {comonotone within cells: monotone on every realisation; any coupling with within-cell independence at interior fracs: monotone on no realisation-almost-surely, inversions with positive probability}, overflow = saturate for the composition clause, threads = 1 for the enumerations, threads any for the Fréchet and uniqueness arguments (properties of distributions, not executions).
128_knuth_reply_the_boundary_moves_to_the_coupling.md	fracs interior to (0, 1) with f_x < f_y for the within-cell clause, any cell pair for the cross-cell clause, coupling any point of the Fréchet interval (swept at 13 points per pair, 4 pairs), threads any (exact distribution arithmetic).
128_knuth_reply_the_boundary_moves_to_the_coupling.md	n ∈ 1..10 enumerated exactly and the closed forms proved by the enumeration matching them at every n, f = 1/3 swept (the closed forms are algebraic in f; other fracs not enumerated), coupling ∈ {comonotone, independent}, threads any (exact distribution arithmetic).
128_knuth_reply_the_boundary_moves_to_the_coupling.md	W ∈ {3} for the wrap sweeps and the five-cell window at E = 4 subquanta for monotonicity (243 tuples), signedness = unsigned for the wrap table sweep (the periodicity argument is signedness-free; only unsigned was enumerated), coupling = per-cell thresholds, threads = 1 for the enumerations.
128_knuth_reply_the_boundary_moves_to_the_coupling.md	the identification is definitional; enumerated at 8 tie and 435 non-tie points, E = 5, window [-7q, 7q], threads = 1.
129_wronski_reply_the_fork_is_decorrelation_not_determinism.md	the shared-threshold family (rounding = Q_U at a single global draw per pass), the independent-per-element family (rounding = stochastic, fresh draw per element), and the position-keyed deterministic family (rounding = ordered dither, threshold a function of position only), decorrelation measured as the count of distinct outputs for a repeated identical input across positions within one pass, monotonicity measured across a value-varying-with-position sequence within one pass, F any (the construction touches only whether x is off-grid), signedness any (untested beyond the swept negative point in Part A; no sign-dependence in the argument), threads = 1 (measured; the argument is structural and does not depend on thread count but threads any is not claimed).
130_dolan_reply_one_axis_two_keyings.md	the shared/global family (keyed on nothing), the per-cell-independent family (keyed on value/frac), and the per-element or position-keyed families (keyed on position), decorrelation measured both as summed-error variance for n same-frac elements (128's witness, closed form confirmed for n any above) and as distinct-output count for a repeated identical value across positions (129's witness, confirmed at 40 positions, one cell), the divergence between the value-keyed and position-keyed members confirmed on 129's own worst-case input (constant value, varying position), F any, signedness any (untested beyond what 128 and 129 each swept; no sign-dependence in the argument on either side), threads = 1 (measured; the argument is structural).
131_leroy_formalising_the_rounding_axis.md	F = 0 with operations in {add, sub, mul, min}, and F any with operations in {add, sub, min}; W any; signedness any; domain any, closed under negation or one-signed alike; rounding any, including every member of the stochastic family; overflow any; threads any; target features any.
131_leroy_formalising_the_rounding_axis.md	W any; F any; signedness any; domain closed under negation; rounding in {floor, ceil}; operations any; threads any; target features any.
131_leroy_formalising_the_rounding_axis.md	the composition claim, rounding in {floor, ceil, toward_zero}, F any, W any, signedness any, domain closed under negation, threads any, stated on an argument. For the failure, rounding in {half_up, half_even}, F_exact in {4, 5}, F_intermediate in {2, 3}, F_final in {1, 2}, domain = rationals over the swept window, threads = 1, measured at 16 to 32 mismatches of 129 points per row.
131_leroy_formalising_the_rounding_axis.md	the commutations, rounding in {floor, ceil, toward_zero, half_up, half_even} against saturation and rounding in {floor, ceil, half_up, half_even} against wrapping, W >= 1, F any, signedness any, domain closed under negation, threads any, stated on the equivariance argument. For the non-commutation, rounding = toward_zero, overflow = wrap, signedness = signed or unsigned with signed intermediates, threads = 1, measured with the witness 125 T7 names.
131_leroy_formalising_the_rounding_axis.md	W any, F any, signedness any, domain any, operation = mul, rounding any, overflow any (the claim is about quantisation; range effects belong to the overflow axis), threads any, stated on valuation additivity, with an exhaustive control at F in {0, 2, 3} and W <= 6.
131_leroy_formalising_the_rounding_axis.md	the uniqueness and the Fréchet impossibility, F any, W any, signedness any, domain closed under negation, rounding = the unbiased stochastic family, coupling = any point of the Fréchet interval, threads any, stated on distribution algebra with the linear system shown invertible at every cell resolution. For the variance law, n any at f = 1/3, coupling in {comonotone, independent}, stated on the scalar-multiple and independent-additivity identities with enumeration through n = 14. For the keying divergence, one input shape (a constant value at 40 positions, one cell), keying in {global, value, position}, F any, signedness any, threads = 1, measured.
131_leroy_formalising_the_rounding_axis.md	toolchain = the pinned nightly, edition 2021, crate type = library, #![no_std], feature gates = none, no float types, threshold = a golden-ratio sequence in Q32, positions 0 to 255, value = an exact tie, threads any, target features any.
132_leroy_the_canon_candidate_for_the_rounding_axis.md	W any; F any; signedness any; domain in {closed under negation, one-signed}, each claimed and proved separately; rounding = every deterministic member; operation = addition; threads any; target features any.
132_leroy_the_canon_candidate_for_the_rounding_axis.md	W any; F any; signedness any; domain closed under negation; rounding in the two adjoints; operations any; threads any. 
132_leroy_the_canon_candidate_for_the_rounding_axis.md	rounding in the nearest members; F_exact in {4, 5}; F_intermediate in {2, 3}; F_final in {1, 2}; domain = rationals over the swept window closed under negation; threads = 1. 
132_leroy_the_canon_candidate_for_the_rounding_axis.md	W >= 1; F any; signedness any; domain closed under negation; every deterministic member against saturation, and every translation-equivariant member against wrapping; threads any. 
132_leroy_the_canon_candidate_for_the_rounding_axis.md	rounding = toward-zero; range policy = wrapping; signedness = signed, or unsigned with signed intermediates; threads = 1. 
132_leroy_the_canon_candidate_for_the_rounding_axis.md	F = 0 with operations in {addition, subtraction, multiplication, order selection}, and F any with operations in {addition, subtraction, order selection}; W any; signedness any; domain any; rounding any, stochastic members included; range policy any; threads any; target features any. 
132_leroy_the_canon_candidate_for_the_rounding_axis.md	W any; F any; signedness any; domain any; operation = multiplication; rounding any; range policy any; threads any. 
132_leroy_the_canon_candidate_for_the_rounding_axis.md	F any; W any; signedness any; domain closed under negation; coupling = any point of the Fréchet interval; threads any. 
132_leroy_the_canon_candidate_for_the_rounding_axis.md	element count any; fraction = 1/3; coupling in {comonotone, independent}; threads any. 
132_leroy_the_canon_candidate_for_the_rounding_axis.md	keying in {none, value, position}; decorrelation measured both as summed-error variance for same-value elements and as distinct-output count for a repeated value across positions; F any; signedness any; input shape = one constant value at forty positions in one cell; threads = 1. 
132_leroy_the_canon_candidate_for_the_rounding_axis.md	toolchain = the pinned nightly; edition 2021; crate type = library; #![no_std]; feature gates = none; float types = none; threshold = a low-discrepancy sequence on the position; positions 0 to 255; threads any; target features any. 
136_leroy_the_candidate_revised_against_three_signatures.md	W any; F any; signedness any; domain in {closed under negation, one-signed}; rounding = every grid-fixing retraction; threads any; target features any. 
136_leroy_the_candidate_revised_against_three_signatures.md	W in {9}; F in {4}; signedness = signed; domain closed under negation; rounding in the five standard members; staged narrowing F_exact = 4, F_intermediate = 2, F_final = 0; threads = 1. 
136_leroy_the_candidate_revised_against_three_signatures.md	W any; F any; signedness any; domain any, one-signed included per 125 T8 at 125:287; rounding = every deterministic member; threads any. 
136_leroy_the_candidate_revised_against_three_signatures.md	W >= 1; F any; signedness any; domain closed under negation; every deterministic member against saturation, and every translation-equivariant member against wrapping; equality read in the quotient; threads any. 
136_leroy_the_candidate_revised_against_three_signatures.md	rounding = toward-zero; range policy = wrapping; signedness = signed, or unsigned with signed intermediates; domain: OPEN, and the clause claims nothing until it is stated; threads = 1. 
136_leroy_the_candidate_revised_against_three_signatures.md	F any; W any; signedness any; domain any, established by the construction reading only frac(x) and never the cell index, given a floor-based cell coordinate; coupling = any point of the Fréchet interval; threads any. 
136_leroy_the_candidate_revised_against_three_signatures.md	element count any; fraction = 1/3; coupling in {comonotone, independent}; domain any, same construction and same condition (136_probes/x2 P3); threads any; W, F and signedness: OPEN. 
136_leroy_the_candidate_revised_against_three_signatures.md	everything 132 5.8's predicate lists, unchanged, plus keying axis = one-dimensional (section 8), plus domain, W, F and signedness: OPEN.
136_leroy_the_candidate_revised_against_three_signatures.md	x4's extractor was wrong twice and then lied about it. Its dimension key pattern matched the in inside the word domain, so every domain dimension parsed as a key named doma and the sweep reported zero domain flags, a confident False on the exact question the probe existed to answer. That is a delimiter occurring in the content. Worse, the verdict block printed True for the control because I had written the literal rather than the variable, so the instrument reported itself sound while failing. Then the fixed version still missed a predicate, because the span pattern required the literal holds for: and 5.6's uniqueness predicate reads hold for: with a plural subject, so it found nine predicates where there are eleven, and the missing one was the single predicate 135's dissent is about. And the inheritance fingerprint compared only against the immediately preceding clause, which cannot flag 5.6, whose neighbour carries domain any while the inheritance comes from three clauses up.
137_arntzen_entailment_check_on_the_rounding_revision.md	136's x4 had four recorded defects, one of which made it miss a predicate, so its count is exactly the kind of thing to redo rather than accept. I extracted 132 section 5's predicates with my own pattern, deliberately looser than x4's (accepting hold for: as well as holds for:, any lead-in, span to the next blank line, so a plural subject cannot hide one).
137_arntzen_entailment_check_on_the_rounding_revision.md	the commutations, ... W >= 1, F any, signedness any,   domain closed under negation, threads any ... For the non-commutation, rounding = toward_zero,   overflow = wrap, signedness = ..., threads = 1" (131:169-173). The domain dimension lives in the   shared leading clause, and the non-commutation half relies on it by position. 132 split the two   halves into standalone predicates and the second half kept only what was written after "For the   non-commutation", losing the domain. - 131 R5 is the same shape at 131:203-209: a leading clause carrying domain closed under negation,   then "For the variance law, ..." and "For the keying divergence, ...". 132 split it three ways into   5.6's two predicates and 5.7's one, and the domain survived on the first only. - 131 R6 (131:221-223) genuinely carries no domain dimension, and 132 5.8 inherits that unchanged.   That is the only one of the four that propagated.
138_leroy_the_restoration_pass.md	rounding = toward-zero; range policy = wrapping; signedness = signed, or unsigned with signed intermediates; threads = 1. 
138_leroy_the_restoration_pass.md	element count any; fraction = 1/3; coupling in {comonotone, independent}; domain any, same construction and same condition (136_probes/x2 P3); threads any. 
138_leroy_the_restoration_pass.md	everything 132 5.8's predicate lists, unchanged, plus keying axis = one-dimensional (136 section 8).
139_muratori_the_strategy_set_derived_cold.md	numeral fixed-point of declared width W and fraction F,            W in {6, 8}, F in {0, 3, 4}, signedness in {unsigned, signed},            overflow in {wrap, saturating},            rounding in {truncate, nearest-even, floor},            intermediate in {exact, stepwise},            operations {add, subtract, multiply, multiply-chain-3, multiply-add},            arity in {2, 3}, chain length in {1, 2},            threads = 1,            target features = host (aarch64-apple-darwin, rustc 1.98.0-nightly 57d06900f) 
139_muratori_the_strategy_set_derived_cold.md	numeral fixed-point signed, W in {3, 5, 6, 7, 11}, F in {0, 2},            overflow = saturating, rounding = truncate,            bit offset in {0, 1, 7, 13, 59, 61} including word-straddling,            operations {add, subtract, multiply}, arity = 2,            threads = 1,            target features = host (aarch64-apple-darwin, rustc 1.98.0-nightly 57d06900f) 
139_muratori_the_strategy_set_derived_cold.md	numeral fixed-point, W in {8, 10}, F in {0, 3, 5, 7},            signedness in {unsigned, signed}, overflow = saturating,            rounding = truncate, operation = multiply, arity = 2,            threads = 1,            target features = host (aarch64-apple-darwin, rustc 1.98.0-nightly 57d06900f) 
139_muratori_the_strategy_set_derived_cold.md	numeral fixed-point unsigned, W = 6, F in {0, 1, 2, 3, 4, 5},            overflow in {wrap, saturating}, rounding = truncate,            operation = multiply-add, arity = 3, chain length = 2,            threads = 1,            target features = host (aarch64-apple-darwin, rustc 1.98.0-nightly 57d06900f)
139_muratori_the_strategy_set_derived_cold.md	numeral fixed-point signed, W = 6,            (overflow = wrap and F in {1, 2, 3, 4, 5})            or (overflow = saturating and F in {0, 1, 2, 3, 4, 5}),            rounding = truncate, operation = multiply-add, arity = 3,            chain length = 2, threads = 1,            target features = host (aarch64-apple-darwin, rustc 1.98.0-nightly 57d06900f) 
139_muratori_the_strategy_set_derived_cold.md	numeral fixed-point, W = 6, F in {0, 1, 2, 3, 4, 5},            signedness in {unsigned, signed}, overflow in {wrap, saturating},            rounding = truncate, operation = multiply-add, arity = 3,            chain length = 2, threads = 1,            target features = host (aarch64-apple-darwin, rustc 1.98.0-nightly 57d06900f) 
139_muratori_the_strategy_set_derived_cold.md	cost coordinates = 3 (time, code bytes, data bytes),            arms = 7 with the committed cost tables, selector = linear,            weight grid resolution = 1/400 on the 2-simplex,            targets = 2 (the committed synthetic cost tables),            threads = 1,            target features = host (aarch64-apple-darwin, rustc 1.98.0-nightly 57d06900f) 
139_muratori_the_strategy_set_derived_cold.md	strategy expressed as a trait with associated consts for the policy            and the weighting, selection by const comparison, arms marked            inline(never), consumer strategy declared outside the library module,            opt-level = 3, no gates beyond the stable language,            threads = 1,            target = aarch64-apple-darwin, rustc 1.98.0-nightly 57d06900f 
140_mcsherry_the_strategy_set_derived_cold.md	W = 4, F in {0,1,2}, signedness = unsigned, rounding any of {toward-zero, ties-even, ties-away, toward-neg-inf, toward-pos-inf}, overflow any of {wrap, saturate-both, saturate-high-only}, intermediate any of {round-each-step, exact-then-round-once}, operations = {add, sub, mul, ab+c, ab-c}, threads = 1 Established twice independently: 140_probes/p1_out.txt and 140_probes/p2_out.txt.
140_mcsherry_the_strategy_set_derived_cold.md	W = 4, F in {0,1,2}, signedness = unsigned, axes as F1, witness sets = {without ab-c} and {with ab-c}, threads = 1 15 classes to 24 by adding one operation. 140_probes/p1_out.txt.
140_mcsherry_the_strategy_set_derived_cold.md	W = 4, F in {0,1,2}, signedness = unsigned, axes as F1, containers = {packed, minimum-rung, double-rung} and the control {W-1 bits}, operations as F1, threads = 1 90 configurations to 24 classes; the control doubles it to 48. 140_probes/p3_out.txt.
140_mcsherry_the_strategy_set_derived_cold.md	arms = 3, costs in {1..6} distinct, baselines in {1,2,3,4,6,8,12}, arithmetic exhaustive Structural only. Prices nothing. 140_probes/p4_out.txt.
140_mcsherry_the_strategy_set_derived_cold.md	W = 4, F in {0,1,2}, signedness = unsigned, rounding any of the five swept, overflow any of the three swept, intermediate in {round-each-step, exact-then-round-once}, operations = {add, sub, mul, ab+c, ab-c}, container = packed, overflow limit read at the declared width, threads = 1
140_mcsherry_the_strategy_set_derived_cold.md	W = 4, F in {0,1,2}, signedness = unsigned, rounding any of the five swept, overflow any of the three swept, intermediate any of the two swept, containers = {packed, minimum-rung, double-rung}, limit read at {declared width, container width}, operations = {add, sub, mul, ab+c, ab-c}, threads = 1 140_probes/p6_out.txt.
141_lamport_the_strategy_set_attacked.md	numeral fixed-point, W = 4, F in {0, 1, 2},            signedness in {unsigned, signed},            rounding in {toward zero, floor}, overflow in {wrap, saturating},            storage container in {packed at W, minimum rung, double rung},            accumulator width = W,            overflow limit read at the declared width,            operations {add, subtract, multiply, multiply-add, two-term dot},            arity in {2, 3, 4}, chain length in {1, 2},            threads = 1,            target features = host (aarch64-apple-darwin, rustc 1.98.0-nightly 57d06900f) 
141_lamport_the_strategy_set_attacked.md	numeral fixed-point, W = 4, F in {0, 1, 2},            signedness in {unsigned, signed},            rounding in {toward zero, floor}, overflow in {wrap, saturating},            storage container in {packed at W, minimum rung, double rung},            accumulator width in {W, W + 2, 4W},            overflow limit read at the declared width,            operations {add, subtract, multiply, multiply-add, two-term dot},            arity in {2, 3, 4}, chain length in {1, 2},            threads = 1,            target features = host (aarch64-apple-darwin, rustc 1.98.0-nightly 57d06900f) 
141_lamport_the_strategy_set_attacked.md	reduction = wrapping, W in {4, 5, 6},            signedness in {unsigned, signed},            x swept over four times the declared range on both sides,            c swept over the whole declared range,            operation = one addition after one reduction, arity = 2,            threads = 1,            target features = host (aarch64-apple-darwin, rustc 1.98.0-nightly 57d06900f) 
141_lamport_the_strategy_set_attacked.md	numeral fixed-point, W = 6, F in {0, 1, 2, 3, 4, 5},            signedness in {unsigned, signed}, overflow in {wrap, saturating},            rounding in {truncate toward zero, floor},            the two arms applying the same fractional shift,            operation = multiply-add, arity = 3, chain length = 2,            threads = 1,            target features = host (aarch64-apple-darwin, rustc 1.98.0-nightly 57d06900f) 
141_lamport_the_strategy_set_attacked.md	numeral fixed-point signed, W = 6, F in {0, 1, 2, 3, 4, 5},            overflow = wrap, rounding in {truncate toward zero, floor},            operation = multiply-add, arity = 3, chain length = 2,            threads = 1,            target features = host (aarch64-apple-darwin, rustc 1.98.0-nightly 57d06900f) 
141_lamport_the_strategy_set_attacked.md	numeral fixed-point signed, W = 6, F in {0, 3, 5},            overflow = saturating, rounding = floor,            slack in {0, the minimum admitting fusion},            operation = multiply-add, arity = 3, chain length = 2,            threads = 1,            target features = host (aarch64-apple-darwin, rustc 1.98.0-nightly 57d06900f) 
141_lamport_the_strategy_set_attacked.md	numeral fixed-point, W = 6, F in {0, 1, 2, 3, 4, 5},            signedness in {unsigned, signed}, overflow in {wrap, saturating},            rounding = floor,            intermediate in {round and reduce each step, hold and reduce once},            operation = multiply-add, arity = 3, chain length = 2,            threads = 1,            target features = host (aarch64-apple-darwin, rustc 1.98.0-nightly 57d06900f) 
141_lamport_the_strategy_set_attacked.md	assignments = rounding {toward zero, floor} x overflow {wrap, saturating}              x intermediate {stepwise, exact},            W in {3, 4}, F in {0, 1, 2}, signedness in {unsigned, signed},            witness sets = all 31 non-empty subsets of              {add, subtract, multiply, multiply-add, multiply-subtract},            threads = 1,            target features = host (aarch64-apple-darwin, rustc 1.98.0-nightly 57d06900f) 
141_lamport_the_strategy_set_attacked.md	assignments = rounding {toward zero, floor} x overflow {wrap, saturating}              x intermediate {stepwise, exact},            W in {3, 4, 5, 6}, F in {0, 1, 2}, signedness in {unsigned, signed},            witness sets = all 31 non-empty subsets as in F8,            and separately with a width-sensitive overflow position added,            threads = 1,            target features = host (aarch64-apple-darwin, rustc 1.98.0-nightly 57d06900f) 
142_muratori_reply_the_repair_was_dead_on_arrival.md	numeral fixed-point, W in {4, 6}, F in {0..W-1},            signedness in {unsigned, signed}, overflow in {wrap, saturating},            rounding = truncate toward zero,            operation = multiply-add, arity = 3, chain length = 2,            container width = declared width,            threads = 1,            target features = host (aarch64-apple-darwin, rustc 1.98.0-nightly 57d06900f) 
142_muratori_reply_the_repair_was_dead_on_arrival.md	rounding in {floor, ceiling, toward zero, away from zero,              nearest-half-up, nearest-half-even},            F in {1, 2, 3, 4, 5}, numerator in [-256, 256], integer shift in [-32, 32],            threads = 1,            target features = host (aarch64-apple-darwin, rustc 1.98.0-nightly 57d06900f) 
142_muratori_reply_the_repair_was_dead_on_arrival.md	numeral fixed-point signed, W = 6, F in {0, 1, 2, 3, 4, 5},            overflow = wrap, rounding as in F142-2,            operation = multiply-add, arity = 3, chain length = 2,            container width = declared width,            threads = 1,            target features = host (aarch64-apple-darwin, rustc 1.98.0-nightly 57d06900f) 
142_muratori_reply_the_repair_was_dead_on_arrival.md	numeral fixed-point, W = 6, F in {0, 1, 2, 3, 4, 5},            signedness in {unsigned, signed}, overflow in {wrap, saturating},            rounding in {truncate toward zero, floor},            operation = multiply, arity = 2,            container width = declared width,            threads = 1,            target features = host (aarch64-apple-darwin, rustc 1.98.0-nightly 57d06900f) 
142_muratori_reply_the_repair_was_dead_on_arrival.md	numeral fixed-point, W = 4, accumulator width in {W, W+1, W+2, 2W},            signedness in {unsigned, signed}, overflow in {wrap, saturating},            fold length n in {1, 2, 3, 4}, operation = sum fold,            reduction at the accumulator width per step and at the declared width once at the end,            domain = every sequence over the declared range,            threads = 1,            target features = host (aarch64-apple-darwin, rustc 1.98.0-nightly 57d06900f) 
142_muratori_reply_the_repair_was_dead_on_arrival.md	numeral fixed-point signed, W = 4, F = 1, overflow = saturating,            accumulator width in {W, W+1, W+2, 2W},            fold length n = 3, operation = multiply-accumulate fold,            multiplier schedules {[1,-1,2], [2,-1,1]},            rounding = floor,            domain = every sequence over the declared range,            threads = 1,            target features = host (aarch64-apple-darwin, rustc 1.98.0-nightly 57d06900f) 
143_mcsherry_reply_the_scope_the_wording_and_one_claim_i_keep.md	numeral fixed-point, W = 4, F in {0, 1, 2}, signedness = unsigned,            assignments = rounding {toward zero, ties even, ties away, toward -inf, toward +inf}              x overflow {wrap, saturate both, saturate high only}              x intermediate {round each step, exact then round once},            witness sets = all 31 non-empty subsets of              {add, subtract, multiply, ab+c, ab-c},            container width = declared width,            overflow limit read at the declared width,            accumulator width = unbounded,            threads = 1,            target features = host (aarch64-apple-darwin, rustc 1.98.0-nightly 57d06900f) 
143_mcsherry_reply_the_scope_the_wording_and_one_claim_i_keep.md	numeral fixed-point, W = 4, F in {0, 1, 2},            signedness in {unsigned, signed}, overflow in {wrap, saturate},            rounding = toward zero,            accumulator width in {W, W + 2, W + 4} and the control {W - 1},            policy applied at every accumulation step at the accumulator width,            narrowing to the declared width once at the end,            kernels {running sum, dot against a fixed coefficient, alternating sum},            slice length = 3, inputs exhaustive over all slices,            container width = declared width,            threads = 1,            target features = host (aarch64-apple-darwin, rustc 1.98.0-nightly 57d06900f) 
143_mcsherry_reply_the_scope_the_wording_and_one_claim_i_keep.md	the rows of 140_probes/p1_out.txt, namely            numeral fixed-point, W in {4, 6, 8}, F in {0, 1, 2, 3}, signedness = unsigned,            assignments = rounding {5 positions} x overflow {3 positions} x intermediate {2 positions},            operations {add, subtract, multiply, ab+c, ab-c},            container width = declared width,            overflow limit read at the declared width,            accumulator width = unbounded,            threads = 1,            target features = host (aarch64-apple-darwin, rustc 1.98.0-nightly 57d06900f) 
143_mcsherry_reply_the_scope_the_wording_and_one_claim_i_keep.md	numeral fixed-point, W = 4, F in {0, 1, 2}, signedness = unsigned,            assignment sets = {rounding x overflow x intermediate} and {rounding x overflow},            operations {add, subtract, multiply, ab+c, ab-c},            container width = declared width,            overflow limit read at the declared width,            accumulator width = unbounded,            threads = 1,            target features = host (aarch64-apple-darwin, rustc 1.98.0-nightly 57d06900f) 
144_fog_the_weighting_half_measured.md	the two committed cost tables in 139_probes/p4_weight_cells.rs,            cost coordinates = 3, arms = 7, selector = linear,            weight grid resolution in {1/400, 1/60} on the 2-simplex,            arithmetic in {IEEE binary64, exact rational},            threads = 1,            target features = host (aarch64-apple-darwin, rustc 1.98.0-nightly 57d06900f) 
144_fog_the_weighting_half_measured.md	arms = 3 at costs (0,10), (10,0), (6,6) and the control (4,4),            cost coordinates = 2, selector = linear,            decision procedure = exact vertex enumeration over rationals,            threads = 1,            target features = host (aarch64-apple-darwin, rustc 1.98.0-nightly 57d06900f) 
144_fog_the_weighting_half_measured.md	the two committed cost tables in 139_probes/p4_weight_cells.rs,            cost coordinates = 3, arms in {6, 7}, selector = linear,            tie-breaking = lowest index, weight grid resolution = 1/400,            threads = 1,            target features = host (aarch64-apple-darwin, rustc 1.98.0-nightly 57d06900f) 
144_fog_the_weighting_half_measured.md	arms = 4, cost coordinates in {2, 3} with the third constant across arms,            selector = linear, decision procedure = exact vertex enumeration,            threads = 1,            target features = host (aarch64-apple-darwin, rustc 1.98.0-nightly 57d06900f) 
144_fog_the_weighting_half_measured.md	cost tables drawn uniformly from integers 1..20,            arms in {4, 6, 8}, cost coordinates in {2, 3, 4},            120 tables per cell, no exact duplicate arms,            selector = linear, decision procedure = exact vertex enumeration,            threads = 1,            target features = host (aarch64-apple-darwin, rustc 1.98.0-nightly 57d06900f) 
144_fog_the_weighting_half_measured.md	cost tables drawn uniformly from integers 1..20,            arms in {4, 6, 8}, cost coordinates in {2, 3, 4},            reference point = componentwise minimum minus one,            certificate weight proportional to the reciprocal deviation,            threads = 1,            target features = host (aarch64-apple-darwin, rustc 1.98.0-nightly 57d06900f) 
144_fog_the_weighting_half_measured.md	selector in {linear, weighted Chebyshev}, arms = 3, cost coordinates = 2,            integer weights and integer reference point, selection by associated const,            dispatch inline(always), arms inline(never),            opt-level = 3, no feature gates beyond the stable language,            threads = 1,            target = aarch64-apple-darwin, rustc 1.98.0-nightly 57d06900f 
144_fog_the_weighting_half_measured.md	arms = 2 with one dominating the other, cost coordinates = 2,            augmentation coefficient = 1/1000, weight grid resolution = 1/40,            threads = 1,            target features = host (aarch64-apple-darwin, rustc 1.98.0-nightly 57d06900f) 
144_fog_the_weighting_half_measured.md	cost tables drawn uniformly from integers 1..60,            arms in {5..9}, cost coordinates = 3,            150 tables containing at least one unreachable non-dominated arm,            gap measured at the unreachable arm's own certificate weight,            threads = 1,            target features = host (aarch64-apple-darwin, rustc 1.98.0-nightly 57d06900f) 
144_fog_the_weighting_half_measured.md	cost tables drawn uniformly from integers 1..60,            arms = 7, cost coordinates = 3, 200 independent target pairs,            selector = linear, weight grid resolution = 1/40,            threads = 1,            target features = host (aarch64-apple-darwin, rustc 1.98.0-nightly 57d06900f) 
144_fog_the_weighting_half_measured.md	cost tables drawn uniformly from integers 1..60,            arms = 7, cost coordinates = 3, 200 independent target pairs,            selector = linear, weight grid resolution = 1/40 sampled every seventh point,            threads = 1,            target features = host (aarch64-apple-darwin, rustc 1.98.0-nightly 57d06900f) 
144_fog_the_weighting_half_measured.md	cost tables drawn uniformly from integers 1..60,            arms = 7, cost coordinates = 3,            rescale factors drawn uniformly from integers 1..8,            100 pairs per arm, selector in {linear, weighted Chebyshev},            weight grid resolution in {1/40, 1/30},            threads = 1,            target features = host (aarch64-apple-darwin, rustc 1.98.0-nightly 57d06900f) 
144_fog_the_weighting_half_measured.md	cost tables drawn uniformly from integers 1..60,            arms = 7, cost coordinates = 3, baseline arm drawn uniformly,            34440 (arm set, weight) cases, selector = linear,            weight grid resolution = 1/40 sampled every third point,            threads = 1,            target features = host (aarch64-apple-darwin, rustc 1.98.0-nightly 57d06900f) 
144_fog_the_weighting_half_measured.md	cost tables drawn uniformly from integers 1..60,            arms = 5, cost coordinates = 3, each arm's baseline drawn independently,            20760 cases, selector = linear, weight grid resolution = 1/40 sampled every fifth point,            threads = 1,            target features = host (aarch64-apple-darwin, rustc 1.98.0-nightly 57d06900f) 
144_fog_the_weighting_half_measured.md	numeral fixed-point signed, W = 6, F in {0, 3},            overflow = saturating, rounding = truncate toward zero,            conforming pair = two routes to one multiply,            non-conforming pair = fused and stepwise multiply-add,            operations {multiply, multiply-add}, arity in {2, 3}, chain length in {1, 2},            container width = declared width,            cost coordinates = 3 with two committed synthetic tables,            selector = linear, weight grid resolution = 1/24,            inputs exhaustive over the declared range,            threads = 1,            target features = host (aarch64-apple-darwin, rustc 1.98.0-nightly 57d06900f) 
144_fog_the_weighting_half_measured.md	numeral fixed-point, W = 4, F in {0, 1, 2},            signedness in {unsigned, signed},            assignments = rounding {toward zero, floor}              x overflow {wrap, saturate both, saturate high only}              x intermediate {stepwise, exact}              x a dead axis with two identical positions,            observation sets = {add, sub, mul}, {madd}, {mul, madd},              {add, sub, mul, madd, msub},            inputs exhaustive over the declared range,            container width = declared width,            overflow limit read at the declared width,            accumulator width = unbounded,            threads = 1,            target features = host (aarch64-apple-darwin, rustc 1.98.0-nightly 57d06900f) 
144_fog_the_weighting_half_measured.md	cost tables drawn uniformly from integers 1..60,            arms in {8, 16, 24}, cost coordinates in {1, 2, 3, 4, 5},            20 tables per cell, no exact duplicate arms,            selector = linear, decision procedure = exact phase-one separation,            threads = 1,            target features = host (aarch64-apple-darwin, rustc 1.98.0-nightly 57d06900f) 
144_fog_the_weighting_half_measured.md	the committed CSVs under mock/benches/ as of this file,            35 bench families with at least 3 size points and at least 4 variants,            cost vector = median algo_ns per size point,            cost coordinates = the family's size points, 3 to 12,            arms = the family's variants, 4 to 9,            selector = linear,            gate = every deciding gap above the larger of the two arms' half-IQR,              and unreachability retested at the optimistic band edge,            threads as the harness ran them,            target features = host (aarch64-apple-darwin) 
144_fog_the_weighting_half_measured.md	the committed CSVs under mock/benches/ as of this file,            24 families whose smallest-size and largest-size winners differ on the medians,            cost vector = median algo_ns per size point,            gate = both deciding gaps above the larger of the two arms' half-IQR,            threads as the harness ran them,            target features = host (aarch64-apple-darwin) 
145_leroy_formalising_the_strategy_object.md	W = 6; F in {0, 1, 2, 3, 4, 5}; signedness = unsigned; overflow in {wrap, saturating}; rounding in {floor, ceiling, toward zero, away from zero, nearest-half-up, nearest-half-even}; operation = multiply-add; arity = 3; chain length = 2; container width = declared width; threads = 1; target features = host (aarch64-apple-darwin, rustc 1.98.0-nightly 57d06900f).
145_leroy_formalising_the_strategy_object.md	W = 6; F in {0, 1, 2, 3, 4, 5}; signedness = signed; overflow = wrap; rounding in {floor, ceiling, nearest-half-up}; operation = multiply-add; arity = 3; chain length = 2; container width = declared width; threads = 1; target features = host.
145_leroy_formalising_the_strategy_object.md	W in {4, 6}; F in {0 .. W-1}; signedness in {unsigned, signed}; overflow in {wrap, saturating}; rounding = truncate toward zero; operation = multiply-add; arity = 3; chain length = 2; container width = declared width; threads = 1; target features = host.
145_leroy_formalising_the_strategy_object.md	W = 4; F in {0, 1, 2}; operations in {add, subtract, multiply}; overflow in {wrap, saturating}; rounding in {toward zero, floor}; overflow limit read at the declared width; threads = 1.
145_leroy_formalising_the_strategy_object.md	W = 4; F in {0, 1, 2}; signedness in {unsigned, signed}; overflow in {wrap, saturating}; rounding in {toward zero, floor}; accumulator width varied above the declared width; threads = 1; target features = host.
145_leroy_formalising_the_strategy_object.md	cost tables drawn uniformly from integers 1..20; arms in {4, 6, 8}; cost coordinates in {2, 3, 4}; 120 tables per cell; no exact duplicate arms; decision procedure = exact vertex enumeration; threads = 1; target features = host.
145_leroy_formalising_the_strategy_object.md	the same table population; reference point = componentwise minimum minus one; certificate weight proportional to the reciprocal deviation; augmentation coefficient = 1/1000; threads = 1; target features = host.
145_leroy_formalising_the_strategy_object.md	selector in {linear, weighted Chebyshev}; arms = 3; cost coordinates = 2; integer weights and integer reference point; selection by associated const; dispatch inline(always); arms inline(never); opt-level = 3; no feature gates beyond the stable language; threads = 1; target = aarch64-apple-darwin, rustc 1.98.0-nightly 57d06900f.
145_leroy_formalising_the_strategy_object.md	cost coordinates any; arms any; weights any positive; baseline any arm with positive weighted cost; threads = 1.
145_leroy_formalising_the_strategy_object.md	cost coordinates = 3; arms = 7; cost tables drawn uniformly from integers 1..60; weight grid resolution = 1/12 on the 2-simplex; baseline any arm with positive coordinates; threads = 1; target features = host.
145_leroy_formalising_the_strategy_object.md	baseline uniform across coordinates, and fails for every non-uniform baseline tried; cost coordinates = 3; arms = 7; threads = 1.
145_leroy_formalising_the_strategy_object.md	W = 4; F in {0, 1, 2}; signedness in {unsigned, signed}; assignment set = rounding {floor, toward zero} x overflow {wrap, saturating} x intermediate {stepwise, exact}; arm set = {fused by widening, fused by partial products, stepwise by shift, stepwise by partial products} and a control arm rounding off the axis; operation = multiply-add; arity = 3; inputs exhaustive over the declared range; container width = declared width; threads = 1; target features = host.
145_leroy_formalising_the_strategy_object.md	W = 6; F in {0, 3}; signedness = signed; overflow = saturating; rounding = truncate toward zero; cost coordinates = 3 with two committed synthetic tables; selector = linear; weight grid resolution = 1/24; inputs exhaustive over the declared range; container width = declared width; threads = 1; target features = host. (144 F144-15.)
146_leroy_the_canon_candidate_for_the_strategy_object.md	the assignment set of rounding, overflow and intermediate positions as swept in this topic; threads = 1. 
146_leroy_the_canon_candidate_for_the_strategy_object.md	W = 4; F in {0, 1, 2}; signedness in {unsigned, signed}; assignment set = rounding {floor, toward zero} x overflow {wrap, saturate both, saturate high only} x intermediate {stepwise, exact}; observation sets = every subset of {add, subtract, multiply, multiply-add, multiply-subtract}; inputs exhaustive over the declared range; container width = declared width; overflow limit read at the declared width; threads = 1; target features = host (aarch64-apple-darwin, rustc 1.98.0-nightly 57d06900f).
146_leroy_the_canon_candidate_for_the_strategy_object.md	assignment sets and observation sets as in 5.2, plus 141's and 143's own axis sets; W in {3, 4}; F in {0, 1, 2}; signedness in {unsigned, signed}; threads = 1; target features = host. 
146_leroy_the_canon_candidate_for_the_strategy_object.md	W = 4; F in {0, 1, 2}; signedness in {unsigned, signed}; assignments = rounding {toward zero, floor} x overflow {wrap, saturate both, saturate high only} x intermediate {stepwise, exact} x a dead axis with two identical positions; observation sets = {add, sub, mul}, {madd}, {mul, madd}, {add, sub, mul, madd, msub}; inputs exhaustive; container width = declared width; overflow limit read at the declared width; accumulator width = unbounded; threads = 1; target features = host. 
146_leroy_the_canon_candidate_for_the_strategy_object.md	the same assignment set at W = 4; F in {0, 1, 2}; signedness in {unsigned, signed}; observation sets = six nested subsets of the five operations; threads = 1; target features = host. 
146_leroy_the_canon_candidate_for_the_strategy_object.md	numeral fixed-point signed; W = 6; F in {0, 3}; overflow = saturating; rounding = truncate toward zero; conforming pair = two routes to one multiply; non-conforming pair = fused and stepwise multiply-add; cost coordinates = 3 with two committed synthetic tables; selector = linear; weight grid resolution = 1/24; inputs exhaustive over the declared range; container width = declared width; threads = 1; target features = host. 
146_leroy_the_canon_candidate_for_the_strategy_object.md	W = 4; F in {0, 1, 2}; signedness in {unsigned, signed}; assignment set = rounding {floor, toward zero} x overflow {wrap, saturating} x intermediate {stepwise, exact}; arm set = {fused by widening, fused by partial products, stepwise by shift, stepwise by partial products} and a control arm rounding off the axis; operation = multiply-add; arity = 3; inputs exhaustive; container width = declared width; threads = 1; target features = host. 
146_leroy_the_canon_candidate_for_the_strategy_object.md	W = 6; F in {0, 1, 2, 3, 4, 5}; signedness = unsigned; overflow in {wrap, saturating}; rounding in {floor, ceiling, toward zero, away from zero, nearest-half-up, nearest-half-even}; operation = multiply-add; arity = 3; chain length = 2; container width = declared width; threads = 1; target features = host.
146_leroy_the_canon_candidate_for_the_strategy_object.md	W = 6; F in {0, 1, 2, 3, 4, 5}; signedness = signed; overflow = wrap; rounding in {floor, ceiling, nearest-half-up}; operation = multiply-add; arity = 3; chain length = 2; container width = declared width; threads = 1; target features = host. 
146_leroy_the_canon_candidate_for_the_strategy_object.md	W in {4, 6}; F in {0 .. W-1}; signedness in {unsigned, signed}; overflow in {wrap, saturating}; rounding = truncate toward zero; operation = multiply-add; arity = 3; chain length = 2; container width = declared width; threads = 1; target features = host. 
146_leroy_the_canon_candidate_for_the_strategy_object.md	W = 4; F in {0, 1, 2}; operations in {add, subtract, multiply}; overflow in {wrap, saturating}; rounding in {toward zero, floor}; overflow limit read at the declared width; threads = 1. 
146_leroy_the_canon_candidate_for_the_strategy_object.md	W = 4; F in {0, 1, 2}; signedness in {unsigned, signed}; overflow in {wrap, saturating}; rounding in {toward zero, floor}; accumulator width varied above the declared width; threads = 1; target features = host. 
146_leroy_the_canon_candidate_for_the_strategy_object.md	signedness = signed; W = 4; F = 1; overflow = saturating; accumulator width in {W, W+1, W+2, 2W}; fold length = 3; operation = multiply-accumulate fold; multiplier schedules {[1,-1,2], [2,-1,1]}; rounding = floor; domain = every sequence over the declared range; threads = 1; target features = host. 
146_leroy_the_canon_candidate_for_the_strategy_object.md	cost tables drawn uniformly from integers 1..20; arms in {4, 6, 8}; cost coordinates in {2, 3, 4}; 120 tables per cell; no exact duplicate arms; decision procedure = exact vertex enumeration over rationals; threads = 1; target features = host. 
146_leroy_the_canon_candidate_for_the_strategy_object.md	the same population; reference point = componentwise minimum minus one; certificate weight proportional to the reciprocal deviation; augmentation coefficient = 1/1000; threads = 1; target features = host. 
146_leroy_the_canon_candidate_for_the_strategy_object.md	arms = 4; cost coordinates in {2, 3} with the third constant across arms; selector = linear; decision procedure = exact vertex enumeration; threads = 1; target features = host. 
146_leroy_the_canon_candidate_for_the_strategy_object.md	cost tables drawn uniformly from integers 1..60; arms = 7; cost coordinates = 3; 200 independent target pairs; selector = linear; weight grid resolution = 1/40 sampled every seventh point; threads = 1; target features = host. 
146_leroy_the_canon_candidate_for_the_strategy_object.md	cost coordinates any; arms any; weights any positive; baseline any arm with positive weighted cost; threads = 1. 
146_leroy_the_canon_candidate_for_the_strategy_object.md	cost coordinates = 3; arms = 7; cost tables drawn uniformly from integers 1..60; weight grid resolution = 1/12 on the 2-simplex; baseline any arm with positive coordinates; threads = 1; target features = host. 
146_leroy_the_canon_candidate_for_the_strategy_object.md	baseline uniform across coordinates; cost coordinates = 3; arms = 7; threads = 1. 
147_muratori_signature_in_part_one_clause_is_false.md	W = 4; F in {0, 1, 2}; signedness in {unsigned, signed}; overflow in {wrap, saturating}; rounding in {toward zero, floor}; accumulator width varied above the declared width; threads = 1; target features = host. 
147_muratori_signature_in_part_one_clause_is_false.md	numeral fixed-point, W = 4, accumulator width in {W, W+1, W+2, 2W},            signedness in {unsigned, signed}, overflow in {wrap, saturating},            fold length n in {1, 2, 3, 4}, operation = sum fold, ... 
147_muratori_signature_in_part_one_clause_is_false.md	numeral fixed-point unsigned, W = 6, F in {0, 1, 2, 3, 4, 5},            overflow in {wrap, saturating},            rounding in {floor, ceiling, toward zero, away from zero,                         nearest-half-up, nearest-half-even},            operation = multiply-add, arity = 3, chain length = 2,            container width = declared width, inputs exhaustive over the declared range,            threads = 1,            target features = host (aarch64-apple-darwin, rustc 1.98.0-nightly 57d06900f) 
147_muratori_signature_in_part_one_clause_is_false.md	numeral fixed-point unsigned, W = 6, F in {0, 1, 2, 3, 4, 5},            overflow in {wrap, saturate one-sided, saturate two-sided with the low bound at 8 of 0..63},            rounding = floor,            operation = multiply-add, arity = 3, chain length = 2,            container width = declared width, inputs exhaustive over the declared range,            threads = 1,            target features = host (aarch64-apple-darwin, rustc 1.98.0-nightly 57d06900f) 
149_lamport_signature_in_part_on_the_strategy_object.md	W = 6; F in {0, 1, 2, 3, 4, 5}; signedness = unsigned; overflow in {wrap, saturating}; rounding in {floor, ceiling, toward zero, away from zero, nearest-half-up, nearest-half-even}; ...
149_lamport_signature_in_part_on_the_strategy_object.md	numeral fixed-point, W = 6, F in {0, 1, 2, 3, 4, 5},            signedness in {unsigned, signed}, overflow = wrap,            rounding in {floor, ceiling, toward zero, away from zero,              nearest-half-up, nearest-half-even},            operation = multiply-add, arity = 3, chain length = 2,            container width = declared width,            threads = 1,            target features = host (aarch64-apple-darwin, rustc 1.98.0-nightly 57d06900f) 
149_lamport_signature_in_part_on_the_strategy_object.md	numeral fixed-point, W = 6, F in {0, 1, 2, 3, 4, 5},            signedness = unsigned, overflow in {wrap, saturating},            rounding in {floor, ceiling, toward zero, away from zero,              nearest-half-up, nearest-half-even},            operation = multiply-add, arity = 3, chain length = 2,            container width = declared width,            threads = 1,            target features = host (aarch64-apple-darwin, rustc 1.98.0-nightly 57d06900f) 
149_lamport_signature_in_part_on_the_strategy_object.md	numeral fixed-point, W = 4, F in {0, 1},            signedness in {unsigned, signed}, overflow in {wrap, saturating},            accumulator width in {W, W + 2}, fold length = 3,            operations {multiply-add, sum fold},            arity in {3}, chain length in {1, 2, 3},            container width = declared width,            threads = 1,            target features = host (aarch64-apple-darwin, rustc 1.98.0-nightly 57d06900f) 
149_lamport_signature_in_part_on_the_strategy_object.md	numeral fixed-point, W = 6, F in {0, 1, 2, 3, 4, 5},            signedness in {unsigned, signed}, overflow in {wrap, saturating},            rounding in {truncate toward zero, floor},            operation = multiply, arity = 2,            container width = declared width,            threads = 1,            target features = host (aarch64-apple-darwin, rustc 1.98.0-nightly 57d06900f) 
150_fog_signature_in_part_on_the_strategy_object.md	cost tables drawn uniformly from integers 1..60,            arms = 7, cost coordinates = 3,            rescale factors drawn uniformly from integers 1..8,            40 shared draws across all four cells, selector = linear,            weight grid resolution = 1/12 on the 2-simplex,            units in {absolute, baseline-relative},            baseline provenance in {fixed once, re-measured per target},            threads = 1,            target features = host (aarch64-apple-darwin, rustc 1.98.0-nightly 57d06900f) 
150_fog_signature_in_part_on_the_strategy_object.md	cost tables drawn uniformly from integers 1..60,            arms = 7, cost coordinates = 3, baseline drawn uniformly among the arms,            weight grid resolution = 1/12 on the 2-simplex,            threads = 1,            target features = host 
150_fog_signature_in_part_on_the_strategy_object.md	the committed CSVs under mock/benches/ as of this file,            35 bench families with at least 3 size points and at least 4 shared variants,            cost vector = median algo_ns per size point,            gate multiplier k in {0, 0.05, 0.1, 0.25, 0.5, 1.0, 2.0} on the interquartile range,            non-dominance readings in {earned, escaped-conservative, escaped-symmetric},            threads as the harness ran them,            target features = host (aarch64-apple-darwin) 
150_fog_signature_in_part_on_the_strategy_object.md	as F150-3, at k = 0.5 
150_fog_signature_in_part_on_the_strategy_object.md	as F150-3, at k = 0.5,            unreachability test = not strictly selectable on the medians and not              selectable at the optimistic half-band edge,            decision procedure = exact phase-one separation over rationals 
150_fog_signature_in_part_on_the_strategy_object.md	numeral fixed-point, W = 6, F in {0, 1, 2, 3},            signedness in {unsigned, signed}, overflow in {wrap, saturating},            rounding in {floor, truncate toward zero},            arms = {fused by widening, fused by partial products,                    stepwise by shift, stepwise by partial products},            operation = multiply-add, arity = 3, chain length = 2,            inputs exhaustive over the declared range,            container width = declared width,            threads = 1,            target features = host 
150_fog_signature_in_part_on_the_strategy_object.md	the rows of 144_probes/p7_out.txt, namely            numeral fixed-point, W = 4, F in {0, 1, 2}, signedness in {unsigned, signed},            assignments = rounding {toward zero, floor}              x overflow {wrap, saturate both, saturate high only}              x intermediate {stepwise, exact} x a dead axis,            observation sets = {add, sub, mul}, {madd}, {mul, madd},              {add, sub, mul, madd, msub},            container width = declared width,            overflow limit read at the declared width,            accumulator width = unbounded,            threads = 1,            target features = host 
150_fog_signature_in_part_on_the_strategy_object.md	arms = 3 at costs (0,10), (10,0), (6,6) and their three-coordinate embedding              with a third coordinate identically zero,            selector = linear, decision procedure = exact vertex enumeration over rationals,            threads = 1,            target features = host 
151_leroy_the_candidate_revised_against_four_signatures.md	W = 6; F in {0, 1, 2, 3, 4, 5}; signedness in {unsigned, signed}; overflow in {wrap, saturating}; rounding in {floor, ceiling, toward zero, away from zero, nearest-half-up, nearest-half-even}; operation = multiply-add; arity = 3; chain length = 2; container width = declared width; inputs exhaustive over the declared range; threads = 1; target features = host (aarch64-apple-darwin, rustc 1.98.0-nightly 57d06900f). 
151_leroy_the_candidate_revised_against_four_signatures.md	W = 4; F in {0, 1}; signedness in {unsigned, signed}; overflow in {wrap, saturating}; accumulator width in {W, W + 2}; fold length = 3; operations {multiply-add, sum fold}; arity = 3; chain length in {1, 2, 3}; container width = declared width; threads = 1; target features = host. 
154_kiselyov_the_primitive_derived_cold.md	holds for: this derivation is over the intents rather than over a measurement, and the measurement supporting its middle step holds for W in {13, 47}, container = u64, arity 1, target features = baseline aarch64-apple-darwin, opt-level = 3, threads = 1, F = 0.
157_lamport_the_primitive_attacked.md	holds for: the timing figures hold at profile = release, threads = 1 and default, host = aarch64-apple-darwin four performance cores, crate = bitpack-write-contend-shared, toolchain = the committed pin. The source readings hold at commit = db6710b1.
160_leroy_formalising_the_primitive.md	W = 13, carrier in {u16 sole-occupant, u64 shared}, offset in {0, 13}, F = 0, signedness = unsigned, toolchain = nightly-2026-05-28, edition 2021, opt-level = 3, threads = 1 for the run; the compile-time refusal is what rustc accepts and carries threads any on that argument; target features any for the size_of facts (sizes are ABI, not instruction selection). The discriminator itself is an argument over the language's addressing model, holding wherever allocations are byte-addressed; the probe is its instance at one width. Evidence: 160_probes/p2_lens_degeneracy/.
160_leroy_formalising_the_primitive.md	model W = 6 for the direction count (exhaustive over the extents), W in 1..=64 for the closed-form witness (the whole domain of the u64 model; Q65's third state, and I use the reading "exhaustive over the container's domain" rather than any), F = 0, signedness = unsigned, overflow policy in {sat, wrap}, refinement = one-sided [0, b], operation = add, arity = 2, term depth = 1 for the commuting check, toolchain = nightly-2026-05-28, edition 2021; the verdicts are what rustc accepts and carry threads any and target features any on the exact-arithmetic argument. Evidence: 160_probes/p1_two_branch_certificate/. The conflation half is structural (shared R admits no witness, argument); the classification half is the sweep.
160_leroy_formalising_the_primitive.md	W = 13, N = 64 elements, container = [u64], declared bound one-sided [0, b] with b in {100, 200}, F = 0, signedness = unsigned, toolchain = nightly-2026-05-28, edition 2021, opt-level = 3, target = aarch64-apple-darwin host default, threads = 1 for the run; the refusal is what rustc accepts and carries threads any on that argument. Evidence: 160_probes/p3_packed_weakening/.
167_rompf_the_chain_derived_cold.md	profile = release, threads = 1 for bitpack-write-contend-shared and default for the other twelve, host = this machine, toolchain = the committed pin
167_rompf_the_chain_derived_cold.md	F = 12, I = 3 including sign, n in {1 .. 2^20}, operands uniform in [-4,4), signedness = signed, rounding in {floor, nearest}, threads = 1, profile = rustc -O
167_rompf_the_chain_derived_cold.md	container = 64 bits, I = 3 including sign, F in {8,16,20,24,26}, n in {2^10, 2^14, 2^18}, operands non-cancelling, rounding = floor, signedness = signed, threads = 1
167_rompf_the_chain_derived_cold.md	F in {6, 8, 10}, M in [F, 2F], rounding = nearest-ties-to-even, operation = fixed-point multiply, unsigned, threads = 1
167_rompf_the_chain_derived_cold.md	W in {4, 6, 8}, unsigned, F = W/2 for the fixed-multiply rows, arity 3, threads = 1, the twelve operators listed
167_rompf_the_chain_derived_cold.md	the five chain shapes and width rules stated in the source, threads = 1
167_rompf_the_chain_derived_cold.md	fixed rows F = 12, I = 3, n in {16 .. 65536}, operands uniform in [-4,4), truncation = floor, signedness = signed, tree arity = 2, threads = 1. relative-precision rows: f32, operands uniform in [0,1), all positive, so catastrophic cancellation is absent by construction and the tree's advantage is not claimed for mixed-sign data.
167_rompf_the_chain_derived_cold.md	L in {8 .. 4096},   operator = saturating add, element width = 8 bits, signedness = unsigned, column = 32768 elements   aligned, host = Apple M1 with NEON, profile = release, threads = 1, family = fixed point - The bounds proof alone accounts for at most 1.30x of that. Same predicate. - The arm cliff at L = 16. Same predicate, and it is a claim about target features = NEON in   particular rather than about target features any.
169_kiselyov_the_chain_attacked.md	the two files as committed at this branch, headings extracted by the pattern in p1_heading_identity.sh, threads any, target features any.
169_kiselyov_the_chain_attacked.md	the rule set as 157 measured it, the three named files at this branch, threads any, target features any.
169_kiselyov_the_chain_attacked.md	W = 8, F = 0, unsigned, resolution in {round-to-nearest at grid 2^3, clamp, truncate to 2^3}, depth in 2..=5, ops in {+97, 3, 5, >>1, >>2, xor 182, saturating -127}, the 3000 chains 168's seed generates, inputs exhaustive over 0..=255, all 2^n placements per chain, threads = 1.
169_kiselyov_the_chain_attacked.md	W = 8, F = 0, unsigned, resolution = clamp onto [0, 2^8), the six constructions listed, inputs exhaustive over 0..=255, carrier widths 8..=32, threads = 1.
169_kiselyov_the_chain_attacked.md	F in 4..=10 enumerated here, M in [F, 2F], rounding = nearest-ties-to-even at both roundings, operation = fixed-point multiply, unsigned, operands exhaustive over [0, 2^F), threads = 1. The argument half holds for F any.
170_mcsherry_reply.md	W = 8, F = 0, unsigned, resolution in {round-to-nearest at 2^3 and 2^5, clamp} positive and {truncate at 2^3 and 2^5, wrap} control, depth in 2..=5, ops as listed in q1, 3000 chains, inputs exhaustive over 0..=255, all placements, threads = 1.
170_mcsherry_reply.md	the rule set as 157 measured it, the three named files at this branch, threads any, target features any.
170_mcsherry_reply.md	W = 8, F = 0, unsigned, resolution = nearest-point onto [0, 2^8), two constructions as listed, carrier widths 8..=33, inputs exhaustive over 0..=255, threads = 1.
171_rompf_reply.md	profile = release, threads = 1 for bitpack-write-contend-shared and default for the other twelve, host = one Apple M1, toolchain = the committed pin.
171_rompf_reply.md	rustc 1.98.0-nightly (57d06900f), edition 2024, aarch64-apple-darwin, debug-assertions = off, i32 and i64 carriers, the operation (a+b)-c, threads = 1
171_rompf_reply.md	rustc 1.98.0-nightly (57d06900f), edition 2024, aarch64-apple-darwin, i32 container, the operation (a+b)-c, opt-level in {0, 3}, debug-assertions in {on, off}, threads = 1
171_rompf_reply.md	the three files as committed at this branch, the patterns in the probe source, threads any
171_rompf_reply.md	the argument half, F any, M in [F, 2F), rounding = nearest-ties-to-even at both roundings, operation = fixed-point multiply, signedness = unsigned, threads = 1. The enumerated half stays at F in {6, 8, 10} where 167 recorded it and F in 4..=10 where 169 extended it.
171_rompf_reply.md	F in 4..=10, M = 2F-1, rounding = nearest-ties-to-even at both roundings, operation = fixed-point multiply, signedness = unsigned, operands exhaustive over [0, 2^F), threads = 1
172_leroy_formalising_the_chain.md	(argument half) any program in the language under I14's bans, threads any; (measured premise) rustc 1.98.0-nightly (57d06900f), editions 2021 and 2024, aarch64-apple-darwin, debug-assertions = off, total operation alphabet {+, wrapping -, }, carriers i32/i64, channels = the six enumerated in 171_probes/channels/, threads = 1. The two halves carry two predicates, per the argument/enumeration split 171 5.1 named as a class.
172_leroy_formalising_the_chain.md	rustc 1.98.0-nightly (57d06900f), edition 2021, aarch64-apple-darwin, opt-level = 3, debug-assertions = off, alphabet {+, -, /} with the divisor interior for the partial arm and input for the control, carriers i32 narrow and i64 wide, threads = 1. The clause itself is an argument over the language's definedness rules and carries: partial operations in {div, rem}, profile any, threads any.
172_leroy_formalising_the_chain.md	(theorem) S any nonempty finite set, pi any fixed nearest-point selection, chains any composition of total steps, placements any, inputs any, F any, W any, family any, threads any; an argument, marked as such per Q65's open distinction. (confirmation runs) the predicates already recorded at 168 7.1, 169 2, 170 3, and this probe's header.
172_leroy_formalising_the_chain.md	F >= 3 any (constructive witnesses, verified at F in 3..=12 and exhaustively at F in 3..=6), M any with F < M < 2F, rounding = nearest-ties-even at both roundings, operation = fixed-point multiply, signedness = unsigned, threads any; the theorem half is an argument, the verification runs carry the enumerations named. F in {1, 2} have empty or degenerate interior ranges and are outside the claim.
174_mcsherry_signature_in_part.md	W = 8, unsigned, container u8 against u32, operations {3, +97}, inputs exhaustive over 0..=255, rustc 1.98.0-nightly (57d06900f), opt-level = 1, debug-assertions in {on, off}, threads = 1.
174_mcsherry_signature_in_part.md	W = 8, S = [0,255], pi = clamp (a nearest-point selection), 600 chains of depth 3..=5, ops in {+97, +13, 3, 5, 7, >>1, >>2, xor 182}, carriers 8..=24 and 120, all 2^(depth-1) placements, inputs exhaustive over 0..=255, threads = 1.
175_rompf_signature_in_part.md	profile = release, threads = 1 for the serialised crate and default for the other twelve, host = one Apple M1, toolchain = the committed pin.
175_rompf_signature_in_part.md	173 as committed at this branch, the mark vocabulary theorem/measured/enumeration/normative/argument.
175_rompf_signature_in_part.md	rustc 1.98.0-nightly (57d06900f), edition 2024, aarch64-apple-darwin, u32 and u8 containers, inputs 0..4096, opt-level = 3, debug-assertions in {on, off}, threads = 1.
175_rompf_signature_in_part.md	W = 8, resolution = round-to-nearest onto the multiples of 8 with a clamp at 248, ops in {+97, +13, 3, 5, >>1}, chains of depth 3 and 4, all interior placements, inputs exhaustive over 0..=255, threads = 1.
178_leroy_the_restoration_pass.md	W = 8, S = [0,255], pi = clamp (a nearest-point selection), 600 chains of depth 3..=5, ops in {+97, +13, 3, 5, 7, >>1, >>2, xor 182}, carriers 8..=24 and 120, all 2^(depth-1) placements, inputs exhaustive over 0..=255, threads = 1. The shortfall count moves with the shape of S (174:384) and the existence of a shortfall does not.
182_orchard_porting_the_four_consolidations.md	97's F-H, restored in 106 section 16 (106:1350-1358). A declared non-negative operand window recovers additive associativity, multiplicative associativity and distributivity over addition at W in {4, 5, 6}, F = 0, signed, saturating, arity 3, values exhaustive, threads = 1, target features any. The consolidation calls this its only positive law result and its cleanest region-scoped arm, it was a prediction of the criterion made before running, it independently retrodicts an earlier file's result its author had not read, and it is the single claim in the corpus that most wants to be a gated arm. The source's own holds for: line names the window inline, so it is one of the four usable regions in section 1's count and it is still not writable, because the axis it turns on has no row.
183_rompf_porting_the_five_candidates.md	The census counts 64 predicate spans and the inventory counts 65 statement clauses, and they are different sets rather than nearly the same one. The census counts holds for: predicate spans, of which topics five and ten contribute zero. The inventory counts statement clauses across all five topics, of which topics five and ten contribute 30. Before I split one clause the two numbers were both 64, and I nearly wrote a sentence that fused them.
188_ringer_entailment_check_on_the_consolidation_port.md	- The 43 normative rows are the port's largest weakness. 182 section 8 says so and section 14 item 2 tells   the next reader to start there. It was right and section 7 is the audit it asked for. - a_law_layer_answers_whether_a_law_reaches_a_lowering... is the least defensible label. 182 section 6.1   names it in those words. What is new is that it is repairable now and was not when 182 ran. - The 18 rows red on missing evidence are a catalogue-red and the fix is probe.toml. 182 section 9 is   right, the table there is buildable from, and the check has since been marked ignored with a reason naming the   unbuilt namespace, which is the correct handling. - 182's section 5.2 self-correction is the most useful thing in the file and it generalises further than   it claims. Its own words: the panel knows the regions, they are in the instruments, and the compression from   instrument to consolidation is where they were lost. The measurement of how much: 82 holds for: lines   across the 34 member files, every one of them in the strategy topic, against the 11 the four consolidations   carry. 188_probes/predicated_findings_census.out, with controls both ways. The other three topics' members   write none, because the notation postdates them, which is why their consolidations have none to lose. - The AGREEMENTS.md near-miss is real. 182 section 10 flags that six cross_topic rows rest on a ledger   whose author opened no member file. My anchor diff shows the same ledger citing 77 distinct targets of which   five reach a row. Both readings point the same way.
188_ringer_entailment_check_on_the_consolidation_port.md	Verified by running rather than by reading: the suite and the linter; the twenty declared axes and which of 182's four are among them; the anchor set difference with both controls; the citation depth with a shifted control; the 82 member holds for: lines with both controls; the census pattern comparison, reproducing 182's published table first; the three absence searches with positive controls; the definition selection being empty and the relabel not firing; every git history claim in section 8.
201_mcsherry_is_the_bar_met.md	topic = operating_constraints, op rows = 1 at rung in_force, open questions = 0,            unratified proposals = 0 
216_lamport_second_read_the_chain_and_the_realisation_map.md	nothing. This is a definition and carries no region, per the registry's own convention, and I am not supplying one.
216_lamport_second_read_the_chain_and_the_realisation_map.md	signedness = unsigned, overflow policy = saturate, operation = add, W in 3..=7, L in 2..=8 subject to 2^(WL) <= 410^7, F = 0 measured and scale-invariant across scales {1,2,4,8}, threads = 1, toolchain nightly-2026-05-28, build profile opt level 3.
216_lamport_second_read_the_chain_and_the_realisation_map.md	toolchain nightly-2026-05-28 edition 2021, build profile opt level 3, threads = 1. My own arm ran on one thread and I decline to carry the row's threads any, which its own note says is argued rather than swept.
216_lamport_second_read_the_chain_and_the_realisation_map.md	toolchain rustc 1.98.0-nightly (57d06900f 2026-05-27) edition 2021, build profile no feature gates, threads = 1.
216_lamport_second_read_the_chain_and_the_realisation_map.md	nothing I established. The elementary counting I did (a product of n operands at fraction width F has nF fraction bits, checked in p1's N4 at F in 0..=3 and n = 3) supports the guard formula and not the cost comparison, and the cost comparison is the row's contribution.
216_lamport_second_read_the_chain_and_the_realisation_map.md	operation = add, arity = 2, and W any, established by counting rather than by measurement: n operands of unsigned width W have maximum sum n(2^W - 1), which needs W + ceil(log2 n) bits and no fewer, the bound being attained by the all-maximum vector. The multiplicative half I did not establish and do not carry.
216_lamport_second_read_the_chain_and_the_realisation_map.md	signedness = signed, overflow policy = saturate, operation = add, F = 0, W in 3..=7, L in 2..=8 subject to 2^(WL) <= 410^7, threads = 1, toolchain nightly-2026-05-28, build profile opt level 3. Refuted at signedness = signed, W = 3, L = 9, exhaustively.
216_lamport_second_read_the_chain_and_the_realisation_map.md	nothing I established. I did not build the arity sweep and I am not carrying the row's measurement.
216_lamport_second_read_the_chain_and_the_realisation_map.md	nothing. I did not reproduce the type-equality result and have no instrument here.
216_lamport_second_read_the_chain_and_the_realisation_map.md	toolchain rustc 1.98.0-nightly (57d06900f 2026-05-27) edition 2021, build profile no feature gates, threads = 1, on the four carrier shapes in p4_arms and no others.
216_lamport_second_read_the_chain_and_the_realisation_map.md	nothing. I established nothing about this row.
216_lamport_second_read_the_chain_and_the_realisation_map.md	nothing measured by me. I constructed the intended counterexample, found it changes the adaptation rather than the container, and withdrew it; that is a reason to believe the row and not a measurement of it.
216_lamport_second_read_the_chain_and_the_realisation_map.md	nothing. This is normative and carries no region, correctly.
216_lamport_second_read_the_chain_and_the_realisation_map.md	nothing. This is normative and carries no region, correctly.
219_kiselyov_the_marker_spelling.md	mock/checks at 14d0bbab, all 30 finding-returning arms, empty input              against the committed canon for the 25 registry arms and against the              panel directory for the 5 directory arms, rustc 1.98.0-nightly              (57d06900f), edition 2024, threads = 1 
220_orchard_the_marker_spelling.md	mock/checks at 14d0bbab, 8 of the crate's 30 finding-returning arms, rustc              1.98.0-nightly (57d06900f), edition 2024, threads = 1 
220_orchard_the_marker_spelling.md	mock/registry/.toml at 14d0bbab, all 12 files, 527 entries, threads = 1 
221_dolan_the_numeric_fundamentals.md	radix: radix in {2, 3, 4, 10}: swept            precision: P in 1..=5 radix-r digits: swept            signedness: signedness in {unsigned, signed}: exhaustive, the three              sign domains are the whole of the sign axis the record's family              table names            fraction_width: 0            ambient_domain: the integers            threads: 1            toolchain: rustc = nightly-2026-05-28, edition = 2021            build_profile: opt level = 3 
221_dolan_the_numeric_fundamentals.md	radix: 2            fraction_width: F in 0..=4: swept, steps 2^0 down to 2^-4            signedness: signed: construction, every point in the catalogue is              symmetric about zero, so no unsigned point was measured            ambient_domain: the rationals            shape kinds: constant quantum and exponential quantum: exhaustive,              all 1081 unordered pairs of the 47 denotationally distinct points            threads: 1            toolchain: rustc = nightly-2026-05-28, edition = 2021            build_profile: opt level = 3 
221_dolan_the_numeric_fundamentals.md	total_width: W = 9            fraction_width: F = 4            signedness: signedness = signed            rounding: rounding = round to nearest even            radix: radix = 2            threads: threads = 1 
221_dolan_the_numeric_fundamentals.md	radix: 2            precision: P in 1..=5 radix-2 digits: swept            signedness: signedness in {unsigned, symmetric, asymmetric}: exhaustive,              the three sign domains the corpus names, under the sign-magnitude              reading of "symmetric", which is the only one that exists at radix 2            fraction_width: 0            ambient_domain: the integers            threads: 1            toolchain: rustc = nightly-2026-05-28, edition = 2021            build_profile: opt level = 3 
222_kiselyov_the_numeric_fundamentals.md	fraction_width: F any: construction, the per-rounding error is defined              in units of the quantum and the fraction width is what sets the              quantum, so no fraction width can appear in the expression              km - nj that the whole result is about            chain_length: chain length in 1..=10: exhaustive, every chain length in              the band, at every attainable residue, at four values of the dropped-bit              count            rounding: rounding = stochastic            radix: radix = 2            threads: threads = 1            toolchain: rustc = 1.98.0-nightly (57d06900f 2026-05-27)            toolchain: edition = 2024            build_profile: debug-assertions = off evidence:  222_probes/a1_the_variance_forms_across_fraction_widths.rs, Part 3,            which varies the coarse fraction width over six values and reports the            ulp-unit variance identical at all six 
222_kiselyov_the_numeric_fundamentals.md	access_pattern: access pattern = sequential            rounding: rounding = stochastic            radix: radix = 2            threads: threads = 1            toolchain: rustc = 1.98.0-nightly (57d06900f 2026-05-27)            toolchain: edition = 2024            build_profile: debug-assertions = off 
222_kiselyov_the_numeric_fundamentals.md	integer_width: I = 13            fraction_width: F = 0            signedness: signedness = unsigned            container: container in {u16, u32}            operation: operation in {encode, wrap_add, sat_add, wrap_mul, sat_mul, xor}            arity: arity in {1, 2}            alignment: alignment = aligned            threads: threads = 1            toolchain: rustc = 1.98.0-nightly (57d06900f 2026-05-27)            toolchain: edition = 2024            build_profile: debug-assertions = off 
222_kiselyov_the_numeric_fundamentals.md	radix: radix = 2            signedness: signedness in {unsigned, twos_complement, symmetric}: exhaustive,              the three sign domains the corpus names, which is the whole of the axis              as the corpus states it 
225_peyton_jones_the_container_premise.md	W in 2..=31: swept, exhaustive at W in 2..=10 over all pairs; C = 32; signedness = unsigned; operation = mul; arity = 2; overflow policy = wrap; F = 0; rounding = exact; threads = 1; rustc = 1.98.0-nightly (57d06900f), edition = default
225_peyton_jones_the_container_premise.md	F_src in 3..=8: exhaustive; F_mid in 1..F_src; F_dst in 0..F_mid; signedness = unsigned; rounding = half_up; operation = quantise; arity = 1; threads = 1; rustc = 1.98.0-nightly (57d06900f), edition = default
225_peyton_jones_the_container_premise.md	W = 13; container in {u16, u32}; rustc = 1.98.0-nightly (57d06900f), edition = 2024. Compile-time facts; no threads axis is listed because the claims hold only where threads do not exist, which for a compile-time fact is exactly right under the omission rule.
225_peyton_jones_the_container_premise.md	W = 13, elements = 5,    container = dense bit stream. The general divisibility statement (any W, k    with 8 not dividing kW) is arithmetic and I state it as argued, not swept. 6. The fork dissolves into per-signature statement (argued; sections 2    and 3). Its ground is findings 1 to 5 plus the cited ratified rows and    obligations. It is a claim about what the canon forces, not a measurement,    and it is the part of this file that most wants a second independent read.
225_peyton_jones_the_container_premise.md	W = 4, F = 1, signedness = signed, overflow policy = saturate, rounding = floor, operation in {add, sub, mul, madd}, arity in {2, 3}, chain length in {1, 2}, exhaustive over the representable set, threads = 1, toolchain in 225_probes/toolchain.txt. The general monotonicity of visibility is F150-7's and is cited, not re-established here.
225_peyton_jones_the_container_premise.md	the model rule,    S in {hot, warm, cold, precise}, W in 1..=256, signedness in    {unsigned, signed}, threads = 1. The claim about the real design's two    spellings is not established here; the instrument shape is, with both    controls firing. The selector-versus-key disagreement is thereby dissolved    as canon and survives as design-tier diagnostics. 4. Admitting the fused operation separates assignments that are one    denotation under the unfused core (measured, probe 6). Predicate in    section 11.4. Consequence: the admission contract of 11.4, argued from the    measurement plus the fast-math gap's own condemnation of one-name-two-    semantics. 5. The operation-set answer's shape is option 3 and its floor is the    standards union (argued from ratified and stated rows named in 11.2 and    11.3; the fused operation's membership in the floor is IEEE 754's own    requirement read through the alias obligation).
78_aaltonen_the_thread_axis.md	W = 13, carrier = u16, access = sequential, threads = 1, 2, 4,            N = 65536, 2097152, host = Apple M1 (4 P-core, 12 MiB shared L2,            ~60 GB/s aggregate sequential read/write bandwidth, per 27:413-417) 
78_aaltonen_the_thread_axis.md	W = 13, split misaligned to the packing period,            threads = 4, N = 4094 (stress), N = 65534, 2097150 (harness),            host = Apple M1 
78_aaltonen_the_thread_axis.md	W = 13, threads = 1 (measured overhead point; only T=1 row ran            all three arms), host = Apple M1 
78_aaltonen_the_thread_axis.md	W = 13, split period-aligned, threads = 1, 2, 4,            N = 65536, 2097152, host = Apple M1 
78_aaltonen_the_thread_axis.md	carrier = u16, write (not read), access = sequential,            N = 2097152, threads = 1, 2, 4, host = Apple M1 
93_orchard_the_strategy_axis_derived_cold.md	W in 3..8, F in 0..2, signedness = unsigned, overflow in {wrap, saturate}, rounding in {truncate, nearest}, operations {mul, add}, arity 3, threads = 1, target features any Evidence: 93_probes/p2c_the_boundary_across_widths.out, 93_probes/p2b_where_the_algebra_actually_varies.out, exhaustive over every triple, no sampling. target features any is claimed because the model computes in exact u128 integer arithmetic whose semantics rustc fixes independently of the target; that is the transfer argument and it is the only one I am making.
93_orchard_the_strategy_axis_derived_cold.md	W any, F = 0, signedness = unsigned, overflow in {wrap, saturate}, operations {mul, add}, arity 3, threads = 1, target features any At F = 0 the multiply performs no shift, so the operation is the one induced on the quotient of the naturals by collapsing everything at or above the bound. That collapse is a semiring congruence for both reduction mod 2^W and clamping at 2^W - 1, so the quotient is a commutative semiring and inherits every law at any W. The sweep checks the argument; it is not the source of it. The F 0 half has no such argument and is claimed only at the pairs swept.
93_orchard_the_strategy_axis_derived_cold.md	W in 3..8, F in 0..4, signedness = unsigned, overflow in {wrap, saturate}, rounding in {truncate, nearest}, operation add, arity 3, threads = 1, target features any
93_orchard_the_strategy_axis_derived_cold.md	strategy set = four members each carrying one demand, demands = 4, resolution = union of demands Evidence: 93_probes/p1b_demands_and_closure.out. 12 of 16 ordered pairs are unresolvable; the closure under the members' own resolution has 15 elements. This is a counting result about the set, not about any particular table, so no table repairs it.
93_orchard_the_strategy_axis_derived_cold.md	strategy set = {Hot, Warm, Cold, Precise}, constraints = K1..K6 as listed in section 4 Evidence: 93_probes/p1_resolve_semilattice.out, 93_probes/p1b_demands_and_closure.out.
93_orchard_the_strategy_axis_derived_cold.md	rustc 1.98.0-nightly (57d06900f), edition 2024, axes = 2, points per axis = 3, gates = {const_trait_impl}, no_std, threads = 1, target features any Evidence: 93_probes/p3_product_lattice_in_the_type_system.out, with 93_probes/p3_mutant_wrong_join.out as the negative control. The construction avoids generic_const_exprs by carrying the join as an associated type rather than as a const expression in type position.
93_orchard_the_strategy_axis_derived_cold.md	target aarch64-apple-darwin, rustc 1.98.0-nightly (57d06900f), opt-level 3, arms = 3, axes = 3, threads = 1 Evidence: 93_probes/p4_asm_comparison.out. One of the two pairs is instruction-identical after label normalisation; the other has an identical opcode multiset and count, differing in the scheduling of two independent instructions and the registers assigned to them. Corroborated in time, on the harness, by mock/benches/satfold-const-gate_n10000_findings.md, at n = 10000, samples = 40, threads = 1.
93_orchard_the_strategy_axis_derived_cold.md	W = 8, F = 4, signedness = unsigned, rounding = nearest, operation mul, chain length 2..5, threads = 1, target features any Evidence: 93_probes/p6_the_chain_clause.out. The width the intermediate must hold grows linearly in chain length, so no fixed input type holds it past length one. The structural half of this is arithmetic and would extend; I claim it only where I measured it.
93_orchard_the_strategy_axis_derived_cold.md	W in 1..16, signedness = unsigned, operations {add, mul}, threads = 1, target features any Evidence: 93_probes/p5_what_warm_imitates.out. Zero disagreement at W in {8, 16}; disagreement at all fourteen non-native widths. The sweep steps uniformly above W = 11 and says so. The specification is total exactly where it is not needed, and ambiguous exactly on the widths arvo exists to provide.
93_orchard_the_strategy_axis_derived_cold.md	const-evaluable operands, rustc 1.98.0-nightly (57d06900f) Evidence: 93_probes/p5_mutant_const_overflow.out, which is the refusal as a compile error (error[E0080]: evaluation panicked: overflow at the declared width). The complementary claim is absence: for operands that are not const-available there is nothing, by I15, not a weaker check and not a debug-only one.
93_orchard_the_strategy_axis_derived_cold.md	W in 3..7, F = 0, signedness = signed, overflow in {wrap, saturate}, operations {add, mul}, arity 3, threads = 1, target features any
93_orchard_the_strategy_axis_derived_cold.md	W = 5, F in {0, 1}, signedness in {unsigned, signed}, overflow in {wrap, saturate}, operations {add, mul}, arity 3, law inventory as listed, threads = 1, target features any
96_dispatcher_note_the_validators_that_never_ran.md	mockspace-bench-harness at 084e780 and at dev; arvo at feat/arvo-shape-topic; nightly-2026-05-28; the thirteen variant crates named. It says nothing about any other consumer of the harness, none of which was examined.
97_dolan_the_strategy_space_attacked.md	regions = 6, arms = 5, cost dimensions = 2, cost source = committed bitpack-carrier-width_n medians and declared bits per element, tolerance in {0, 1, 2, 5, 10}%, threads = 1, target features any Evidence: 97_probes/p1_rationalisable_sections.py by exact direction sweep and 97_probes/p9_the_decider.py by exact cone feasibility, two methods sharing only their input, reconciled as a set identity rather than as a matching count.
97_dolan_the_strategy_space_attacked.md	cost dimensions in {2, 3}, arms in {3, 5}, regions in {2, 6}, arithmetic exact rational Evidence: 97_probes/p9_the_decider.py, agreeing with the independent sweep on the committed data and answering four constructed cases correctly.
97_dolan_the_strategy_space_attacked.md	regions in 2..20, arms in {4, 5, 6}, cost dimensions in {2, 3}, cost tables arbitrary Evidence: 97_probes/p1b_the_gap_is_structural.py, a counting bound plus exact enumeration over 2000 random cost tables with zero violations.
97_dolan_the_strategy_space_attacked.md	coordinates = 2, arms = 4, target = aarch64-apple-darwin, rustc 1.98.0-nightly (57d06900f), edition 2024, opt-level 3, panic = abort, feature gates = 0, no_std, threads any (a compile-time artifact), target features baseline Evidence: 97_probes/p8_does_a_computed_demand_erase.rs with 97_probes/p8_mutant_join_collapses.rs as the negative control. This is a shape, not a price: the compile-time cost of the lattice is unpriced and is said to be unpriced.
97_dolan_the_strategy_space_attacked.md	d in {3, 4, 5} for the counting, d = 4 for the compile, rustc 1.98.0-nightly (57d06900f), edition 2024, feature gates = 0, no_std, threads any (a compile-time artifact), target features any Evidence: 97_probes/p4b_the_closure_is_free.py, 97_probes/p4_demand_lattice.rs with 97_probes/p4_mutant_dropped_demand.rs as the negative control.
97_dolan_the_strategy_space_attacked.md	W in {5, 6}, F in {0, 1}, signedness in {unsigned, signed}, overflow in {wrap, saturate, exact}, operations {add, sub, mul}, laws as enumerated in the probe, arity 3 for the algebraic family and arity 2 for the order family, values exhaustive over the representable domain, threads = 1, target features any Evidence: 97_probes/p3_does_a_conservatism_order_exist.py.
97_dolan_the_strategy_space_attacked.md	W = 13, elements = 8192, transform = chunked clamping fold, fold arity in {2, 4, 8, 16, 64, 256}, signedness = unsigned, arms = the six of warm-clamp-arity-w13, tolerance in {0, 2, 5}%, host = Apple M1, rustc 1.98.0-nightly (57d06900f), harness = mockspace-bench-harness, threads = 1 Evidence: 97_probes/p6_does_the_accumulator_follow_the_fold.py, reading committed harness output. The per-variant validator did not run for this family, per 96, so the arms are not cross-checked for computing the same answer by the harness; warm-clamp-shared's own tests do check that against a u128 oracle at every declared key.
97_dolan_the_strategy_space_attacked.md	the same predicate as F-I Evidence: the same probe. This is the priced form of 94's W2, which 94 reports as a shape only.
97_dolan_the_strategy_space_attacked.md	W in {4, 5, 6}, F in {0, 1, 2}, signedness in {unsigned, signed}, overflow in {wrap, saturate}, rounding in {truncate, nearest}, operations {add, sub, mul}, operand window in {full, declared non-negative}, laws {add_comm, mul_comm, add_assoc, mul_assoc, distrib, mul_over_sub, sub_assoc, sub_comm}, arity 2 and 3, values exhaustive over the representable domain, threads = 1, target features any Evidence: 97_probes/p2_congruence_predicts_the_laws.py, 552 cells, both mismatch directions counted.
97_dolan_the_strategy_space_attacked.md	W in {4, 5, 6}, F = 0, signedness = unsigned, overflow = saturate, operations {add, sub, mul}, arity 3, values exhaustive, threads = 1, target features any Evidence: same probe. At W = 6 the failure rate is 45.79% of 262144 triples.
97_dolan_the_strategy_space_attacked.md	W in {4, 5, 6}, F = 0, signedness = signed, overflow = saturate, operand window = declared non-negative, operations {add, mul}, arity 3, values exhaustive, threads = 1, target features any Evidence: same probe. This was a prediction of the criterion made before running, on the ground that a one-sided clamp is a congruence and a two-sided one is not, and it independently retrodicts 82's declared-window result, which I have not read.
97_dolan_the_strategy_space_attacked.md	w in 2..7, f in 0..w, signedness in {unsigned, signed}, overflow in {wrap, saturate}, rounding = arithmetic shift right, laws {add_assoc, mul_assoc, distributivity, additive_inverse, monotonicity_add}, arity 2 and 3, values exhaustive over the representable domain, threads = 1, target features any Evidence: 97_probes/p7_diff_the_criterion_against_35.py against 35_probes/p2.out and 35_probes/p2b.out. One row of 660 is conservative and none is unsound.
98_spj_what_the_strategy_axis_settles.md	regions = 6, arms = 6, cost coordinates = 2 (median algo_ns, declared bytes per element), cost source = committed bitpack-carrier-width_n CSVs, arithmetic exact rational, threads = 1, target features any Evidence: 98_probes/p13_the_ladder_on_the_coordinates_that_survive.py.
98_spj_what_the_strategy_axis_settles.md	regions = 6, arms = 6, cost coordinates = 3 (median algo_ns, declared bytes per element, interquartile range of the samples), cost source as above, arithmetic exact rational, threads = 1, target features any Evidence: 98_probes/p2_the_rationalisability_ladder.py, by exact polygon clipping on the weight simplex, cross-checked against Fourier-Motzkin in 98_probes/lp.py on 300 sections per rung with 300 of 300 agreeing. The third coordinate's standing is qualified by F-98-12.
98_spj_what_the_strategy_axis_settles.md	the F-98-1 and F-98-1b predicates for the negative half, where 63 of 72 sections at two coordinates and 48 of 117 at three select a dominated arm. Evidence: 98_probes/p13_the_ladder_on_the_coordinates_that_survive.py, 98_probes/p2_the_rationalisability_ladder.py, 98_probes/p6_reproduce_the_predecessors_count_and_rung_it.py, and 98_probes/p9_the_proposal_instantiated.py for the exhibited failure and for two zero-weight cases that do not fail.
98_spj_what_the_strategy_axis_settles.md	regions = 6, arms in {5, 6}, cost coordinates = 2 (median algo_ns per record for the five-arm model and per batch for the six-arm one, declared bits or bytes per element), cost source = committed bitpack-carrier-width_n CSVs, arithmetic exact rational, threads = 1, target features any Evidence: 98_probes/p6_reproduce_the_predecessors_count_and_rung_it.py and 98_probes/p13_the_ladder_on_the_coordinates_that_survive.py, by interval arithmetic on the one-dimensional weight simplex, against 97's extreme-ray enumeration, sharing only their input.
98_spj_what_the_strategy_axis_settles.md	the same, plus the committed carrier table at three coordinates for the criterion, which was exact in 120 of 120 models and correct on the real table. Evidence: 98_probes/p3_a_rung_count_is_a_fact_about_one_table.py, 98_probes/p3b_why_the_order_rung_is_empty_on_real_data.py. Sufficiency is proved; necessity is empirical over 120 models and is claimed as that.
98_spj_what_the_strategy_axis_settles.md	regions = 5, arms = 5, cost coordinates = 3, 180 models across three generators, arithmetic exact rational Evidence: 98_probes/p3_a_rung_count_is_a_fact_about_one_table.py. Minimum 0.021, median 0.111, maximum 1.000.
98_spj_what_the_strategy_axis_settles.md	the F-98-1b predicate for the counting half. Evidence: 98_probes/p4_priority_order_against_exchange_rate.py, 98_probes/p9_the_proposal_instantiated.py.
98_spj_what_the_strategy_axis_settles.md	cost coordinates = 2, alternatives = 3, arithmetic exact rational Evidence: 98_probes/p4_priority_order_against_exchange_rate.py, with the algebra stated in closed form in the probe's own docstring and the exact feasibility computed on the one-dimensional weight simplex.
98_spj_what_the_strategy_axis_settles.md	declared widths in {8, 13, 16, 32, 60, 64}, element counts and operation densities as declared by the warm-container bench keys, arms = {headroom, minimum}, cost coordinates = 2 (median algo_ns, declared bytes per element), 22 committed runs, host = the one those runs were taken on, threads = 1 Evidence: 98_probes/p5_the_reference_coordinate_is_not_a_machine_cost.py, reading committed harness output, with a 2000-resample two-sided bootstrap on the four survivors.
98_spj_what_the_strategy_axis_settles.md	the 13 -shared variant crates in mock/benches/variants as committed Evidence: 98_probes/p8_which_intents_the_corpus_can_weigh.py. One arm, bitpack-write-unsound, is exempt from the agreement requirement by design; its wrongness is a race corruption rate measured in a stress test rather than a bench column.
98_spj_what_the_strategy_axis_settles.md	regions = 6, arms = 6, cost coordinates = 3, 80 samples per arm per region, 2000 bootstrap resamples, seed 20260814, cost source = committed bitpack-carrier-width_n CSVs, host = the one those runs were taken on, threads = 1 Evidence: 98_probes/p10_is_the_table_stable_enough_to_be_an_object.py. This is an uncertainty estimate over a committed artifact and not a bench; no measurement was taken.
98_spj_what_the_strategy_axis_settles.md	the F-98-1b predicate, weightings as instantiated in the probe Evidence: 98_probes/p9_the_proposal_instantiated.py. The weight numbers are scaffolding chosen to reach the check and are not proposals. Read with F-98-10, which finds the spread-weighing section the least stable of the three.
98_spj_what_the_strategy_axis_settles.md	regions = 6, arms = 6, cost coordinates = 3, 80 samples per arm per region, 2000 bootstrap resamples, seed 20260814, cost source = committed bitpack-carrier-width_n CSVs, weightings as instantiated in the probe, host = the one those runs were taken on, threads = 1 Evidence: 98_probes/p14_generating_from_a_robust_summary.py. Point and modal agree for two of the three weightings, so the rule is free where it does not apply.
98_spj_what_the_strategy_axis_settles.md	regions = 6, arms = 6, 80 samples per arm per region, 4000 bootstrap resamples, seed 20260814, cost source = committed bitpack-carrier-width_n CSVs, host = the one those runs were taken on, threads = 1 Evidence: 98_probes/p12_is_the_spread_coordinate_real.py. This refutes the rescue reported by 98_probes/p1b_domination_is_relative_to_the_coordinate_set.py, which is retained rather than deleted.
