02_probes	bool	true
02_probes	sym	Asym
02_probes	codes	16
02_probes	lo	0
02_probes	hi	15
02_probes	codes	16
02_probes	lo	-7
02_probes	hi	7
02_probes	codes	16
02_probes	lo	-8
02_probes	hi	7
02_probes	codes	2
02_probes	lo	0
02_probes	hi	0
02_probes	codes	9
02_probes	lo	-4
02_probes	hi	4
02_probes	codes	9
02_probes	lo	-4
02_probes	hi	4
02_probes	tried	19
02_probes	surviving	0
02_probes	tried	19
02_probes	surviving	0
02_probes	tried	19
02_probes	surviving	0
02_probes	p	1
02_probes	p	0
02_probes	p	3
02_probes	spare	0
02_probes	p	3
02_probes	spare	1
02_probes	p	3
02_probes	spare	0
02_probes	p	3
02_probes	spare	0
02_probes	p	3
02_probes	spare	0
02_probes	p	3
02_probes	spare	0
02_probes	p	3
02_probes	values	1000
02_probes	codes	1000
02_probes	spare	0
02_probes	p	3
02_probes	codes	1000
02_probes	spare	1
02_probes	p	3
02_probes	values	1000
02_probes	codes	1000
02_probes	spare	0
02_probes	pairs	105
02_probes	absent	0
02_probes	unique	0
02_probes	absent	0
02_probes	unique	0
02_probes	tried	19
02_probes	surviving	0
02_probes	tried	19
02_probes	surviving	0
02_probes	tried	19
02_probes	surviving	0
02_probes	p	3
02_probes	spare	0
02_probes	p	3
02_probes	spare	1
02_probes	p	3
02_probes	spare	0
02_probes	p	3
02_probes	spare	0
02_probes	p	3
02_probes	spare	1
02_probes	p	3
02_probes	spare	0
02_probes	p	3
02_probes	values	1000
02_probes	codes	1000
02_probes	spare	0
02_probes	p	3
02_probes	values	1999
02_probes	codes	2000
02_probes	spare	1
02_probes	p	3
02_probes	values	2000
02_probes	codes	2000
02_probes	spare	0
02_probes	pairs	105
02_probes	absent	0
02_probes	unique	0
02_probes	absent	0
02_probes	unique	0
02_probes	p	1
02_probes	e	-3
02_probes	symmetric	=
02_probes	p	1
02_probes	e	-2
02_probes	symmetric	=
02_probes	p	1:
02_probes	p	2:
02_probes	p	3:
02_probes	p	4:
02_probes	p	1:
02_probes	sym	Asy
02_probes	p	2:
02_probes	sym	Asy
02_probes	p	3:
02_probes	sym	Asy
02_probes	p	4:
02_probes	sym	Asy
02_probes	p	1:
02_probes	p	2:
02_probes	p	3:
02_probes	p	4:
02_probes	pairs	66
02_probes	absent	0
02_probes	unique	0
02_probes	absent	0
02_probes	unique	0
02_probes	p	1:
02_probes	p	2:
02_probes	p	3:
02_probes	p	4:
02_probes	p	1:
02_probes	p	2:
02_probes	p	3:
02_probes	p	4:
02_probes	p	1:
02_probes	p	2:
02_probes	p	3:
02_probes	p	4:
02_probes	pairs	66
02_probes	absent	0
02_probes	unique	0
02_probes	absent	0
02_probes	unique	0
02_probes	disagreements	48
02_probes	tried	19
02_probes	surviving	0
02_probes	p	2
02_probes	p	2
02_probes	p	1
02_probes	p	2
02_probes	disagreements	36
02_probes	tried	19
02_probes	surviving	0
02_probes	p	1
02_probes	p	2
02_probes	p	2
02_probes	p	3
02_probes	disagreements	36
02_probes	tried	19
02_probes	surviving	0
02_probes	p	1
02_probes	p	1
02_probes	p	1
02_probes	p	2
02_probes	disagreements	24
02_probes	tried	19
02_probes	surviving	0
02_probes	p	1
02_probes	p	1
02_probes	p	0
02_probes	p	1
02_probes	disagreements	24
02_probes	tried	19
02_probes	surviving	0
02_probes	p	1
02_probes	p	1
02_probes	p	0
02_probes	p	1
02_probes	disagreements	24
02_probes	tried	19
02_probes	surviving	0
02_probes	p	1
02_probes	p	1
02_probes	p	0
02_probes	p	1
02_probes	pairs	576
02_probes	disagreements	48
02_probes	values	48
02_probes	other	0
02_probes	pairs	256
02_probes	disagreements	0
02_probes	pairs	576
02_probes	disagreements	36
02_probes	values	36
02_probes	other	0
02_probes	pairs	324
02_probes	disagreements	0
02_probes	pairs	576
02_probes	disagreements	36
02_probes	values	36
02_probes	other	0
02_probes	pairs	324
02_probes	disagreements	0
02_probes	pairs	576
02_probes	disagreements	24
02_probes	values	24
02_probes	other	0
02_probes	pairs	400
02_probes	disagreements	0
02_probes	pairs	576
02_probes	disagreements	24
02_probes	values	24
02_probes	other	0
02_probes	pairs	400
02_probes	disagreements	0
02_probes	pairs	576
02_probes	disagreements	24
02_probes	values	24
02_probes	other	0
02_probes	pairs	400
02_probes	disagreements	0
03_probes	box	5
03_probes	box	6
03_probes	box	5
03_probes	box	6
03_probes	box	5
03_probes	box	6
03_probes	box	4
03_probes	box	5
03_probes	box	4
03_probes	box	4
03_probes	box	5
03_probes	box	5
03_probes	lim	6
03_probes	lim	6
03_probes	lim	7
03_probes	lim	7
03_probes	lim	5
03_probes	lim	5
03_probes	lim	5
03_probes	lim	5
03_probes	lim	6
03_probes	lim	6
03_probes	lim	6
03_probes	lim	6
03_probes	lim	4
03_probes	lim	5
03_probes	lim	6
06_probes	formula	=
06_probes	formula	=
06_probes	formula	=
06_probes	formula	=
06_probes	shape	=
06_probes	n8	Zero<Zero<Zero<One<End>>>>
06_probes	shapes	81
06_probes	pairs	6561
06_probes	i	=0
06_probes	lim	4:
06_probes	lim	6:
06_probes	lim	8:
06_probes	a_n	<Num<N3
06_probes	a_t	<Num<N3
06_probes	b_n	<Num<N0
06_probes	b_t	<Num<N0
06_probes	c_n	<Num<N0
06_probes	c_t	<Num<N0
06_probes	d_n	<Num<N4
06_probes	d_t	<Num<N4
06_probes	a_n	<Num<N3
06_probes	a_t	<Num<N3
06_probes	b_n	<Num<N0
06_probes	b_t	<Num<N0
06_probes	c_n	<Num<N0
06_probes	c_t	<Num<N0
06_probes	d_n	<Num<N4
06_probes	d_t	<Num<N4
06_probes	i	=
06_probes	f	=
07_probes	only	==
07_probes	x	1/8
07_probes	v	1/2
07_probes	x	1/8
07_probes	v	0
07_probes	x	1/8
07_probes	v	0
07_probes	x	-7/8
07_probes	v	-1/2
07_probes	x	-7/8
07_probes	v	-1
07_probes	x	1/8
07_probes	v	1/2
07_probes	x	1/8
07_probes	v	0
07_probes	x	3/8
07_probes	v	1/2
07_probes	x	1/8
07_probes	v	0
07_probes	x	1/4
07_probes	v	1/2
07_probes	x	5/8
07_probes	v	1/2
07_probes	x	-1
07_probes	v	0
07_probes	x	1/8
07_probes	v	0
07_probes	x	-1
07_probes	v	0
07_probes	x	1/8
07_probes	v	0
07_probes	x	-1
07_probes	v	0
07_probes	x	5/8
07_probes	v	1/2
07_probes	x	-1
07_probes	v	0
07_probes	x	1/8
07_probes	v	0
07_probes	x	-1
07_probes	v	0
07_probes	x	1/8
07_probes	v	0
07_probes	x	-1
07_probes	v	0
07_probes	g	id
07_probes	range	==
07_probes	s	[Fraction(1
07_probes	s	[Fraction(0
07_probes	s	[Fraction(1
07_probes	s	[Fraction(1
07_probes	s	[Fraction(1
07_probes	s	[Fraction(1
07_probes	naive	best
07_probes	wmax	4
07_probes	cover	==
07_probes	s	[Fraction(0
07_probes	s	[Fraction(1
07_probes	join	alpha(cup
07_probes	form	==
07_probes	same	==
07_probes	proof	==
07_probes	x	9/16
07_probes	x	3/8
07_probes	is	==
07_probes	separates	==
07_probes	x	9/32:
07_probes	x	1/32:
07_probes	x	17/32:
07_probes	x	41/32:
07_probes	a	0
07_probes	p	1
07_probes	a	0
07_probes	p	1
07_probes	a	0
07_probes	p	1/2
07_probes	a	0
07_probes	p	1/2
07_probes	a	0
07_probes	p	1
07_probes	a	0
07_probes	p	1
07_probes	seq	[Fraction(0
07_probes	exact	8
07_probes	abstract	0
07_probes	seq	[Fraction(0
07_probes	exact	8
07_probes	abstract	0
07_probes	n	1:0/4
07_probes	n	2:0/16
07_probes	n	3:4/64
07_probes	n	4:66/256
07_probes	n	5:511/1024
07_probes	n	6:2828/4096
07_probes	n	7:13064/16384
07_probes	n	8:55085/65536
07_probes	n	1:0/4
07_probes	n	2:0/16
07_probes	n	3:0/64
07_probes	n	4:0/256
07_probes	n	5:0/1024
07_probes	n	6:0/4096
07_probes	n	7:0/16384
07_probes	n	8:0/65536
07_probes	n	1:0/4
07_probes	n	2:0/16
07_probes	n	3:4/64
07_probes	n	4:66/256
07_probes	n	5:512/1024
07_probes	n	6:2860/4096
07_probes	n	7:13332/16384
07_probes	n	8:56313/65536
07_probes	n	4.
07_probes	iciency_as_a_bound6call_a	__RNvCslBZzTB4pgIt_25p6_sufficiency_as_a_bound12call_b_equal
07_probes	iciency_as_a_bound6call_b	__RNvCslBZzTB4pgIt_25p6_sufficiency_as_a_bound12call_b_equal
07_probes	representation	==
07_probes	box	==
07_probes	w	5
08_probes	distinct	1
08_probes	distinct	1
08_probes	i	2
08_probes	f	2
08_probes	p	3
08_probes	e	-2..3
08_probes	distinct	6
08_probes	p	3
08_probes	e	-2..3
08_probes	e	-2
08_probes	distinct	6
08_probes	p	4
08_probes	e	-6..8
08_probes	e	-6
08_probes	distinct	15
08_probes	distinct	8
08_probes	distinct	19
08_probes	distinct	50
08_probes	p	2
08_probes	e	-2..2
08_probes	distinct	5
08_probes	p	2
08_probes	e	-2..2
08_probes	p	7
08_probes	q	7
08_probes	distinct	1
08_probes	distinct	2
08_probes	distinct	1
08_probes	distinct	1
08_probes	n	16
08_probes	distinct	2
08_probes	p	3
08_probes	e	-1..2
08_probes	distinct	3
08_probes	f	3
08_probes	k	1..64
08_probes	i	2
08_probes	f	2:
08_probes	p	2
08_probes	e	-2..2
08_probes	p	7
08_probes	q	7:
08_probes	distinct	1
08_probes	distinct	1
08_probes	i	2
08_probes	f	2
08_probes	distinct	1
08_probes	distinct	1
08_probes	p	3
08_probes	e	-2..3
08_probes	distinct	6
08_probes	p	3
08_probes	e	-2..3
08_probes	distinct	6
08_probes	e	-2
08_probes	p	4
08_probes	e	-6..8
08_probes	distinct	15
08_probes	e	-6
08_probes	p	8
08_probes	e	-6..7
08_probes	distinct	14
08_probes	e	-6
08_probes	distinct	6
08_probes	distinct	13
08_probes	distinct	36
08_probes	p	2
08_probes	e	-2..2
08_probes	distinct	5
08_probes	p	2
08_probes	e	-2..2
08_probes	p	7
08_probes	q	7
08_probes	distinct	1
08_probes	distinct	1
08_probes	distinct	1
08_probes	distinct	1
08_probes	distinct	1
08_probes	n	16
08_probes	distinct	1
08_probes	p	3
08_probes	e	-1..2
08_probes	k	1..64
08_probes	p	2
08_probes	e	-2..2
08_probes	p	7
08_probes	q	7:
08_probes	p	3
08_probes	e	-1..2:
08_probes	float	['0'
08_probes	monotone	True
08_probes	inhabited	True
08_probes	p	3
08_probes	e	-2..3
08_probes	monotone	True
08_probes	inhabited	True
08_probes	monotone	True
08_probes	inhabited	True
08_probes	monotone	True
08_probes	inhabited	True
08_probes	monotone	True
08_probes	inhabited	True
08_probes	n	10
08_probes	closure	10
08_probes	closure	15
08_probes	n	10
08_probes	closure	10
08_probes	closure	15
08_probes	n	15
08_probes	closure	15
08_probes	closure	31
08_probes	n	15
08_probes	closure	15
08_probes	closure	31
08_probes	n	15
08_probes	closure	15
08_probes	closure	31
08_probes	n	15
08_probes	closure	15
08_probes	closure	31
08_probes	w	5
08_probes	p	5:
08_probes	n	30
08_probes	meet	30
08_probes	join	79
08_probes	n	12
08_probes	meet	24
08_probes	join	24
08_probes	n	30
08_probes	meet	30
08_probes	join	79
08_probes	injective	True
08_probes	order	value
08_probes	injective	True
08_probes	order	value
08_probes	injective	False
08_probes	order	value
08_probes	injective	False
08_probes	order	value
08_probes	injective	True
08_probes	order	value
08_probes	injective	True
08_probes	order	value
08_probes	injective	False
08_probes	order	value
08_probes	injective	False
08_probes	order	value
08_probes	injective	True
08_probes	order	value
08_probes	injective	False
08_probes	order	value
08_probes	p	2
08_probes	injective	False
08_probes	order	value
08_probes	file	==
08_probes	l_b16_ibl_b16_b1w_eeeeb2_	__RINvCsf25xKF8qdgZ_22p3_segmented_typestate5widenINtB2_4ConsINtB2_1SNtB2_1ZEIBL_BV_IBL_BV_NtB2_3NilEEEIBL_B13_B1b_EEB2_
08_probes	ibl_bv_ibl_bv_b1i_eeeeb2_	__RINvCsf25xKF8qdgZ_22p3_segmented_typestate5widenINtB2_4ConsINtB2_1SNtB2_1ZEIBL_BV_IBL_BV_NtB2_3NilEEEIBL_B13_B1b_EEB2_
08_probes	ted_typestate10widen_bare	__RINvCsf25xKF8qdgZ_22p3_segmented_typestate5widenINtB2_4ConsINtB2_1SNtB2_1ZEIBL_BV_IBL_BV_NtB2_3NilEEEIBL_B13_B1b_EEB2_
08_probes	te21call_fixed_to_unnamed	__RINvCsf25xKF8qdgZ_22p3_segmented_typestate5widenINtB2_4ConsINtB2_1SNtB2_1ZEIBL_BV_IBL_BV_NtB2_3NilEEEIBL_B13_B1b_EEB2_
08_probes	te21call_float_to_unnamed	__RINvCsf25xKF8qdgZ_22p3_segmented_typestate5widenINtB2_4ConsINtB2_1SNtB2_1ZEIBL_BV_IBL_BV_NtB2_3NilEEEIBL_B13_B1b_EEB2_
08_probes	e22call_tapered_to_finest	__RINvCsf25xKF8qdgZ_22p3_segmented_typestate5widenINtB2_4ConsINtB2_1SNtB2_1ZEIBL_BV_IBL_BV_NtB2_3NilEEEIBL_B13_B1b_EEB2_
08_probes	reading	==
100_probes	threads	1
100_probes	n	1048576
100_probes	n	2097152
100_probes	n	4194304
100_probes	n	8388608
100_probes	n	1048576
100_probes	n	2097152
100_probes	n	4194304
100_probes	n	8388608
100_probes	n	1048576
100_probes	n	2097152
100_probes	n	4194304
100_probes	n	8388608
100_probes	n	1048576
100_probes	n	2097152
100_probes	n	4194304
100_probes	n	8388608
100_probes	n	1048576
100_probes	n	2097152
100_probes	n	4194304
100_probes	n	8388608
100_probes	n	1048576
100_probes	n	2097152
100_probes	n	4194304
100_probes	n	8388608
100_probes	p	0.95
100_probes	p	0.80
100_probes	regret	(held
100_probes	n	1048576
100_probes	n	2097152
100_probes	n	4194304
100_probes	n	8388608
100_probes	regret	(held
100_probes	n	1048576
100_probes	n	2097152
100_probes	n	4194304
100_probes	n	8388608
100_probes	regret	(held
100_probes	n	1048576
100_probes	n	2097152
100_probes	n	4194304
100_probes	n	8388608
100_probes	regret	(held
100_probes	n	1048576
100_probes	n	2097152
100_probes	n	4194304
100_probes	n	8388608
100_probes	regret	(held
100_probes	n	1048576
100_probes	n	2097152
100_probes	n	4194304
100_probes	n	8388608
100_probes	regret	(held
100_probes	n	1048576
100_probes	n	2097152
100_probes	n	4194304
100_probes	n	8388608
100_probes	p	0.95
100_probes	p	0.80
100_probes	w	['32'
100_probes	w	['1'
100_probes	compile	==
100_probes	assembly	==
100_probes	_e2_weighted	_e1_named
100_probes	reaches	==
100_probes	_e2_weighted	_e1_named
100_probes	compile	==
100_probes	key	W
100_probes	time	==
100_probes	survive	==
100_probes	verdict	==
101_probes	r	w2/w1
101_probes	r	0
101_probes	r	1e-1
101_probes	section	=
101_probes	r	0
101_probes	r	1e-3
101_probes	section	=
101_probes	r	0
101_probes	r	1e-6
101_probes	section	=
101_probes	r	0
101_probes	r	1e-12
101_probes	section	=
101_probes	r	0
101_probes	r	0
101_probes	r	w2/w1
101_probes	r	0
101_probes	r	1e-1
101_probes	r	0
101_probes	r	1e-3
101_probes	r	0
101_probes	r	1e-6
101_probes	r	0
101_probes	r	1e-12
101_probes	r	0
101_probes	r	0
101_probes	r	1e1
101_probes	r	1e3
101_probes	r	1e6
101_probes	r	1e12
101_probes	n	16384
101_probes	n	131072
101_probes	n	1048576
101_probes	n	2097152
101_probes	n	4194304
101_probes	n	8388608
101_probes	arms	5
101_probes	regions	6
101_probes	pairs	60
101_probes	arms	4
101_probes	regions	6
101_probes	pairs	36
101_probes	arms	5
101_probes	regions	12
101_probes	pairs	120
101_probes	arms	3
101_probes	regions	6
101_probes	pairs	18
101_probes	w_i	w'_i
101_probes	arms	6
101_probes	arms	5
101_probes	regions	12
101_probes	arms	6
101_probes	arms	4
101_probes	dominated	1
101_probes	dominated	1
101_probes	dominated	1
101_probes	dominated	0
101_probes	dominated	0
101_probes	dominated	0
101_probes	dominated	1
101_probes	dominated	1
101_probes	dominated	1
101_probes	dominated	0
101_probes	dominated	0
101_probes	dominated	0
101_probes	arms	6
101_probes	regions	6
101_probes	arms	5
101_probes	regions	6
101_probes	arms	6
101_probes	regions	6
101_probes	arms	5
101_probes	regions	6
101_probes	arms	6
101_probes	regions	12
101_probes	arms	4
101_probes	regions	6
101_probes	floor	95%
101_probes	signal	(max
101_probes	pair	bitpack-carrier-d16
101_probes	pair	bitpack-contend-d16
101_probes	pair	bitpack-contend-d16
101_probes	pair	bitpack-wide-d16
101_probes	ulp	2^-8
101_probes	k	4:
101_probes	ulp	2^-8
101_probes	k	1
101_probes	key	W
101_probes	ulp	2^-8
101_probes	k	4:
101_probes	ulp	2^-8
101_probes	k	1:
101_probes	key	W
101_probes	k	1
101_probes	threaded	true
101_probes	threaded	true
101_probes	threaded	true
101_probes	threaded	true
101_probes	threaded	true
101_probes	threaded	true
101_probes	key	N
101_probes	threads	1
101_probes	threads	1
101_probes	threads	1'
101_probes	lower	better.
102_probes	lower	better.
102_probes	outputs_may_differ	true
102_probes	w	13
102_probes	n	2
102_probes	seed	10:
102_probes	w	13
102_probes	a	fine
102_probes	b	declared
102_probes	k	4
102_probes	everywhere	A
102_probes	k	16
102_probes	everywhere	A
102_probes	k	64
102_probes	everywhere	A
102_probes	type	lib
102_probes	failure	==
102_probes	value	=
102_probes	value	=
102_probes	branches	0
102_probes	instructions	10
102_probes	branches	0
102_probes	instructions	9
102_probes	branches	0
102_probes	instructions	10
102_probes	above	==
102_probes	establishes	==
102_probes	here	==
102_probes	k	16
102_probes	sigma	0.00273
102_probes	arms	18
102_probes	k	16
102_probes	k	4
103_probes	distinct	54176
103_probes	top	[('333.8'
103_probes	top	[('100'
103_probes	top	[('0'
103_probes	top	[('2.5'
103_probes	top	[('0'
103_probes	top	[('0'
103_probes	top	[('0'
103_probes	distinct	81324
103_probes	top	[('452.9'
103_probes	top	[('0.0'
103_probes	top	[(''
103_probes	top	[('0'
103_probes	top	[('warm'
103_probes	top	[('1'
103_probes	top	[('1'
103_probes	top	[(''
103_probes	top	[('0.0'
103_probes	top	[('warm-container-native'
103_probes	spread	0
103_probes	spread	2
103_probes	spread	8
103_probes	spread	20
103_probes	r	2
103_probes	p	24>
103_probes	r	10
103_probes	p	7>
103_probes	neg	false
103_probes	exp	0
103_probes	exp	0
103_probes	outputs_may_differ	false
103_probes	max_relative_error	None
103_probes	cross_variant	Some(ByteExact
103_probes	per_variant	true
103_probes	spread	0
103_probes	seeds	100
103_probes	seeds	100
103_probes	seed	17010672633609114990
103_probes	spread	2
103_probes	seeds	100
103_probes	seeds	100
103_probes	seed	17010672633609114990
103_probes	spread	8
103_probes	seeds	100
103_probes	seeds	100
103_probes	seed	17010672633609114990
103_probes	spread	20
103_probes	seeds	100
103_probes	seeds	100
103_probes	seed	17010672633609114990
103_probes	pct	0
103_probes	seeds	100
103_probes	seeds	0
103_probes	pct	10
103_probes	seeds	100
103_probes	seeds	0
103_probes	pct	25
103_probes	seeds	100
103_probes	seeds	0
103_probes	pct	50
103_probes	seeds	100
103_probes	seeds	0
103_probes	pct	75
103_probes	seeds	100
103_probes	seeds	0
103_probes	pct	100
103_probes	seeds	100
103_probes	seeds	0
103_probes	outputs_may_differ	false
103_probes	n	0
103_probes	consent	must
103_probes	n	2
103_probes	consent	must
103_probes	n	20
103_probes	consent	must
103_probes	n	8
103_probes	consent	must
103_probes	n	0
103_probes	consent	must
103_probes	n	10
103_probes	consent	must
103_probes	n	100
103_probes	consent	must
103_probes	n	25
103_probes	consent	must
103_probes	n	50
103_probes	consent	must
103_probes	n	75
103_probes	consent	must
103_probes	n	1024
103_probes	consent	may
103_probes	n	256
103_probes	consent	may
103_probes	n	4096
103_probes	consent	may
103_probes	n	64
103_probes	consent	may
103_probes	n	16
103_probes	consent	-
103_probes	n	32
103_probes	consent	-
103_probes	n	64
103_probes	consent	-
103_probes	n	16
103_probes	consent	-
103_probes	n	32
103_probes	consent	-
103_probes	n	64
103_probes	consent	-
103_probes	exp	0
103_probes	samples	80
103_probes	rel_time	1.180
103_probes	samples	80
103_probes	rel_time	1.000
103_probes	samples	80
103_probes	mean_ns	11179.43
103_probes	rel_time	1.507
103_probes	samples	80
103_probes	rel_time	1.000
103_probes	samples	80
103_probes	mean_ns	12508.19
103_probes	rel_time	1.553
103_probes	samples	80
103_probes	rel_time	1.000
103_probes	samples	80
103_probes	mean_ns	13757.85
103_probes	rel_time	1.640
103_probes	samples	80
103_probes	rel_time	1.000
103_probes	samples	80
103_probes	rel_time	1.000
103_probes	samples	80
103_probes	rel_time	17.893
103_probes	samples	80
103_probes	rel_time	1.000
103_probes	samples	80
103_probes	rel_time	17.115
103_probes	samples	80
103_probes	rel_time	1.000
103_probes	samples	80
103_probes	rel_time	15.225
103_probes	samples	80
103_probes	rel_time	1.000
103_probes	samples	80
103_probes	rel_time	13.123
103_probes	bridge	RadixAdd
103_probes	bridge	RadixAdd
103_probes	bridge	RadixAdd
103_probes	bridge	RadixAdd
103_probes	bridge	ByteRoutine
103_probes	bridge	ByteRoutine
103_probes	bridge	ByteRoutine
103_probes	bridge	ByteRoutine
103_probes	bridge	AddSweep
103_probes	bridge	AddSweep
103_probes	bridge	AddSweep
103_probes	bridge	AddSweep
103_probes	bridge	AddSweep
103_probes	bridge	AddSweep
103_probes	bridge	-
103_probes	bridge	-
103_probes	bridge	-
103_probes	bridge	-
103_probes	bridge	-
103_probes	bridge	-
106_probes	threads	1
106_probes	threads	1
106_probes	dir	target
106_probes	col	<Column<N>
106_probes	a	extract_aligned(&col.aligned
106_probes	z	extract_zeropad(&col.zeropad
106_probes	expect	col.logical[i]
106_probes	n	{N}"
106_probes	n	{N}"
106_probes	seen	std::vec![false
106_probes	p	p
106_probes	n	{N}"
106_probes	u64	0
106_probes	expect	expect.wrapping_add(v
107_probes	host	==
107_probes	exit	0
107_probes	works	==
107_probes	itself	==
107_probes	claimed	94
107_probes	measured	94
107_probes	claimed	0
107_probes	measured	0
107_probes	claimed	0
107_probes	measured	0
107_probes	claimed	0
107_probes	measured	0
107_probes	claimed	15
107_probes	measured	15
107_probes	claimed	1
107_probes	measured	1
107_probes	claimed	254
107_probes	measured	254
107_probes	claimed	254
107_probes	measured	254
107_probes	count	==
107_probes	file	==
107_probes	sets	==
107_probes	body	==
107_probes	body	==
107_probes	accounting	==
107_probes	list	==
107_probes	member	==
107_probes	it	==
107_probes	reference	==
107_probes	qualifier	==
107_probes	refs	39
107_probes	section	1
107_probes	refs	27
107_probes	section	2
107_probes	refs	38
107_probes	section	7
107_probes	refs	23
107_probes	section	0
107_probes	refs	36
107_probes	section	2
107_probes	refs	43
107_probes	section	2
107_probes	refs	62
107_probes	section	1
107_probes	refs	34
107_probes	section	1
107_probes	refs	13
107_probes	section	6
107_probes	refs	3
107_probes	section	1
107_probes	refs	1
107_probes	section	0
107_probes	refs	1
107_probes	section	0
107_probes	refs	2
107_probes	section	0
107_probes	refs	3
107_probes	section	0
107_probes	refs	4
107_probes	section	0
107_probes	refs	2
107_probes	section	0
107_probes	ref	a
107_probes	refs	347
107_probes	locatable	45
107_probes	themselves	==
107_probes	anchors	29
107_probes	anchors	13
107_probes	anchors	27
107_probes	anchors	19
107_probes	anchors	23
107_probes	anchors	41
107_probes	anchors	0
107_probes	anchors	5
107_probes	union	207
107_probes	carried	34
107_probes	dropped	177
107_probes	class	==
107_probes	list	==
107_probes	carried	==
107_probes	has	==
107_probes	exit	0
107_probes	grep	==
107_probes	dir	target
107_probes	contaminated	84
107_probes	clean	0
107_probes	contaminated	84
107_probes	clean	0
107_probes	contaminated	84
107_probes	clean	0
107_probes	contaminated	428
107_probes	clean	16
107_probes	precondition	==
107_probes	resolvable	1
107_probes	unresolvable	253
107_probes	commit	==
107_probes	dirty	==
107_probes	clean	1
107_probes	dirty	2
107_probes	predicate	==
107_probes	f	0`
107_probes	f	0`
107_probes	drops	==
107_probes	f	0
107_probes	signedness	unsigned
107_probes	threads	1
107_probes	f	0
107_probes	w	7
107_probes	overflow	saturate
107_probes	c	=
107_probes	a	-64
107_probes	b	-64
107_probes	c	1
107_probes	c	=
107_probes	a	-64
107_probes	b	-64
107_probes	c	-1
107_probes	a	-64
107_probes	b	-64
107_probes	c	1
107_probes	f	0
107_probes	model	==
107_probes	f	0
107_probes	about	==
107_probes	f	0:
107_probes	f	0
107_probes	threads	1
107_probes	f	0`**
107_probes	unit	==
107_probes	f	=
107_probes	f	0
107_probes	l1	L2
107_probes	f	0
107_probes	instrument	==
107_probes	f	0
107_probes	signedness	signed
107_probes	overflow	saturate
107_probes	window	declared
107_probes	threads	1
107_probes	regions	5
107_probes	arms	5
107_probes	coordinates	3
107_probes	coordinates	2
107_probes	alternatives	3
107_probes	w	4`
107_probes	verbatim	==
107_probes	whole	==
107_probes	exactly	==
107_probes	f	0`
107_probes	signedness	unsigned
108_probes	passed	9
108_probes	failed	0
108_probes	passed	12
108_probes	failed	0
108_probes	passed	6
108_probes	failed	0
108_probes	passed	5
108_probes	failed	0
108_probes	passed	3
108_probes	failed	0
108_probes	passed	6
108_probes	failed	0
108_probes	passed	15
108_probes	failed	0
108_probes	passed	1
108_probes	failed	0
108_probes	passed	3
108_probes	failed	0
108_probes	passed	11
108_probes	failed	0
108_probes	passed	7
108_probes	failed	0
108_probes	passed	15
108_probes	failed	0
108_probes	passed	30
108_probes	failed	0
108_probes	crates	13
108_probes	total_passed	123
108_probes	w	5
108_probes	w	4
108_probes	for	==
108_probes	w	4
108_probes	axis	container
108_probes	exhaustively	==
108_probes	measurement	==
108_probes	predicted	unobservable
108_probes	measured	observable
108_probes	predicted	unobservable
108_probes	measured	observable
108_probes	predicted	unobservable
108_probes	measured	observable
108_probes	predicted	observable
108_probes	measured	unobservable
108_probes	predicted	unobservable
108_probes	measured	observable
108_probes	predicted	unobservable
108_probes	measured	observable
108_probes	predicted	unobservable
108_probes	measured	observable
108_probes	predicted	unobservable
108_probes	measured	observable
108_probes	predicted	unobservable
108_probes	measured	observable
108_probes	predicted	observable
108_probes	measured	unobservable
108_probes	predicted	unobservable
108_probes	measured	observable
108_probes	predicted	unobservable
108_probes	measured	observable
108_probes	predicted	unobservable
108_probes	measured	observable
108_probes	predicted	observable
108_probes	measured	unobservable
108_probes	predicted	unobservable
108_probes	measured	observable
108_probes	predicted	unobservable
108_probes	measured	observable
108_probes	predicted	unobservable
108_probes	measured	observable
108_probes	predicted	unobservable
108_probes	measured	observable
108_probes	predicted	unobservable
108_probes	measured	observable
108_probes	predicted	observable
108_probes	measured	unobservable
108_probes	predicted	unobservable
108_probes	measured	observable
108_probes	predicted	unobservable
108_probes	measured	observable
108_probes	predicted	unobservable
108_probes	measured	observable
108_probes	predicted	observable
108_probes	measured	unobservable
108_probes	predicted	unobservable
108_probes	measured	observable
108_probes	predicted	unobservable
108_probes	measured	observable
108_probes	predicted	unobservable
108_probes	measured	observable
108_probes	predicted	unobservable
108_probes	measured	observable
108_probes	predicted	unobservable
108_probes	measured	observable
108_probes	predicted	observable
108_probes	measured	unobservable
108_probes	predicted	observable
108_probes	measured	unobservable
108_probes	predicted	observable
108_probes	measured	unobservable
108_probes	predicted	observable
108_probes	measured	unobservable
108_probes	predicted	observable
108_probes	measured	unobservable
108_probes	predicted	observable
108_probes	measured	unobservable
108_probes	predicted	observable
108_probes	measured	unobservable
108_probes	predicted	observable
108_probes	measured	unobservable
108_probes	predicted	observable
108_probes	measured	unobservable
108_probes	predicted	observable
108_probes	measured	unobservable
108_probes	predicted	observable
108_probes	measured	unobservable
108_probes	classes	==
108_probes	w	4
108_probes	w	4
108_probes	w	5
108_probes	verdict	==
108_probes	answer	==
108_probes	consequences	==
108_probes	from	==
108_probes	checker	==
108_probes	verdict	==
108_probes	toolchain	==
108_probes	source	==
108_probes	compile	==
108_probes	points	==
108_probes	_b_as_stored	_a_time_first
108_probes	_c_default	_a_time_first
108_probes	_b_other_weighting	_a_size_first
108_probes	_c_overridden	_a_size_first
108_probes	counts	==
108_probes	instructions	15
108_probes	conditional_branches	2
108_probes	csel_family	1
108_probes	instructions	11
108_probes	conditional_branches	2
108_probes	csel_family	1
108_probes	mean	==
108_probes	mislead	==
108_probes	coordinates	==
108_probes	nowhere	==
108_probes	shows	==
108_probes	coordinates	==
108_probes	orthant	==
108_probes	pairs	==
108_probes	regions	6
108_probes	arms	5
108_probes	coordinates	2
108_probes	threads	1
108_probes	costs	==
108_probes	two	a
108_probes	test	==
109_probes	x	6
109_probes	i	8
109_probes	f	0
109_probes	i	4
109_probes	f	4
109_probes	add_associative	true
109_probes	failures	952
109_probes	a	-8
109_probes	b	-8
109_probes	c	1
109_probes	reference	-7
109_probes	rewritten	-8
109_probes	i	8
109_probes	f	0
109_probes	sp	b
109_probes	w	4:
110_probes	key	every
110_probes	f	0
110_probes	f	0
110_probes	radix	2
110_probes	f	0
110_probes	f	1
110_probes	f	2}
110_probes	f	0}
110_probes	f	0}
110_probes	f	0}
110_probes	w	4:
110_probes	f	0:
110_probes	f	0-only
110_probes	f	0-only
110_probes	f	0-only
110_probes	f	0
110_probes	w	5
110_probes	f	0
110_probes	f	0:
110_probes	f	0
110_probes	f	0:
110_probes	f	0:
110_probes	f	0:
110_probes	f	0:
110_probes	f	0:
110_probes	f	0:
110_probes	f	0
110_probes	f	0
110_probes	step	radix^0
110_probes	f	0
110_probes	f	0:
110_probes	f	1:
110_probes	f	0:
110_probes	f	1:
110_probes	f	0:
110_probes	f	1:
110_probes	units	256
110_probes	units	1000
110_probes	rounding	4
110_probes	zero	3
111_probes	f	0
111_probes	f	0:
111_probes	f	0:
111_probes	f	0
111_probes	f	0
111_probes	f	0
111_probes	w	2
111_probes	w	3
111_probes	w	4
111_probes	w	4
111_probes	f	0
111_probes	w	4
111_probes	f	0
111_probes	w	6
111_probes	f	2
111_probes	c	0
111_probes	c	1
111_probes	c	2
111_probes	w	4
111_probes	f	0
111_probes	w	4
111_probes	f	0
111_probes	w	5
111_probes	f	0
111_probes	w	6
111_probes	f	2
111_probes	c	0
111_probes	c	0
111_probes	c	1
111_probes	c	1
111_probes	c	2
111_probes	c	2
111_probes	_proved_wrap	_proved_sat
111_probes	_ungated_wrap	_proved_sat
111_probes	_unproved_wrap	_proved_sat
111_probes	_unproved_sat	_ungated_sat
111_probes	_unproved_wrap	_ungated_wrap
111_probes	_proved_wrap	_proved_sat
111_probes	_unproved_sat	_ungated_sat
111_probes	_proved_wrap	_proved_sat
111_probes	unproved_sat	=
111_probes	_unproved_sat	_ungated_sat
111_probes	unproved_wrap	=
111_probes	_unproved_wrap	_ungated_wrap
111_probes	hi	100
111_probes	_widen_100_to_200	_plain_identity
111_probes	_widen_7_to_15	_plain_identity
111_probes	_widen_derived	_plain_identity
112_probes	f	0
112_probes	f	1
112_probes	f	1
112_probes	f	0
112_probes	w	4
112_probes	f	0
112_probes	w	4
112_probes	arity	2
112_probes	bounds	all
112_probes	w	4
112_probes	arity	2
112_probes	bounds	all
112_probes	w	4
112_probes	arity	2
112_probes	bounds	all
112_probes	w	4
112_probes	arity	3
112_probes	bounds	uniform:
112_probes	w	5
112_probes	arity	2
112_probes	bounds	all
112_probes	w	5
112_probes	arity	3
112_probes	bounds	uniform:
112_probes	w	6
112_probes	f	2
112_probes	arity	2
112_probes	bounds	all
112_probes	w	6
112_probes	f	2
112_probes	arity	3
112_probes	bounds	uniform
112_probes	f	2
112_probes	f	2
112_probes	discharged	True
112_probes	discharged	True
112_probes	discharged	False
112_probes	discharged	False
112_probes	discharged	True
112_probes	discharged	True
112_probes	discharged	False
112_probes	w	4
112_probes	arity	2
112_probes	w	4
112_probes	arity	2
112_probes	w	4
112_probes	arity	2
112_probes	w	5
112_probes	arity	2
112_probes	w	4
112_probes	arity	3
112_probes	w	5
112_probes	arity	3
112_probes	f	2
112_probes	f	2
112_probes	w	4
112_probes	w	4
112_probes	w	4
112_probes	w	4
112_probes	w	4
112_probes	w	4
112_probes	w	4
112_probes	w	4
112_probes	w	4
112_probes	w	4
112_probes	w	4
112_probes	w	4
112_probes	w	4
112_probes	w	4
112_probes	w	4
112_probes	w	4
112_probes	w	4
112_probes	w	4
112_probes	w	4
112_probes	w	4
112_probes	w	4
112_probes	w	4
112_probes	w	4
112_probes	w	4
112_probes	w	4
112_probes	w	4
112_probes	w	4
112_probes	w	4
112_probes	hi	200
112_probes	hi	255
112_probes	w	4
112_probes	c	0
112_probes	a	0
112_probes	w	4
112_probes	c	0
112_probes	a	0
112_probes	w	4
112_probes	c	0
112_probes	a	0
112_probes	w	4
112_probes	c	0
112_probes	a	0
112_probes	w	4
112_probes	c	0
112_probes	a	0
112_probes	w	4
112_probes	c	0
112_probes	a	0
112_probes	w	4
112_probes	c	0
112_probes	a	0
112_probes	w	4
112_probes	c	0
112_probes	a	0
112_probes	c	0
112_probes	a	0
112_probes	c	0
112_probes	a	0
112_probes	x	8
112_probes	y	8
112_probes	z	15:
112_probes	x	8
112_probes	y	9
112_probes	z	15:
112_probes	x	8
112_probes	y	10
112_probes	z	15:
112_probes	x	9
112_probes	y	8
112_probes	z	15:
112_probes	out	Cons<{
112_probes	out	Cons<{
112_probes	out	Cons<{
112_probes	out	Cons<{
112_probes	c	b:
112_probes	c	b:
112_probes	affine_gated_diff	==
112_probes	corner_gated_diff	==
112_probes	aliases	==
112_probes	_general_diff	_corner_gated_diff
112_probes	_bare_diff	_affine_gated_diff
112_probes	c	0
112_probes	a	0
112_probes	o	0
112_probes	c	0
112_probes	a	0
112_probes	o	0
112_probes	c	0
112_probes	a	0
112_probes	o	0
112_probes	c	0
112_probes	a	0
112_probes	o	0
112_probes	c	0
112_probes	a	0
112_probes	o	0
112_probes	c	0
112_probes	a	0
112_probes	o	0
112_probes	c	0
112_probes	a	0
112_probes	o	0
112_probes	c	0
112_probes	a	0
112_probes	o	0
112_probes	c	0
112_probes	a	0
112_probes	o	0
112_probes	c	0
112_probes	a	0
112_probes	o	0
112_probes	c	0
112_probes	a	0
112_probes	o	0
112_probes	c	0
112_probes	a	0
112_probes	o	0
112_probes	c	0
112_probes	a	0
112_probes	o	0
114_probes	w	2:
114_probes	m	0
114_probes	m	3
114_probes	m	4
114_probes	m	5
114_probes	m	8
114_probes	m	3
114_probes	m	4
114_probes	m	5
114_probes	m	8
114_probes	m	4
114_probes	m	5
114_probes	m	8
114_probes	m	4
114_probes	m	8
114_probes	l	128
114_probes	l	128
114_probes	l	64
114_probes	l	64
114_probes	l	64
114_probes	l	64
114_probes	l	64
114_probes	l	128
115_probes	l	16
115_probes	l	16
115_probes	l	16
115_probes	l	16
116_probes	c	0
116_probes	o	0
116_probes	c	0
116_probes	o	0
116_probes	c	0
116_probes	o	0
116_probes	c	0
116_probes	o	0
116_probes	c	0
116_probes	o	0
116_probes	c	0
116_probes	o	0
116_probes	c	0
116_probes	o	0
116_probes	c	0
116_probes	o	0
116_probes	c	0
116_probes	o	0
116_probes	c	0
116_probes	o	0
116_probes	c	0
116_probes	o	0
116_probes	c	0
116_probes	o	0
116_probes	c	0
116_probes	o	0
116_probes	c	0
116_probes	o	0
116_probes	c	0
116_probes	o	0
116_probes	c	0
116_probes	o	0
116_probes	c	0
116_probes	o	0
116_probes	c	0
116_probes	o	0
116_probes	a	1/4
116_probes	b	4:
116_probes	a	1/4
116_probes	b	17/4:
116_probes	f	0
116_probes	f	2
116_probes	f	0.
116_probes	a	1/4
116_probes	b	4:
116_probes	a	1/4
116_probes	b	17/4:
116_probes	f	0
116_probes	f	2
116_probes	policy	sat'
118_probes	win	13
118_probes	win	17
118_probes	win	21
118_probes	win	13
118_probes	win	13
118_probes	win	13
118_probes	win	13
118_probes	win	13
118_probes	win	13
118_probes	win	21
118_probes	win	13
118_probes	win	13
118_probes	win	13
118_probes	win	11
118_probes	window	V
118_probes	window	V
118_probes	window	V
118_probes	window	V
118_probes	f	0.
118_probes	f	0
118_probes	f	0.
118_probes	x	1/2
118_probes	x	1/2
118_probes	y	1
118_probes	f	0
118_probes	f	0
118_probes	f	0
118_probes	f	0
118_probes	f	1
118_probes	f	2
118_probes	f	2
118_probes	f	1
118_probes	f	2
118_probes	f	0
118_probes	f	1
118_probes	f	0
118_probes	f	1
118_probes	f	0
118_probes	f	0
121_probes	a	-1
121_probes	b	1:
121_probes	w	4
121_probes	w	4
121_probes	a	-1
121_probes	b	1:
121_probes	a	-5
121_probes	b	3:
121_probes	w	3:
121_probes	w	4:
121_probes	w	5:
122_probes	a	-24
122_probes	b	1:
122_probes	w	3
122_probes	arity	2:
122_probes	w	3
122_probes	arity	3:
122_probes	w	4
122_probes	arity	2:
122_probes	w	4
122_probes	arity	3:
122_probes	w	5
122_probes	arity	2:
122_probes	w	5
122_probes	arity	3:
125_probes	e	4
125_probes	op	add
125_probes	f	0
125_probes	w	5
125_probes	op	sub
125_probes	f	0
125_probes	w	5
125_probes	op	mul
125_probes	f	0
125_probes	w	5
125_probes	op	add
125_probes	f	2
125_probes	w	5
125_probes	op	sub
125_probes	f	2
125_probes	w	5
125_probes	op	mul
125_probes	f	2
125_probes	w	5
125_probes	op	add
125_probes	f	0
125_probes	w	5
125_probes	op	sub
125_probes	f	0
125_probes	w	5
125_probes	op	mul
125_probes	f	0
125_probes	w	5
125_probes	op	add
125_probes	f	2
125_probes	w	5
125_probes	op	sub
125_probes	f	2
125_probes	w	5
125_probes	op	mul
125_probes	f	2
125_probes	w	5
125_probes	op	div
125_probes	f	0
125_probes	w	5
125_probes	op	mul
125_probes	f	2
125_probes	w	5
125_probes	w	6
125_probes	op	add
125_probes	f	0
125_probes	w	5
125_probes	op	sub
125_probes	f	0
125_probes	w	5
125_probes	op	mul
125_probes	f	0
125_probes	w	5
125_probes	op	add
125_probes	f	2
125_probes	w	5
125_probes	op	sub
125_probes	f	2
125_probes	w	5
125_probes	op	add
125_probes	f	0
125_probes	w	5
125_probes	op	sub
125_probes	f	0
125_probes	w	5
125_probes	op	mul
125_probes	f	0
125_probes	w	5
125_probes	op	add
125_probes	f	2
125_probes	w	5
125_probes	op	sub
125_probes	f	2
125_probes	w	5
125_probes	op	div
125_probes	f	0
125_probes	w	5
125_probes	op	mul
125_probes	f	2
125_probes	w	5
125_probes	w	6
125_probes	w	3
125_probes	w	3
125_probes	w	3
125_probes	w	3
125_probes	w	3
125_probes	w	3
125_probes	w	3
125_probes	w	3
125_probes	w	3
125_probes	w	3
125_probes	w	4
125_probes	w	4
125_probes	w	4
125_probes	w	4
125_probes	w	4
125_probes	w	4
125_probes	w	4
125_probes	w	4
125_probes	w	4
125_probes	w	4
125_probes	w	5
125_probes	w	5
125_probes	w	5
125_probes	w	5
125_probes	w	5
125_probes	w	5
125_probes	w	5
125_probes	w	5
125_probes	w	5
125_probes	w	5
125_probes	w	4
125_probes	w	4
125_probes	w	4
125_probes	w	4
125_probes	w	4
125_probes	w	4
125_probes	w	4
125_probes	w	4
125_probes	w	4
125_probes	w	4
125_probes	w	4
125_probes	w	4
125_probes	w	3
125_probes	w	3
125_probes	w	3
125_probes	w	3
125_probes	w	3
125_probes	w	3
125_probes	w	3
125_probes	w	3
125_probes	w	3
125_probes	w	3
125_probes	w	4
125_probes	w	4
125_probes	w	4
125_probes	w	4
125_probes	w	4
125_probes	w	4
125_probes	w	4
125_probes	w	4
125_probes	w	4
125_probes	w	4
125_probes	w	5
125_probes	w	5
125_probes	w	5
125_probes	w	5
125_probes	w	5
125_probes	w	5
125_probes	w	5
125_probes	w	5
125_probes	w	5
125_probes	w	5
125_probes	w	3
125_probes	w	3
125_probes	w	3
125_probes	w	3
125_probes	w	3
125_probes	w	3
125_probes	w	3
125_probes	w	3
125_probes	w	3
125_probes	w	3
125_probes	w	4
125_probes	w	4
125_probes	w	4
125_probes	w	4
125_probes	w	4
125_probes	w	4
125_probes	w	4
125_probes	w	4
125_probes	w	4
125_probes	w	4
125_probes	w	5
125_probes	w	5
125_probes	w	5
125_probes	w	5
125_probes	w	5
125_probes	w	5
125_probes	w	5
125_probes	w	5
125_probes	w	5
125_probes	w	5
125_probes	w	4
125_probes	w	4
125_probes	w	4
125_probes	w	4
125_probes	w	4
125_probes	w	4
125_probes	w	4
125_probes	w	4
125_probes	w	4
125_probes	w	4
125_probes	w	4
125_probes	w	4
125_probes	w	8
125_probes	f	1
125_probes	w	8
125_probes	f	1
125_probes	w	8
125_probes	f	3
125_probes	w	8
125_probes	f	3
125_probes	w	8
125_probes	f	5
125_probes	w	8
125_probes	f	5
125_probes	x	1/5
125_probes	y	4/5
126_probes	f	0
126_probes	f	0
126_probes	f	0
126_probes	mode	floor
126_probes	f	0
126_probes	mode	ceil
126_probes	f	0
126_probes	mode	trunc
126_probes	f	0
126_probes	mode	round_half_up
126_probes	f	0
126_probes	mode	round_half_even
126_probes	f	1
126_probes	mode	floor
126_probes	a	1/2
126_probes	b	1/2
126_probes	c	2
126_probes	c	0
126_probes	f	1
126_probes	mode	ceil
126_probes	a	1/2
126_probes	b	1/2
126_probes	c	3/2
126_probes	c	1
126_probes	f	1
126_probes	mode	trunc
126_probes	a	1/2
126_probes	b	1/2
126_probes	c	2
126_probes	c	0
126_probes	f	1
126_probes	mode	round_half_up
126_probes	a	1/2
126_probes	b	1/2
126_probes	c	3/2
126_probes	c	1
126_probes	f	1
126_probes	mode	round_half_even
126_probes	a	1/2
126_probes	b	1/2
126_probes	c	3/2
126_probes	c	0
126_probes	f	2
126_probes	mode	floor
126_probes	a	1/4
126_probes	b	3/4
126_probes	c	3/2
126_probes	c	0
126_probes	f	2
126_probes	mode	ceil
126_probes	a	1/4
126_probes	b	1/4
126_probes	c	5/4
126_probes	c	1/2
126_probes	f	2
126_probes	mode	trunc
126_probes	a	1/4
126_probes	b	3/4
126_probes	c	3/2
126_probes	c	0
126_probes	f	2
126_probes	mode	round_half_up
126_probes	a	1/4
126_probes	b	1/4
126_probes	c	3/2
126_probes	c	0
126_probes	f	2
126_probes	mode	round_half_even
126_probes	a	1/4
126_probes	b	1/2
126_probes	c	3/2
126_probes	c	0
126_probes	f	3
126_probes	mode	floor
126_probes	a	1/4
126_probes	b	3/4
126_probes	c	3/4
126_probes	c	0
126_probes	f	3
126_probes	mode	ceil
126_probes	a	1/4
126_probes	b	5/8
126_probes	c	5/8
126_probes	c	1/4
126_probes	f	3
126_probes	mode	trunc
126_probes	a	1/4
126_probes	b	3/4
126_probes	c	3/4
126_probes	c	0
126_probes	f	3
126_probes	mode	round_half_up
126_probes	a	1/8
126_probes	b	1/2
126_probes	c	1/2
126_probes	c	1/8
126_probes	f	3
126_probes	mode	round_half_even
126_probes	a	1/8
126_probes	b	5/8
126_probes	c	5/8
126_probes	c	1/8
126_probes	f	1
126_probes	mode	floor
126_probes	a	1/2
126_probes	b	1/2
126_probes	c	1/2
126_probes	f	1
126_probes	mode	ceil
126_probes	a	1/2
126_probes	b	1/2
126_probes	c	1/2
126_probes	f	1
126_probes	mode	trunc
126_probes	a	1/2
126_probes	b	1/2
126_probes	c	1/2
126_probes	f	1
126_probes	mode	round_half_up
126_probes	a	1/2
126_probes	b	1/2
126_probes	c	1/2
126_probes	f	1
126_probes	mode	round_half_even
126_probes	a	1/2
126_probes	b	1/2
126_probes	c	1/2
126_probes	f	2
126_probes	mode	floor
126_probes	a	1/4
126_probes	b	1/4
126_probes	c	3/4
126_probes	f	2
126_probes	mode	ceil
126_probes	a	1/4
126_probes	b	1/4
126_probes	c	1/4
126_probes	f	2
126_probes	mode	trunc
126_probes	a	1/4
126_probes	b	1/4
126_probes	c	3/4
126_probes	f	2
126_probes	mode	round_half_up
126_probes	a	1/4
126_probes	b	1/4
126_probes	c	1/4
126_probes	f	2
126_probes	mode	round_half_even
126_probes	a	1/4
126_probes	b	1/4
126_probes	c	1/2
126_probes	f	3
126_probes	mode	floor
126_probes	a	1/8
126_probes	b	1/4
126_probes	c	3/4
126_probes	f	3
126_probes	mode	ceil
126_probes	a	1/8
126_probes	b	1/8
126_probes	c	1/8
126_probes	f	3
126_probes	mode	trunc
126_probes	a	1/8
126_probes	b	1/4
126_probes	c	3/4
126_probes	f	3
126_probes	mode	round_half_up
126_probes	a	1/8
126_probes	b	1/8
126_probes	c	3/8
126_probes	f	3
126_probes	mode	round_half_even
126_probes	a	1/8
126_probes	b	1/8
126_probes	c	1/2
126_probes	mode	floor
126_probes	mode	ceil
126_probes	mode	trunc
126_probes	mode	round_half_up
126_probes	mode	round_half_even
126_probes	x	99/100
126_probes	u	0.5
126_probes	y	101/100
126_probes	u	0.5
126_probes	x	99/100
126_probes	u	0.999
126_probes	y	101/100
126_probes	u	0.001
126_probes	x	1/3
126_probes	exact_x	0.333333
126_probes	n	200000
126_probes	diff	0.00004
126_probes	x	7/8
126_probes	exact_x	0.875000
126_probes	n	200000
126_probes	diff	0.00035
126_probes	x	5/2
126_probes	exact_x	2.500000
126_probes	n	200000
126_probes	diff	0.00176
126_probes	x	0
126_probes	exact_x	0.000000
126_probes	n	200000
126_probes	diff	0.00000
126_probes	x	4
126_probes	exact_x	4.000000
126_probes	n	200000
126_probes	diff	0.00000
126_probes	mode	trunc
126_probes	n	2000
126_probes	error	-0.5000
126_probes	mode	round_half_up
126_probes	n	2000
126_probes	error	+0.5000
126_probes	mode	round_half_even
126_probes	n	2000
126_probes	error	+0.0000
126_probes	exact	3.375
126_probes	exact2	3.0625
126_probes	roundacc	3
126_probes	clamptofinalrange	3
126_probes	thennarrow	3
126_probes	clampthenround	3
126_probes	exact	-91/24
126_probes	double_rounded	-7/2
126_probes	direct_single_round	-4
126_probes	exact	-89/24
126_probes	double_rounded	-4
126_probes	direct_single_round	-7/2
126_probes	exact	-31/8
126_probes	double_rounded	-7/2
126_probes	direct_single_round	-4
126_probes	exact	-89/24
126_probes	double_rounded	-4
126_probes	direct_single_round	-7/2
126_probes	x	1/10
126_probes	frac	0.1
126_probes	u	0.01
126_probes	y	9/10
126_probes	frac	0.9
126_probes	u	0.95
127_probes	u	==
127_probes	u	1/7:
127_probes	u	1/3:
127_probes	u	1/2:
127_probes	u	2/3:
127_probes	u	6/7:
127_probes	u	1/1000:
127_probes	u	999/1000:
127_probes	violate	==
127_probes	carlo	==
127_probes	x	1/4
127_probes	k	0
127_probes	f	1/4
127_probes	x	3/8
127_probes	k	0
127_probes	f	3/8
127_probes	x	-5/3
127_probes	k	-2
127_probes	f	1/3
127_probes	x	0
127_probes	k	0
127_probes	f	0
127_probes	x	7/2
127_probes	k	3
127_probes	f	1/2
127_probes	x	1/4:
127_probes	draws	0.24950
127_probes	target	0.25000
127_probes	diff	0.00050
127_probes	x	3/8:
127_probes	draws	0.37404
127_probes	target	0.37500
127_probes	diff	0.00096
127_probes	x	-5/3:
127_probes	draws	-1.66690
127_probes	target	-1.66667
127_probes	diff	0.00024
127_probes	x	0:
127_probes	draws	0.00000
127_probes	target	0.00000
127_probes	diff	0.00000
127_probes	x	7/2:
127_probes	draws	3.49997
127_probes	target	3.50000
127_probes	diff	0.00003
127_probes	unbiasedness	==
127_probes	u	1/3:
127_probes	u	1/7:
127_probes	violations	0
127_probes	u	1/3:
127_probes	violations	0
127_probes	u	1/2:
127_probes	violations	0
127_probes	u	2/3:
127_probes	violations	0
127_probes	u	6/7:
127_probes	violations	0
127_probes	u	1/1000:
127_probes	violations	0
127_probes	u	999/1000:
127_probes	violations	0
127_probes	summary	==
128_probes	u	1/5:
128_probes	u	1/3:
128_probes	u	1/2:
128_probes	u	17/32:
128_probes	u	4/5:
128_probes	u	1/97:
128_probes	u	96/97:
128_probes	x	-13/32:
128_probes	e	-13/32
128_probes	exact	YES
128_probes	x	7/32:
128_probes	e	7/32
128_probes	exact	YES
128_probes	x	1/2:
128_probes	e	1/2
128_probes	exact	YES
128_probes	x	3:
128_probes	e	3
128_probes	exact	YES
128_probes	x	-27/8:
128_probes	e	-27/8
128_probes	exact	YES
128_probes	u	1/5:
128_probes	u	1/3:
128_probes	u	1/2:
128_probes	u	17/32:
128_probes	u	4/5:
128_probes	u	1/97:
128_probes	u	96/97:
128_probes	w	3
128_probes	u	1/3:
128_probes	w	3
128_probes	u	96/97:
128_probes	w	3
128_probes	u	1/3:
128_probes	w	3
128_probes	u	96/97:
128_probes	w	4
128_probes	u	1/3:
128_probes	w	4
128_probes	u	96/97:
128_probes	w	4
128_probes	u	1/3:
128_probes	w	4
128_probes	u	96/97:
128_probes	f_x	1/5
128_probes	f_y	4/5:
128_probes	inversion	0
128_probes	p11	[Fraction(1
128_probes	inversion	1/25
128_probes	f_x	1/3
128_probes	f_y	1/2:
128_probes	inversion	0
128_probes	p11	[Fraction(1
128_probes	inversion	1/6
128_probes	f_x	3/7
128_probes	f_y	6/7:
128_probes	inversion	0
128_probes	p11	[Fraction(3
128_probes	inversion	3/49
128_probes	f_x	9/10
128_probes	f_y	19/20:
128_probes	inversion	0
128_probes	p11	[Fraction(9
128_probes	inversion	9/200
128_probes	marginals	>
128_probes	m	8:
128_probes	distribution	1/8
128_probes	n	1:
128_probes	var	2/9
128_probes	match	True
128_probes	var	2/9
128_probes	match	True
128_probes	n	1
128_probes	n	2:
128_probes	var	8/9
128_probes	match	True
128_probes	var	4/9
128_probes	match	True
128_probes	n	4:
128_probes	var	32/9
128_probes	match	True
128_probes	var	8/9
128_probes	match	True
128_probes	n	8:
128_probes	var	128/9
128_probes	match	True
128_probes	var	16/9
128_probes	match	True
128_probes	n	10:
128_probes	var	200/9
128_probes	match	True
128_probes	var	20/9
128_probes	match	True
128_probes	covariance	0
128_probes	q	2
128_probes	n	1:
128_probes	var	2/9
128_probes	match	True
128_probes	var	2/9
128_probes	match	True
128_probes	n	1
128_probes	n	2:
128_probes	var	8/9
128_probes	match	True
128_probes	var	4/9
128_probes	match	True
128_probes	n	4:
128_probes	var	32/9
128_probes	match	True
128_probes	var	8/9
128_probes	match	True
128_probes	n	8:
128_probes	var	128/9
128_probes	match	True
128_probes	var	16/9
128_probes	match	True
128_probes	n	10:
128_probes	var	200/9
128_probes	match	True
128_probes	var	20/9
128_probes	match	True
128_probes	covariance	0
128_probes	q	2
129_probes	instrument	==
129_probes	u	1/5:
129_probes	u	1/2:
129_probes	u	4/5:
129_probes	u	1/3:
129_probes	measured	==
129_probes	x	0.5
129_probes	summary	==
130_probes	m	8?
130_probes	m	3:
130_probes	det	1
130_probes	invertible	True
130_probes	m	5:
130_probes	det	1
130_probes	invertible	True
130_probes	m	8:
130_probes	det	1
130_probes	invertible	True
130_probes	m	12:
130_probes	det	1
130_probes	invertible	True
130_probes	m	20:
130_probes	det	1
130_probes	invertible	True
130_probes	m	8
130_probes	search	==
130_probes	n	10
130_probes	n	11:
130_probes	form	242/9
130_probes	match	True
130_probes	form	22/9
130_probes	match	True
130_probes	n	15:
130_probes	form	50
130_probes	match	True
130_probes	form	10/3
130_probes	match	True
130_probes	n	25:
130_probes	form	1250/9
130_probes	match	True
130_probes	form	50/9
130_probes	match	True
130_probes	n	100:
130_probes	form	20000/9
130_probes	match	True
130_probes	form	200/9
130_probes	match	True
130_probes	the	==
130_probes	n	14
130_probes	n	10
130_probes	n	12:
130_probes	var	8/3
130_probes	form	8/3
130_probes	match	True
130_probes	n	14:
130_probes	var	28/9
130_probes	form	28/9
130_probes	match	True
130_probes	finding	==
130_probes	of	==
130_probes	value	==
130_probes	there	==
130_probes	test	==
130_probes	summary	==
130_probes	invertible	True.
130_probes	m	8
130_probes	n	14
131_probes	f	0
131_probes	f	0
131_probes	f	0
131_probes	f	0
131_probes	f	0
131_probes	f	0
131_probes	f	0
131_probes	f	0
131_probes	f	0
131_probes	f	0
131_probes	f	0
131_probes	f	0
131_probes	f	0
131_probes	f	0
131_probes	f	0
131_probes	f	0
131_probes	f	0
131_probes	f	0
131_probes	f	0
131_probes	f	0
131_probes	f	0
131_probes	f	0
131_probes	f	0
131_probes	f	0
131_probes	f	0
131_probes	f	0
131_probes	f	0
131_probes	f	0
131_probes	f	0
131_probes	f	0
131_probes	f	0
131_probes	f	0
131_probes	f	0
131_probes	f	0
131_probes	w	8.
131_probes	w	8
131_probes	op	integer
131_probes	w	8
131_probes	op	integer
131_probes	w	8
131_probes	op	integer
131_probes	w	8
131_probes	f	1:
131_probes	w	8
131_probes	f	2:
131_probes	w	8
131_probes	f	4:
131_probes	w	8
131_probes	f	7:
133_probes	w	4
133_probes	f	1:
133_probes	recount	4
133_probes	form	4
133_probes	match	True
133_probes	control	0
133_probes	differs	True
133_probes	w	4
133_probes	f	2:
133_probes	recount	6
133_probes	form	6
133_probes	match	True
133_probes	control	4
133_probes	differs	True
133_probes	w	4
133_probes	f	3:
133_probes	recount	7
133_probes	form	7
133_probes	match	True
133_probes	control	6
133_probes	differs	True
133_probes	w	6
133_probes	f	1:
133_probes	recount	16
133_probes	form	16
133_probes	match	True
133_probes	control	0
133_probes	differs	True
133_probes	w	6
133_probes	f	2:
133_probes	recount	24
133_probes	form	24
133_probes	match	True
133_probes	control	16
133_probes	differs	True
133_probes	w	6
133_probes	f	3:
133_probes	recount	28
133_probes	form	28
133_probes	match	True
133_probes	control	24
133_probes	differs	True
133_probes	w	6
133_probes	f	4:
133_probes	recount	30
133_probes	form	30
133_probes	match	True
133_probes	control	28
133_probes	differs	True
133_probes	w	6
133_probes	f	5:
133_probes	recount	31
133_probes	form	31
133_probes	match	True
133_probes	control	30
133_probes	differs	True
133_probes	w	8
133_probes	f	1:
133_probes	recount	64
133_probes	form	64
133_probes	match	True
133_probes	control	0
133_probes	differs	True
133_probes	w	8
133_probes	f	2:
133_probes	recount	96
133_probes	form	96
133_probes	match	True
133_probes	control	64
133_probes	differs	True
133_probes	w	8
133_probes	f	3:
133_probes	recount	112
133_probes	form	112
133_probes	match	True
133_probes	control	96
133_probes	differs	True
133_probes	w	8
133_probes	f	4:
133_probes	recount	120
133_probes	form	120
133_probes	match	True
133_probes	control	112
133_probes	differs	True
133_probes	w	8
133_probes	f	5:
133_probes	recount	124
133_probes	form	124
133_probes	match	True
133_probes	control	120
133_probes	differs	True
133_probes	w	8
133_probes	f	6:
133_probes	recount	126
133_probes	form	126
133_probes	match	True
133_probes	control	124
133_probes	differs	True
133_probes	w	8
133_probes	f	7:
133_probes	recount	127
133_probes	form	127
133_probes	match	True
133_probes	control	126
133_probes	differs	True
133_probes	w	4
133_probes	f	1:
133_probes	match	True
133_probes	w	4
133_probes	f	2:
133_probes	match	True
133_probes	w	6
133_probes	f	1:
133_probes	match	True
133_probes	w	6
133_probes	f	2:
133_probes	match	True
133_probes	w	8
133_probes	f	1:
133_probes	match	True
133_probes	w	8
133_probes	f	2:
133_probes	match	True
133_probes	w	8
133_probes	f	3:
133_probes	match	True
133_probes	w	8
133_probes	f	4:
133_probes	match	True
133_probes	w	8
133_probes	f	5:
133_probes	match	True
133_probes	w	8
133_probes	f	7:
133_probes	match	True
133_probes	retraction	=
133_probes	m	3:
133_probes	equal	True
133_probes	m	3:
133_probes	m	4:
133_probes	equal	True
133_probes	m	4:
133_probes	m	5:
133_probes	equal	True
133_probes	m	5:
133_probes	m	4:
133_probes	monotone	False
135_probes	subpoints	==
135_probes	k	-3
135_probes	k	+3.
135_probes	m	5:
135_probes	k	-5
135_probes	k	+5
135_probes	m	8:
135_probes	k	-5
135_probes	k	+5
135_probes	frac	==
135_probes	n	5
135_probes	f	1/3
135_probes	k	-4
135_probes	k	+4
135_probes	var	50/9
135_probes	var	10/9
135_probes	n	10
135_probes	f	1/3
135_probes	k	-4
135_probes	k	+4
135_probes	var	200/9
135_probes	var	20/9
135_probes	check	==
135_probes	x	-1/2
135_probes	k	-1
135_probes	x	1/2
135_probes	k	0
135_probes	positions	1
135_probes	x	-1/2
135_probes	k	-1
135_probes	positions	1
135_probes	summary	==
136_probes	f_fine	2
136_probes	cells	2:
136_probes	cells	16
136_probes	f_fine	2
136_probes	cells	3:
136_probes	cells	64
136_probes	f_fine	3
136_probes	cells	2:
136_probes	cells	64
136_probes	monotone	False
136_probes	suffix	False
136_probes	witness	None
136_probes	w	9
136_probes	f	4
136_probes	f_exact	4
136_probes	f_mid	2
136_probes	f_final	0
136_probes	direct	-16
136_probes	staged	-15
136_probes	direct	-15
136_probes	staged	-16
136_probes	found_monotone_nonlocal	False
136_probes	w	7
136_probes	f	3
136_probes	m	5:
136_probes	value	['1/5'
136_probes	m	8:
136_probes	value	['1/8'
136_probes	m	5:
136_probes	m	8:
136_probes	n	5:
136_probes	value	(50/9
136_probes	k	-4
136_probes	k	+4
136_probes	differ	True
136_probes	n	10:
136_probes	value	(200/9
136_probes	k	-4
136_probes	k	+4
136_probes	differ	True
136_probes	m	5
136_probes	k	-3
136_probes	k	+3
136_probes	differ	True
136_probes	m	8
136_probes	k	-3
136_probes	k	+3
136_probes	differ	True
136_probes	w	15
136_probes	w	16
136_probes	operation	addition
136_probes	rounding	every
136_probes	domain	rationals
136_probes	threads	1
136_probes	policy	wrapping
136_probes	rounding	toward-zero
136_probes	signedness	signed
136_probes	threads	1
136_probes	f	0
136_probes	operation	multiplication
136_probes	fraction	1/3
136_probes	shape	one
136_probes	threads	1
136_probes	type	library
136_probes	gates	none
136_probes	types	none
136_probes	threshold	a
136_probes	toolchain	the
136_probes	keys	['W'
136_probes	threads	1
136_probes	threads	1
136_probes	threads	1
136_probes	domain	rationals
137_probes	crate	==
137_probes	panel	==
137_probes	toolchain	nightly-2026-05-28
137_probes	host	this
137_probes	opened	==
137_probes	it	==
137_probes	side	==
137_probes	chronologically	==
137_probes	rounding	toward-zero
137_probes	policy	wrapping
137_probes	f	0
137_probes	operation	mult
137_probes	fraction	1/3
137_probes	toolchain	the
137_probes	rounding	toward-zero
137_probes	policy	wrapping
137_probes	signedness	signed
137_probes	fraction	1/3
137_probes	axis	one-dimensional**
137_probes	composition	==
137_probes	direct	-16
137_probes	staged	-15
137_probes	direct	-15
137_probes	staged	-16
137_probes	w	9`
137_probes	f	4`
137_probes	k	-4
137_probes	k	+4
137_probes	differ	True
137_probes	k	-4
137_probes	k	+4
137_probes	differ	True
137_probes	predicate	==
137_probes	operation	addition
137_probes	rounding	every
137_probes	domain	rationals
137_probes	threads	1
137_probes	f	0
137_probes	operation	multiplication
137_probes	keys	['W'
137_probes	m	5
137_probes	k	-3
137_probes	k	+3
137_probes	differ	True
137_probes	m	8
137_probes	stripped	16
137_probes	unstripped	19
137_probes	delta	+3
137_probes	stripped	10
137_probes	unstripped	10
137_probes	delta	+0
137_probes	stripped	22
137_probes	unstripped	22
137_probes	delta	+0
137_probes	stripped	19
137_probes	unstripped	24
137_probes	delta	+5
137_probes	sweep	==
137_probes	signedness	signed
137_probes	f_exact	4
137_probes	f_intermediate	2
137_probes	f_final	0
137_probes	threads	1.
137_probes	w	9
137_probes	f	4
137_probes	f_exact	4
137_probes	f_mid	2
137_probes	f_final	0
137_probes	result	==
137_probes	witness	None
137_probes	found_monotone_nonlocal	False
137_probes	w	7
137_probes	f	3
137_probes	f	0
137_probes	toolchain	the
137_probes	domain	yes
139_probes	w	6
139_probes	f	0
139_probes	signed	false
139_probes	stride3	1
139_probes	domain	64
139_probes	policy	536576
139_probes	real	2
139_probes	equal	1
139_probes	equal	13
139_probes	w	6
139_probes	f	0
139_probes	signed	true
139_probes	stride3	1
139_probes	domain	64
139_probes	policy	536576
139_probes	real	3
139_probes	equal	1
139_probes	equal	13
139_probes	w	6
139_probes	f	3
139_probes	signed	false
139_probes	stride3	1
139_probes	domain	64
139_probes	policy	536576
139_probes	real	8
139_probes	equal	1
139_probes	equal	13
139_probes	w	6
139_probes	f	3
139_probes	signed	true
139_probes	stride3	1
139_probes	domain	64
139_probes	policy	536576
139_probes	real	12
139_probes	equal	1
139_probes	equal	13
139_probes	w	8
139_probes	f	0
139_probes	signed	true
139_probes	stride3	8
139_probes	domain	256
139_probes	policy	262144
139_probes	real	3
139_probes	equal	1
139_probes	equal	13
139_probes	w	8
139_probes	f	4
139_probes	signed	true
139_probes	stride3	8
139_probes	domain	256
139_probes	policy	262144
139_probes	real	12
139_probes	equal	1
139_probes	equal	13
139_probes	w	8
139_probes	f	4
139_probes	signed	false
139_probes	stride3	8
139_probes	domain	256
139_probes	policy	262144
139_probes	real	8
139_probes	equal	1
139_probes	equal	13
139_probes	w	8
139_probes	f	0
139_probes	signed	false:
139_probes	pairs	65536
139_probes	differ	0
139_probes	results	65025
139_probes	inputs	63568
139_probes	w	8
139_probes	f	0
139_probes	signed	true:
139_probes	pairs	65536
139_probes	differ	0
139_probes	results	65025
139_probes	inputs	62463
139_probes	w	8
139_probes	f	3
139_probes	signed	false:
139_probes	pairs	65536
139_probes	differ	0
139_probes	results	65009
139_probes	inputs	56140
139_probes	w	8
139_probes	f	3
139_probes	signed	true:
139_probes	pairs	65536
139_probes	differ	0
139_probes	results	64961
139_probes	inputs	50041
139_probes	w	8
139_probes	f	7
139_probes	signed	true:
139_probes	pairs	65536
139_probes	differ	0
139_probes	results	62477
139_probes	inputs	1
139_probes	w	10
139_probes	f	5
139_probes	signed	true:
139_probes	pairs	1048576
139_probes	differ	0
139_probes	results	1046077
139_probes	inputs	801141
139_probes	w	6
139_probes	f	0
139_probes	signed	false
139_probes	stride	1:
139_probes	pairs	0/4096
139_probes	w	6
139_probes	f	0
139_probes	signed	false
139_probes	stride	1:
139_probes	pairs	0/4096
139_probes	w	6
139_probes	f	0
139_probes	signed	true
139_probes	stride	1:
139_probes	pairs	0/4096
139_probes	w	6
139_probes	f	0
139_probes	signed	true
139_probes	stride	1:
139_probes	pairs	0/4096
139_probes	a	-32
139_probes	b	-32
139_probes	c	-32
139_probes	unfused	-1
139_probes	fused	31
139_probes	w	6
139_probes	f	2
139_probes	signed	false
139_probes	stride	1:
139_probes	pairs	2048/4096
139_probes	w	6
139_probes	f	2
139_probes	signed	false
139_probes	stride	1:
139_probes	pairs	2048/4096
139_probes	w	6
139_probes	f	2
139_probes	signed	true
139_probes	stride	1:
139_probes	pairs	2048/4096
139_probes	a	-31
139_probes	b	-3
139_probes	c	-32
139_probes	unfused	-9
139_probes	fused	-8
139_probes	w	6
139_probes	f	2
139_probes	signed	true
139_probes	stride	1:
139_probes	pairs	2048/4096
139_probes	a	-32
139_probes	b	-32
139_probes	c	-32
139_probes	unfused	-1
139_probes	fused	31
139_probes	w	6
139_probes	f	4
139_probes	signed	true
139_probes	stride	1:
139_probes	pairs	3328/4096
139_probes	a	-31
139_probes	b	-15
139_probes	c	-32
139_probes	unfused	-3
139_probes	fused	-2
139_probes	w	6
139_probes	f	4
139_probes	signed	true
139_probes	stride	1:
139_probes	pairs	3328/4096
139_probes	a	-32
139_probes	b	-32
139_probes	c	-32
139_probes	unfused	-1
139_probes	fused	31
139_probes	w	8
139_probes	f	3
139_probes	signed	false
139_probes	stride	5:
139_probes	pairs	1833/2704
139_probes	w	8
139_probes	f	3
139_probes	signed	false
139_probes	stride	5:
139_probes	pairs	1833/2704
139_probes	w	8
139_probes	f	3
139_probes	signed	true
139_probes	stride	5:
139_probes	pairs	1833/2704
139_probes	a	-123
139_probes	b	-3
139_probes	c	-128
139_probes	unfused	-82
139_probes	fused	-81
139_probes	w	8
139_probes	f	3
139_probes	signed	true
139_probes	stride	5:
139_probes	pairs	1833/2704
139_probes	a	-128
139_probes	b	-128
139_probes	c	-128
139_probes	unfused	-1
139_probes	fused	127
139_probes	w	8
139_probes	f	7
139_probes	signed	true
139_probes	stride	5:
139_probes	pairs	2562/2704
139_probes	a	-123
139_probes	b	-123
139_probes	c	-128
139_probes	unfused	-10
139_probes	fused	-9
139_probes	w	8
139_probes	f	7
139_probes	signed	true
139_probes	stride	5:
139_probes	pairs	2562/2704
139_probes	a	-128
139_probes	b	-128
139_probes	c	-128
139_probes	unfused	-1
139_probes	fused	0
139_probes	w	6
139_probes	signed	false
139_probes	f	0:
139_probes	f	1:
139_probes	f	2:
139_probes	f	3:
139_probes	f	4:
139_probes	f	5:
139_probes	signed	false
139_probes	f	0:
139_probes	f	1:
139_probes	f	2:
139_probes	f	3:
139_probes	f	4:
139_probes	f	5:
139_probes	signed	true
139_probes	f	0:
139_probes	f	1:
139_probes	f	2:
139_probes	f	3:
139_probes	f	4:
139_probes	f	5:
139_probes	signed	true
139_probes	f	0:
139_probes	f	1:
139_probes	f	2:
139_probes	f	3:
139_probes	f	4:
139_probes	f	5:
139_probes	w	6
139_probes	w	6:
139_probes	signed	false
139_probes	f	0:
139_probes	f	1:
139_probes	f	2:
139_probes	f	3:
139_probes	f	4:
139_probes	f	5:
139_probes	signed	false
139_probes	f	0:
139_probes	f	1:
139_probes	f	2:
139_probes	f	3:
139_probes	f	4:
139_probes	f	5:
139_probes	signed	true
139_probes	f	0:
139_probes	f	1:
139_probes	f	2:
139_probes	f	3:
139_probes	f	4:
139_probes	f	5:
139_probes	signed	true
139_probes	f	0:
139_probes	f	1:
139_probes	f	2:
139_probes	f	3:
139_probes	f	4:
139_probes	f	5:
139_probes	signed	false
139_probes	f	0:
139_probes	arm	0
139_probes	violator	262144/262144
139_probes	signed	false
139_probes	f	2:
139_probes	arm	0
139_probes	violator	262144/262144
139_probes	signed	false
139_probes	f	4:
139_probes	arm	0
139_probes	violator	262144/262144
139_probes	signed	false
139_probes	f	0:
139_probes	arm	0
139_probes	violator	262144/262144
139_probes	signed	false
139_probes	f	2:
139_probes	arm	0
139_probes	violator	262144/262144
139_probes	signed	false
139_probes	f	4:
139_probes	arm	0
139_probes	violator	262144/262144
139_probes	signed	true
139_probes	f	0:
139_probes	arm	0
139_probes	violator	262144/262144
139_probes	signed	true
139_probes	f	2:
139_probes	arm	0
139_probes	violator	262144/262144
139_probes	signed	true
139_probes	f	4:
139_probes	arm	0
139_probes	violator	262144/262144
139_probes	signed	true
139_probes	f	0:
139_probes	needed	32
139_probes	arm	0
139_probes	violator	262144/262144
139_probes	signed	true
139_probes	f	2:
139_probes	needed	32
139_probes	arm	0
139_probes	violator	262144/262144
139_probes	signed	true
139_probes	f	4:
139_probes	needed	32
139_probes	arm	0
139_probes	violator	262144/262144
139_probes	arms	7
139_probes	nondominated	6
139_probes	points	80601
139_probes	cost	[
139_probes	wins	55720
139_probes	cost	[
139_probes	wins	4514
139_probes	cost	[
139_probes	wins	2269
139_probes	cost	[
139_probes	wins	52
139_probes	cost	[
139_probes	wins	18046
139_probes	cost	[
139_probes	wins	0
139_probes	cost	[
139_probes	wins	0
139_probes	arms	7
139_probes	nondominated	6
139_probes	points	80601
139_probes	cost	[
139_probes	wins	20102
139_probes	cost	[
139_probes	wins	3514
139_probes	cost	[
139_probes	wins	4153
139_probes	cost	[
139_probes	wins	683
139_probes	cost	[
139_probes	wins	52149
139_probes	cost	[
139_probes	wins	0
139_probes	cost	[
139_probes	wins	0
139_probes	w	(1
139_probes	w	(0
139_probes	w	(1/3
139_probes	w	(1
139_probes	w	(0
139_probes	w	(1/3
139_probes	cost	[
139_probes	nondominated	true
139_probes	wins	1001
139_probes	cost	[10.0
139_probes	nondominated	true
139_probes	wins	1000
139_probes	cost	[
139_probes	nondominated	true
139_probes	wins	0
139_probes	disagreements	0
139_probes	results	129773
139_probes	library	127
139_probes	consumer	127
139_probes	runtime	127
139_probes	body	5
139_probes	arm_fast	1
139_probes	arm_small	0
139_probes	branches	0
139_probes	body	5
139_probes	arm_fast	0
139_probes	arm_small	1
139_probes	branches	0
139_probes	body	9
139_probes	arm_fast	1
139_probes	arm_small	1
139_probes	branches	1
139_probes	w	3
139_probes	f	0
139_probes	off	0:
139_probes	differ	0
139_probes	differs	119
139_probes	nonzero	162
139_probes	saturating	57
139_probes	failures	0
139_probes	w	3
139_probes	f	0
139_probes	off	1:
139_probes	differ	0
139_probes	differs	119
139_probes	nonzero	162
139_probes	saturating	57
139_probes	failures	0
139_probes	w	3
139_probes	f	0
139_probes	off	7:
139_probes	differ	0
139_probes	differs	119
139_probes	nonzero	162
139_probes	saturating	57
139_probes	failures	0
139_probes	w	3
139_probes	f	0
139_probes	off	13:
139_probes	differ	0
139_probes	differs	119
139_probes	nonzero	162
139_probes	saturating	57
139_probes	failures	0
139_probes	w	3
139_probes	f	0
139_probes	off	59:
139_probes	differ	0
139_probes	differs	119
139_probes	nonzero	162
139_probes	saturating	57
139_probes	failures	0
139_probes	w	3
139_probes	f	0
139_probes	off	61:
139_probes	differ	0
139_probes	differs	119
139_probes	nonzero	162
139_probes	saturating	57
139_probes	failures	0
139_probes	w	3
139_probes	f	2
139_probes	off	0:
139_probes	differ	0
139_probes	differs	119
139_probes	nonzero	152
139_probes	saturating	33
139_probes	failures	0
139_probes	w	3
139_probes	f	2
139_probes	off	1:
139_probes	differ	0
139_probes	differs	119
139_probes	nonzero	152
139_probes	saturating	33
139_probes	failures	0
139_probes	w	3
139_probes	f	2
139_probes	off	7:
139_probes	differ	0
139_probes	differs	119
139_probes	nonzero	152
139_probes	saturating	33
139_probes	failures	0
139_probes	w	3
139_probes	f	2
139_probes	off	13:
139_probes	differ	0
139_probes	differs	119
139_probes	nonzero	152
139_probes	saturating	33
139_probes	failures	0
139_probes	w	3
139_probes	f	2
139_probes	off	59:
139_probes	differ	0
139_probes	differs	119
139_probes	nonzero	152
139_probes	saturating	33
139_probes	failures	0
139_probes	w	3
139_probes	f	2
139_probes	off	61:
139_probes	differ	0
139_probes	differs	119
139_probes	nonzero	152
139_probes	saturating	33
139_probes	failures	0
139_probes	w	5
139_probes	f	0
139_probes	off	0:
139_probes	differ	0
139_probes	differs	1907
139_probes	nonzero	2946
139_probes	saturating	1285
139_probes	failures	0
139_probes	w	5
139_probes	f	0
139_probes	off	1:
139_probes	differ	0
139_probes	differs	1907
139_probes	nonzero	2946
139_probes	saturating	1285
139_probes	failures	0
139_probes	w	5
139_probes	f	0
139_probes	off	7:
139_probes	differ	0
139_probes	differs	1907
139_probes	nonzero	2946
139_probes	saturating	1285
139_probes	failures	0
139_probes	w	5
139_probes	f	0
139_probes	off	13:
139_probes	differ	0
139_probes	differs	1907
139_probes	nonzero	2946
139_probes	saturating	1285
139_probes	failures	0
139_probes	w	5
139_probes	f	0
139_probes	off	59:
139_probes	differ	0
139_probes	differs	1907
139_probes	nonzero	2946
139_probes	saturating	1285
139_probes	failures	0
139_probes	w	5
139_probes	f	0
139_probes	off	61:
139_probes	differ	0
139_probes	differs	1907
139_probes	nonzero	2946
139_probes	saturating	1285
139_probes	failures	0
139_probes	w	5
139_probes	f	2
139_probes	off	0:
139_probes	differ	0
139_probes	differs	2015
139_probes	nonzero	2936
139_probes	saturating	925
139_probes	failures	0
139_probes	w	5
139_probes	f	2
139_probes	off	1:
139_probes	differ	0
139_probes	differs	2015
139_probes	nonzero	2936
139_probes	saturating	925
139_probes	failures	0
139_probes	w	5
139_probes	f	2
139_probes	off	7:
139_probes	differ	0
139_probes	differs	2015
139_probes	nonzero	2936
139_probes	saturating	925
139_probes	failures	0
139_probes	w	5
139_probes	f	2
139_probes	off	13:
139_probes	differ	0
139_probes	differs	2015
139_probes	nonzero	2936
139_probes	saturating	925
139_probes	failures	0
139_probes	w	5
139_probes	f	2
139_probes	off	59:
139_probes	differ	0
139_probes	differs	2015
139_probes	nonzero	2936
139_probes	saturating	925
139_probes	failures	0
139_probes	w	5
139_probes	f	2
139_probes	off	61:
139_probes	differ	0
139_probes	differs	2015
139_probes	nonzero	2936
139_probes	saturating	925
139_probes	failures	0
139_probes	w	6
139_probes	f	0
139_probes	off	0:
139_probes	ops	12288
139_probes	differ	0
139_probes	differs	7495
139_probes	nonzero	12034
139_probes	saturating	5555
139_probes	failures	0
139_probes	w	6
139_probes	f	0
139_probes	off	1:
139_probes	ops	12288
139_probes	differ	0
139_probes	differs	7495
139_probes	nonzero	12034
139_probes	saturating	5555
139_probes	failures	0
139_probes	w	6
139_probes	f	0
139_probes	off	7:
139_probes	ops	12288
139_probes	differ	0
139_probes	differs	7495
139_probes	nonzero	12034
139_probes	saturating	5555
139_probes	failures	0
139_probes	w	6
139_probes	f	0
139_probes	off	13:
139_probes	ops	12288
139_probes	differ	0
139_probes	differs	7495
139_probes	nonzero	12034
139_probes	saturating	5555
139_probes	failures	0
139_probes	w	6
139_probes	f	0
139_probes	off	59:
139_probes	ops	12288
139_probes	differ	0
139_probes	differs	7495
139_probes	nonzero	12034
139_probes	saturating	5555
139_probes	failures	0
139_probes	w	6
139_probes	f	0
139_probes	off	61:
139_probes	ops	12288
139_probes	differ	0
139_probes	differs	7495
139_probes	nonzero	12034
139_probes	saturating	5555
139_probes	failures	0
139_probes	w	6
139_probes	f	2
139_probes	off	0:
139_probes	ops	12288
139_probes	differ	0
139_probes	differs	7959
139_probes	nonzero	12024
139_probes	saturating	4563
139_probes	failures	0
139_probes	w	6
139_probes	f	2
139_probes	off	1:
139_probes	ops	12288
139_probes	differ	0
139_probes	differs	7959
139_probes	nonzero	12024
139_probes	saturating	4563
139_probes	failures	0
139_probes	w	6
139_probes	f	2
139_probes	off	7:
139_probes	ops	12288
139_probes	differ	0
139_probes	differs	7959
139_probes	nonzero	12024
139_probes	saturating	4563
139_probes	failures	0
139_probes	w	6
139_probes	f	2
139_probes	off	13:
139_probes	ops	12288
139_probes	differ	0
139_probes	differs	7959
139_probes	nonzero	12024
139_probes	saturating	4563
139_probes	failures	0
139_probes	w	6
139_probes	f	2
139_probes	off	59:
139_probes	ops	12288
139_probes	differ	0
139_probes	differs	7959
139_probes	nonzero	12024
139_probes	saturating	4563
139_probes	failures	0
139_probes	w	6
139_probes	f	2
139_probes	off	61:
139_probes	ops	12288
139_probes	differ	0
139_probes	differs	7959
139_probes	nonzero	12024
139_probes	saturating	4563
139_probes	failures	0
139_probes	w	7
139_probes	f	0
139_probes	off	0:
139_probes	ops	49152
139_probes	differ	0
139_probes	differs	29503
139_probes	nonzero	48642
139_probes	saturating	23217
139_probes	failures	0
139_probes	w	7
139_probes	f	0
139_probes	off	1:
139_probes	ops	49152
139_probes	differ	0
139_probes	differs	29503
139_probes	nonzero	48642
139_probes	saturating	23217
139_probes	failures	0
139_probes	w	7
139_probes	f	0
139_probes	off	7:
139_probes	ops	49152
139_probes	differ	0
139_probes	differs	29503
139_probes	nonzero	48642
139_probes	saturating	23217
139_probes	failures	0
139_probes	w	7
139_probes	f	0
139_probes	off	13:
139_probes	ops	49152
139_probes	differ	0
139_probes	differs	29503
139_probes	nonzero	48642
139_probes	saturating	23217
139_probes	failures	0
139_probes	w	7
139_probes	f	0
139_probes	off	59:
139_probes	ops	49152
139_probes	differ	0
139_probes	differs	29503
139_probes	nonzero	48642
139_probes	saturating	23217
139_probes	failures	0
139_probes	w	7
139_probes	f	0
139_probes	off	61:
139_probes	ops	49152
139_probes	differ	0
139_probes	differs	29503
139_probes	nonzero	48642
139_probes	saturating	23217
139_probes	failures	0
139_probes	w	7
139_probes	f	2
139_probes	off	0:
139_probes	ops	49152
139_probes	differ	0
139_probes	differs	30963
139_probes	nonzero	48632
139_probes	saturating	20697
139_probes	failures	0
139_probes	w	7
139_probes	f	2
139_probes	off	1:
139_probes	ops	49152
139_probes	differ	0
139_probes	differs	30963
139_probes	nonzero	48632
139_probes	saturating	20697
139_probes	failures	0
139_probes	w	7
139_probes	f	2
139_probes	off	7:
139_probes	ops	49152
139_probes	differ	0
139_probes	differs	30963
139_probes	nonzero	48632
139_probes	saturating	20697
139_probes	failures	0
139_probes	w	7
139_probes	f	2
139_probes	off	13:
139_probes	ops	49152
139_probes	differ	0
139_probes	differs	30963
139_probes	nonzero	48632
139_probes	saturating	20697
139_probes	failures	0
139_probes	w	7
139_probes	f	2
139_probes	off	59:
139_probes	ops	49152
139_probes	differ	0
139_probes	differs	30963
139_probes	nonzero	48632
139_probes	saturating	20697
139_probes	failures	0
139_probes	w	7
139_probes	f	2
139_probes	off	61:
139_probes	ops	49152
139_probes	differ	0
139_probes	differs	30963
139_probes	nonzero	48632
139_probes	saturating	20697
139_probes	failures	0
139_probes	w	11
139_probes	f	0
139_probes	off	0:
139_probes	ops	12582912
139_probes	differ	0
139_probes	differs	7364931
139_probes	nonzero	12574722
139_probes	saturating	6258337
139_probes	failures	0
139_probes	w	11
139_probes	f	0
139_probes	off	1:
139_probes	ops	12582912
139_probes	differ	0
139_probes	differs	7364931
139_probes	nonzero	12574722
139_probes	saturating	6258337
139_probes	failures	0
139_probes	w	11
139_probes	f	0
139_probes	off	7:
139_probes	ops	12582912
139_probes	differ	0
139_probes	differs	7364931
139_probes	nonzero	12574722
139_probes	saturating	6258337
139_probes	failures	0
139_probes	w	11
139_probes	f	0
139_probes	off	13:
139_probes	ops	12582912
139_probes	differ	0
139_probes	differs	7364931
139_probes	nonzero	12574722
139_probes	saturating	6258337
139_probes	failures	0
139_probes	w	11
139_probes	f	0
139_probes	off	59:
139_probes	ops	12582912
139_probes	differ	0
139_probes	differs	7364931
139_probes	nonzero	12574722
139_probes	saturating	6258337
139_probes	failures	0
139_probes	w	11
139_probes	f	0
139_probes	off	61:
139_probes	ops	12582912
139_probes	differ	0
139_probes	differs	7364931
139_probes	nonzero	12574722
139_probes	saturating	6258337
139_probes	failures	0
139_probes	w	11
139_probes	f	2
139_probes	off	0:
139_probes	ops	12582912
139_probes	differ	0
139_probes	differs	7422467
139_probes	nonzero	12574712
139_probes	saturating	6184009
139_probes	failures	0
139_probes	w	11
139_probes	f	2
139_probes	off	1:
139_probes	ops	12582912
139_probes	differ	0
139_probes	differs	7422467
139_probes	nonzero	12574712
139_probes	saturating	6184009
139_probes	failures	0
139_probes	w	11
139_probes	f	2
139_probes	off	7:
139_probes	ops	12582912
139_probes	differ	0
139_probes	differs	7422467
139_probes	nonzero	12574712
139_probes	saturating	6184009
139_probes	failures	0
139_probes	w	11
139_probes	f	2
139_probes	off	13:
139_probes	ops	12582912
139_probes	differ	0
139_probes	differs	7422467
139_probes	nonzero	12574712
139_probes	saturating	6184009
139_probes	failures	0
139_probes	w	11
139_probes	f	2
139_probes	off	59:
139_probes	ops	12582912
139_probes	differ	0
139_probes	differs	7422467
139_probes	nonzero	12574712
139_probes	saturating	6184009
139_probes	failures	0
139_probes	w	11
139_probes	f	2
139_probes	off	61:
139_probes	ops	12582912
139_probes	differ	0
139_probes	differs	7422467
139_probes	nonzero	12574712
139_probes	saturating	6184009
139_probes	failures	0
139_probes	it	23592976
139_probes	stress_n	4094
139_probes	ratio	1024x
13_probes	exit	0
13_probes	exit	0
13_probes	exit	0
13_probes	exit	0
13_probes	exit	0
13_probes	exit	0
13_probes	exit	0
13_probes	exit	0
13_probes	exit	0
13_probes	exit	1
13_probes	exit	1
13_probes	exit	1
13_probes	exit	1
13_probes	exit	1
13_probes	exit	1
13_probes	exit	1
13_probes	exit	1
13_probes	exit	1
13_probes	exit	1
13_probes	exit	1
13_probes	exit	1
13_probes	mismatches	0
13_probes	size	1
13_probes	align	1
13_probes	size	2
13_probes	align	2
13_probes	w	32
13_probes	size	4
13_probes	w	64
13_probes	size	8
13_probes	w	128
13_probes	size	16
13_probes	w	256
13_probes	size	32
13_probes	usize	(N
13_probes	usize	const
13_probes	usize	{
13_probes	mismatches	0
13_probes	size	1
13_probes	align	1
13_probes	size	2
13_probes	align	2
13_probes	w	32
13_probes	size	4
13_probes	w	64
13_probes	size	8
13_probes	w	128
13_probes	size	16
13_probes	w	256
13_probes	size	32
13_probes	usize	core::mem::size_of::<Wide>(
13_probes	usize	core::mem::size_of::<Wide>(
13_probes	n	...
13_probes	cont	Container<Sum<I
13_probes	cont	Container<Sum<I
13_probes	cont	Container<Sum<I
13_probes	cont	Container<Sum<I
13_probes	cont	Container<Sum<I
13_probes	cont	Container<Sum<I
13_probes	cont	Container<Sum<I
13_probes	cont	Container<Sum<I
13_probes	cont	Container<Sum<I
13_probes	cont	Container<Sum<I
13_probes	cont	Container<Sum<I
13_probes	cont	Container<Sum<I
13_probes	s	Warm>
13_probes	wide	UInt<100>
13_probes	usize	core::mem::size_of::<M8>(
13_probes	out	L<{
13_probes	out	Z
13_probes	out	O<B>
13_probes	out	E<B>
13_probes	out	O<A>
13_probes	out	E<A>
13_probes	out	E<SumC<A
13_probes	out	O<Sum<A
13_probes	out	O<Sum<A
13_probes	out	E<Sum<A
13_probes	out	O<Z>
13_probes	out	E<SumC<B
13_probes	out	O<B>
13_probes	out	E<SumC<A
13_probes	out	O<A>
13_probes	out	O<SumC<A
13_probes	out	E<SumC<A
13_probes	out	E<SumC<A
13_probes	out	O<Sum<A
13_probes	out	D
13_probes	out	Lt
13_probes	out	Gt
13_probes	out	T
13_probes	out	T
13_probes	out	F
13_probes	out	Eqq
13_probes	out	Lt
13_probes	out	Lt
13_probes	out	Gt
13_probes	out	Gt
13_probes	out	Ord2<A
13_probes	out	Ord2<A
13_probes	out	<Ord2<A
13_probes	out	<Ord2<A
13_probes	out	Z
13_probes	out	SumC<A
13_probes	out	A
13_probes	out	Nil
13_probes	out	One<BufOf<A>>
13_probes	out	Two<BufOf<A>>
13_probes	n0	Z
13_probes	n1	O<Z>
13_probes	n2	E<O<Z>>
13_probes	n3	O<O<Z>>
13_probes	n4	E<E<O<Z>>>
13_probes	n5	O<E<O<Z>>>
13_probes	n6	E<O<O<Z>>>
13_probes	n7	O<O<O<Z>>>
13_probes	n8	E<E<E<O<Z>>>>
13_probes	n9	O<E<E<O<Z>>>>
13_probes	n10	E<O<E<O<Z>>>>
13_probes	n11	O<O<E<O<Z>>>>
13_probes	n12	E<E<O<O<Z>>>>
13_probes	n13	O<E<O<O<Z>>>>
13_probes	n14	E<O<O<O<Z>>>>
13_probes	n15	O<O<O<O<Z>>>>
13_probes	n16	E<E<E<E<O<Z>>>>>
13_probes	n17	O<E<E<E<O<Z>>>>>
13_probes	n18	E<O<E<E<O<Z>>>>>
13_probes	n19	O<O<E<E<O<Z>>>>>
13_probes	n20	E<E<O<E<O<Z>>>>>
13_probes	n21	O<E<O<E<O<Z>>>>>
13_probes	n22	E<O<O<E<O<Z>>>>>
13_probes	n23	O<O<O<E<O<Z>>>>>
13_probes	n24	E<E<E<O<O<Z>>>>>
13_probes	n25	O<E<E<O<O<Z>>>>>
13_probes	n26	E<O<E<O<O<Z>>>>>
13_probes	n27	O<O<E<O<O<Z>>>>>
13_probes	n28	E<E<O<O<O<Z>>>>>
13_probes	n29	O<E<O<O<O<Z>>>>>
13_probes	n30	E<O<O<O<O<Z>>>>>
13_probes	n31	O<O<O<O<O<Z>>>>>
13_probes	n32	E<E<E<E<E<O<Z>>>>>>
13_probes	n33	O<E<E<E<E<O<Z>>>>>>
13_probes	n34	E<O<E<E<E<O<Z>>>>>>
13_probes	n35	O<O<E<E<E<O<Z>>>>>>
13_probes	n36	E<E<O<E<E<O<Z>>>>>>
13_probes	n37	O<E<O<E<E<O<Z>>>>>>
13_probes	n38	E<O<O<E<E<O<Z>>>>>>
13_probes	n39	O<O<O<E<E<O<Z>>>>>>
13_probes	n40	E<E<E<O<E<O<Z>>>>>>
13_probes	n41	O<E<E<O<E<O<Z>>>>>>
13_probes	n42	E<O<E<O<E<O<Z>>>>>>
13_probes	n43	O<O<E<O<E<O<Z>>>>>>
13_probes	n44	E<E<O<O<E<O<Z>>>>>>
13_probes	n45	O<E<O<O<E<O<Z>>>>>>
13_probes	n46	E<O<O<O<E<O<Z>>>>>>
13_probes	n47	O<O<O<O<E<O<Z>>>>>>
13_probes	n48	E<E<E<E<O<O<Z>>>>>>
13_probes	n49	O<E<E<E<O<O<Z>>>>>>
13_probes	n50	E<O<E<E<O<O<Z>>>>>>
13_probes	n51	O<O<E<E<O<O<Z>>>>>>
13_probes	n52	E<E<O<E<O<O<Z>>>>>>
13_probes	n53	O<E<O<E<O<O<Z>>>>>>
13_probes	n54	E<O<O<E<O<O<Z>>>>>>
13_probes	n55	O<O<O<E<O<O<Z>>>>>>
13_probes	n56	E<E<E<O<O<O<Z>>>>>>
13_probes	n57	O<E<E<O<O<O<Z>>>>>>
13_probes	n58	E<O<E<O<O<O<Z>>>>>>
13_probes	n59	O<O<E<O<O<O<Z>>>>>>
13_probes	n60	E<E<O<O<O<O<Z>>>>>>
13_probes	n61	O<E<O<O<O<O<Z>>>>>>
13_probes	n62	E<O<O<O<O<O<Z>>>>>>
13_probes	n63	O<O<O<O<O<O<Z>>>>>>
13_probes	n64	E<E<E<E<E<E<O<Z>>>>>>>
13_probes	n65	O<E<E<E<E<E<O<Z>>>>>>>
13_probes	n66	E<O<E<E<E<E<O<Z>>>>>>>
13_probes	n67	O<O<E<E<E<E<O<Z>>>>>>>
13_probes	n68	E<E<O<E<E<E<O<Z>>>>>>>
13_probes	n69	O<E<O<E<E<E<O<Z>>>>>>>
13_probes	n70	E<O<O<E<E<E<O<Z>>>>>>>
13_probes	n71	O<O<O<E<E<E<O<Z>>>>>>>
13_probes	n72	E<E<E<O<E<E<O<Z>>>>>>>
13_probes	n73	O<E<E<O<E<E<O<Z>>>>>>>
13_probes	n74	E<O<E<O<E<E<O<Z>>>>>>>
13_probes	n75	O<O<E<O<E<E<O<Z>>>>>>>
13_probes	n76	E<E<O<O<E<E<O<Z>>>>>>>
13_probes	n77	O<E<O<O<E<E<O<Z>>>>>>>
13_probes	n78	E<O<O<O<E<E<O<Z>>>>>>>
13_probes	n79	O<O<O<O<E<E<O<Z>>>>>>>
13_probes	n80	E<E<E<E<O<E<O<Z>>>>>>>
13_probes	n81	O<E<E<E<O<E<O<Z>>>>>>>
13_probes	n82	E<O<E<E<O<E<O<Z>>>>>>>
13_probes	n83	O<O<E<E<O<E<O<Z>>>>>>>
13_probes	n84	E<E<O<E<O<E<O<Z>>>>>>>
13_probes	n85	O<E<O<E<O<E<O<Z>>>>>>>
13_probes	n86	E<O<O<E<O<E<O<Z>>>>>>>
13_probes	n87	O<O<O<E<O<E<O<Z>>>>>>>
13_probes	n88	E<E<E<O<O<E<O<Z>>>>>>>
13_probes	n89	O<E<E<O<O<E<O<Z>>>>>>>
13_probes	n90	E<O<E<O<O<E<O<Z>>>>>>>
13_probes	n91	O<O<E<O<O<E<O<Z>>>>>>>
13_probes	n92	E<E<O<O<O<E<O<Z>>>>>>>
13_probes	n93	O<E<O<O<O<E<O<Z>>>>>>>
13_probes	n94	E<O<O<O<O<E<O<Z>>>>>>>
13_probes	n95	O<O<O<O<O<E<O<Z>>>>>>>
13_probes	n96	E<E<E<E<E<O<O<Z>>>>>>>
13_probes	n97	O<E<E<E<E<O<O<Z>>>>>>>
13_probes	n98	E<O<E<E<E<O<O<Z>>>>>>>
13_probes	n99	O<O<E<E<E<O<O<Z>>>>>>>
13_probes	n100	E<E<O<E<E<O<O<Z>>>>>>>
13_probes	n101	O<E<O<E<E<O<O<Z>>>>>>>
13_probes	n102	E<O<O<E<E<O<O<Z>>>>>>>
13_probes	n103	O<O<O<E<E<O<O<Z>>>>>>>
13_probes	n104	E<E<E<O<E<O<O<Z>>>>>>>
13_probes	n105	O<E<E<O<E<O<O<Z>>>>>>>
13_probes	n106	E<O<E<O<E<O<O<Z>>>>>>>
13_probes	n107	O<O<E<O<E<O<O<Z>>>>>>>
13_probes	n108	E<E<O<O<E<O<O<Z>>>>>>>
13_probes	n109	O<E<O<O<E<O<O<Z>>>>>>>
13_probes	n110	E<O<O<O<E<O<O<Z>>>>>>>
13_probes	n111	O<O<O<O<E<O<O<Z>>>>>>>
13_probes	n112	E<E<E<E<O<O<O<Z>>>>>>>
13_probes	n113	O<E<E<E<O<O<O<Z>>>>>>>
13_probes	n114	E<O<E<E<O<O<O<Z>>>>>>>
13_probes	n115	O<O<E<E<O<O<O<Z>>>>>>>
13_probes	n116	E<E<O<E<O<O<O<Z>>>>>>>
13_probes	n117	O<E<O<E<O<O<O<Z>>>>>>>
13_probes	n118	E<O<O<E<O<O<O<Z>>>>>>>
13_probes	n119	O<O<O<E<O<O<O<Z>>>>>>>
13_probes	n120	E<E<E<O<O<O<O<Z>>>>>>>
13_probes	n121	O<E<E<O<O<O<O<Z>>>>>>>
13_probes	n122	E<O<E<O<O<O<O<Z>>>>>>>
13_probes	n123	O<O<E<O<O<O<O<Z>>>>>>>
13_probes	n124	E<E<O<O<O<O<O<Z>>>>>>>
13_probes	n125	O<E<O<O<O<O<O<Z>>>>>>>
13_probes	n126	E<O<O<O<O<O<O<Z>>>>>>>
13_probes	n127	O<O<O<O<O<O<O<Z>>>>>>>
13_probes	n128	E<E<E<E<E<E<E<O<Z>>>>>>>>
13_probes	n129	O<E<E<E<E<E<E<O<Z>>>>>>>>
13_probes	n130	E<O<E<E<E<E<E<O<Z>>>>>>>>
13_probes	cont	Container<Sum<ReprOf<I>
13_probes	s	Warm>
13_probes	s	Warm>
13_probes	r	N0
13_probes	r	N1
13_probes	r	N2
13_probes	r	N3
13_probes	r	N4
13_probes	r	N5
13_probes	r	N6
13_probes	r	N7
13_probes	r	N8
13_probes	r	N9
13_probes	r	N10
13_probes	r	N11
13_probes	r	N12
13_probes	r	N13
13_probes	r	N14
13_probes	r	N15
13_probes	r	N16
13_probes	r	N17
13_probes	r	N18
13_probes	r	N19
13_probes	r	N20
13_probes	r	N21
13_probes	r	N22
13_probes	r	N23
13_probes	r	N24
13_probes	r	N25
13_probes	r	N26
13_probes	r	N27
13_probes	r	N28
13_probes	r	N29
13_probes	r	N30
13_probes	r	N31
13_probes	r	N32
13_probes	r	N33
13_probes	r	N34
13_probes	r	N35
13_probes	r	N36
13_probes	r	N37
13_probes	r	N38
13_probes	r	N39
13_probes	r	N40
13_probes	r	N41
13_probes	r	N42
13_probes	r	N43
13_probes	r	N44
13_probes	r	N45
13_probes	r	N46
13_probes	r	N47
13_probes	r	N48
13_probes	r	N49
13_probes	r	N50
13_probes	r	N51
13_probes	r	N52
13_probes	r	N53
13_probes	r	N54
13_probes	r	N55
13_probes	r	N56
13_probes	r	N57
13_probes	r	N58
13_probes	r	N59
13_probes	r	N60
13_probes	r	N61
13_probes	r	N62
13_probes	r	N63
13_probes	r	N64
13_probes	money	UFixed<13
13_probes	strhandle	UInt<5>
13_probes	product	UFixed<26
13_probes	roomy	UFixed<32
13_probes	toonarrow	UFixed<20
140_probes	w	6
140_probes	f	0
140_probes	w	6
140_probes	f	0
140_probes	w	6
140_probes	f	0
140_probes	w	6
140_probes	f	1
140_probes	w	6
140_probes	f	1
140_probes	w	6
140_probes	f	1
140_probes	w	6
140_probes	f	2
140_probes	w	6
140_probes	f	2
140_probes	w	6
140_probes	f	2
140_probes	w	6
140_probes	f	3
140_probes	w	6
140_probes	f	3
140_probes	w	6
140_probes	f	3
140_probes	w	8
140_probes	f	0
140_probes	w	8
140_probes	f	0
140_probes	w	8
140_probes	f	0
140_probes	w	8
140_probes	f	2
140_probes	w	8
140_probes	f	2
140_probes	w	8
140_probes	f	2
140_probes	w	4
140_probes	f	1
140_probes	w	4
140_probes	f	1
140_probes	w	4
140_probes	f	1
140_probes	w	4
140_probes	f	0
140_probes	w	4
140_probes	f	0
140_probes	w	4
140_probes	f	1
140_probes	w	4
140_probes	f	1
140_probes	w	4
140_probes	f	2
140_probes	w	4
140_probes	f	2
140_probes	w	6
140_probes	f	0
140_probes	w	6
140_probes	f	0
140_probes	w	6
140_probes	f	2
140_probes	w	6
140_probes	f	2
140_probes	set	==
140_probes	operation	==
140_probes	w	4
140_probes	f	2
140_probes	comparable_joint_classes	24
140_probes	controls	==
140_probes	w	4
140_probes	w	4
140_probes	f	0
140_probes	w	4
140_probes	f	0
140_probes	w	4
140_probes	f	0
140_probes	w	4
140_probes	f	0
140_probes	w	4
140_probes	f	0
140_probes	w	4
140_probes	f	1
140_probes	w	4
140_probes	f	1
140_probes	w	4
140_probes	f	1
140_probes	w	4
140_probes	f	1
140_probes	w	4
140_probes	f	1
140_probes	w	4
140_probes	f	2
140_probes	w	4
140_probes	f	2
140_probes	w	4
140_probes	f	2
140_probes	w	4
140_probes	f	2
140_probes	w	4
140_probes	f	2
140_probes	comparable_joint_classes	24
140_probes	controls	==
140_probes	w	4
140_probes	control	==
140_probes	controls	==
140_probes	w	4
140_probes	intermediate	RoundEachStep
140_probes	intermediate	ExactThenRoundOnce
140_probes	controls	==
141_probes	w	6
141_probes	rounding	truncate
141_probes	f	0
141_probes	f	1
141_probes	f	2
141_probes	f	3
141_probes	f	4
141_probes	f	5
141_probes	rounding	floor
141_probes	f	0
141_probes	f	1
141_probes	f	2
141_probes	f	3
141_probes	f	4
141_probes	f	5
141_probes	floor	==
141_probes	f	0:
141_probes	f	1:
141_probes	f	2:
141_probes	f	3:
141_probes	f	4:
141_probes	f	5:
141_probes	rounding	toward
141_probes	zero	==
141_probes	f	0
141_probes	f	1
141_probes	f	2
141_probes	f	3
141_probes	f	4
141_probes	f	5
141_probes	rounding	floor
141_probes	f	0
141_probes	f	1
141_probes	f	2
141_probes	f	3
141_probes	f	4
141_probes	f	5
141_probes	reading	==
141_probes	f	0
141_probes	f	1
141_probes	f	2
141_probes	f	3
141_probes	f	4
141_probes	f	5
141_probes	exhaustively	==
141_probes	w	4
141_probes	mismatches	0
141_probes	w	4
141_probes	mismatches	0
141_probes	w	5
141_probes	mismatches	0
141_probes	w	5
141_probes	mismatches	0
141_probes	w	6
141_probes	mismatches	0
141_probes	w	6
141_probes	mismatches	0
141_probes	w	4
141_probes	mismatches	960
141_probes	w	4
141_probes	mismatches	848
141_probes	w	5
141_probes	mismatches	3968
141_probes	w	5
141_probes	mismatches	3488
141_probes	w	6
141_probes	mismatches	16128
141_probes	w	6
141_probes	mismatches	14144
141_probes	w	6
141_probes	model	==
141_probes	rounding	toward
141_probes	f	0
141_probes	f	1
141_probes	f	2
141_probes	f	3
141_probes	f	4
141_probes	f	5
141_probes	f	0
141_probes	f	1
141_probes	f	2
141_probes	f	3
141_probes	f	4
141_probes	f	5
141_probes	f	0
141_probes	f	1
141_probes	f	2
141_probes	f	3
141_probes	f	4
141_probes	f	5
141_probes	f	0
141_probes	f	1
141_probes	f	2
141_probes	f	3
141_probes	f	4
141_probes	f	5
141_probes	rounding	floor
141_probes	f	0
141_probes	f	1
141_probes	f	2
141_probes	f	3
141_probes	f	4
141_probes	f	5
141_probes	f	0
141_probes	f	1
141_probes	f	2
141_probes	f	3
141_probes	f	4
141_probes	f	5
141_probes	f	0
141_probes	f	1
141_probes	f	2
141_probes	f	3
141_probes	f	4
141_probes	f	5
141_probes	f	0
141_probes	f	1
141_probes	f	2
141_probes	f	3
141_probes	f	4
141_probes	f	5
141_probes	floor	==
141_probes	f	0:
141_probes	f	3:
141_probes	f	5:
141_probes	rounding	toward
141_probes	zero	==
141_probes	f	0
141_probes	f	1
141_probes	f	2
141_probes	f	3
141_probes	f	4
141_probes	f	5
141_probes	rounding	floor
141_probes	f	0
141_probes	f	1
141_probes	f	2
141_probes	f	3
141_probes	f	4
141_probes	f	5
141_probes	arm	==
141_probes	w	6
141_probes	rounding	toward
141_probes	rounding	floor
141_probes	w	6
141_probes	w	4
141_probes	w	4
141_probes	f	0
141_probes	set	{add}
141_probes	w	4
141_probes	f	0
141_probes	set	{add}
141_probes	w	4
141_probes	f	1
141_probes	set	{add}
141_probes	w	4
141_probes	f	1
141_probes	set	{add}
141_probes	w	4
141_probes	f	2
141_probes	set	{add}
141_probes	w	4
141_probes	f	2
141_probes	set	{add}
141_probes	assignments	8
141_probes	shapes	12
141_probes	operations	('add'
141_probes	set	==
141_probes	set	==
141_probes	controls	==
141_probes	set	6
141_probes	assignments	8
141_probes	widths	(2
141_probes	fractions	(0
141_probes	subsets	31
141_probes	set	==
141_probes	w	2
141_probes	w	3
141_probes	w	4
141_probes	w	5
141_probes	subset	==
141_probes	w	2
141_probes	w	2
141_probes	w	3:
141_probes	intermediate	8
141_probes	intermediate	12
141_probes	w	2
141_probes	w	3?
141_probes	f	0
141_probes	w	2
141_probes	w	3
141_probes	f	0
141_probes	w	2
141_probes	w	3
141_probes	f	0
141_probes	w	2
141_probes	w	3
141_probes	f	0
141_probes	w	2
141_probes	w	3
141_probes	f	0
141_probes	w	2
141_probes	w	3
141_probes	f	0
141_probes	w	2
141_probes	w	3
141_probes	f	0
141_probes	f	0
141_probes	f	0
141_probes	f	0
141_probes	f	0
141_probes	f	0
141_probes	axes	==
141_probes	w	3
141_probes	w	4
141_probes	w	5
141_probes	w	6
141_probes	w	6
141_probes	rounding	floor
142_probes	p	-63
142_probes	c	32
142_probes	f	1
142_probes	p	-63
142_probes	c	32
142_probes	f	1
142_probes	p	-255
142_probes	c	-31
142_probes	f	1
142_probes	stepwise	R(R(rnd(ab
142_probes	fused	R(rnd(ab
142_probes	w	6
142_probes	f	0:
142_probes	f	1:
142_probes	f	2:
142_probes	f	3:
142_probes	f	4:
142_probes	f	5:
142_probes	equivariant	true
142_probes	zero	true
142_probes	f	0:
142_probes	f	1:
142_probes	f	2:
142_probes	f	3:
142_probes	f	4:
142_probes	f	5:
142_probes	equivariant	true
142_probes	zero	true
142_probes	f	0:
142_probes	f	1:
142_probes	f	2:
142_probes	f	3:
142_probes	f	4:
142_probes	f	5:
142_probes	equivariant	false
142_probes	zero	false
142_probes	f	0:
142_probes	f	1:
142_probes	f	2:
142_probes	f	3:
142_probes	f	4:
142_probes	f	5:
142_probes	equivariant	false
142_probes	zero	false
142_probes	f	0:
142_probes	f	1:
142_probes	f	2:
142_probes	f	3:
142_probes	f	4:
142_probes	f	5:
142_probes	equivariant	true
142_probes	zero	true
142_probes	f	0:
142_probes	f	1:
142_probes	f	2:
142_probes	f	3:
142_probes	f	4:
142_probes	f	5:
142_probes	equivariant	false
142_probes	zero	false
142_probes	signed	false
142_probes	f	0:
142_probes	f	1:
142_probes	f	2:
142_probes	f	3:
142_probes	f	4:
142_probes	f	5:
142_probes	signed	false
142_probes	f	0:
142_probes	f	1:
142_probes	f	2:
142_probes	f	3:
142_probes	f	4:
142_probes	f	5:
142_probes	signed	true
142_probes	f	0:
142_probes	f	1:
142_probes	f	2:
142_probes	f	3:
142_probes	f	4:
142_probes	f	5:
142_probes	signed	true
142_probes	f	0:
142_probes	f	1:
142_probes	f	2:
142_probes	f	3:
142_probes	f	4:
142_probes	f	5:
142_probes	w	4
142_probes	signed	false
142_probes	n	1:
142_probes	seqs	16
142_probes	signed	false
142_probes	n	2:
142_probes	seqs	256
142_probes	signed	false
142_probes	n	3:
142_probes	seqs	4096
142_probes	signed	false
142_probes	n	4:
142_probes	seqs	65536
142_probes	signed	false
142_probes	n	1:
142_probes	seqs	16
142_probes	signed	false
142_probes	n	2:
142_probes	seqs	256
142_probes	signed	false
142_probes	n	3:
142_probes	seqs	4096
142_probes	signed	false
142_probes	n	4:
142_probes	seqs	65536
142_probes	signed	true
142_probes	n	1:
142_probes	seqs	16
142_probes	signed	true
142_probes	n	2:
142_probes	seqs	256
142_probes	signed	true
142_probes	n	3:
142_probes	seqs	4096
142_probes	signed	true
142_probes	n	4:
142_probes	seqs	65536
142_probes	signed	true
142_probes	n	1:
142_probes	seqs	16
142_probes	signed	true
142_probes	n	2:
142_probes	seqs	256
142_probes	signed	true
142_probes	n	3:
142_probes	seqs	4096
142_probes	seq	[-8
142_probes	pinned	-7
142_probes	widened	-8
142_probes	signed	true
142_probes	n	4:
142_probes	seqs	65536
142_probes	seq	[-8
142_probes	pinned	-7
142_probes	widened	-8
142_probes	f	1.
142_probes	signed	false
142_probes	n	1:
142_probes	seqs	16
142_probes	signed	false
142_probes	n	3:
142_probes	seqs	4096
142_probes	signed	false
142_probes	n	1:
142_probes	seqs	16
142_probes	signed	false
142_probes	n	3:
142_probes	seqs	4096
142_probes	signed	false
142_probes	n	1:
142_probes	seqs	16
142_probes	signed	false
142_probes	n	3:
142_probes	seqs	4096
142_probes	signed	false
142_probes	n	1:
142_probes	seqs	16
142_probes	signed	false
142_probes	n	3:
142_probes	seqs	4096
142_probes	signed	true
142_probes	n	1:
142_probes	seqs	16
142_probes	signed	true
142_probes	n	3:
142_probes	seqs	4096
142_probes	signed	true
142_probes	n	1:
142_probes	seqs	16
142_probes	signed	true
142_probes	n	3:
142_probes	seqs	4096
142_probes	signed	true
142_probes	n	1:
142_probes	seqs	16
142_probes	signed	true
142_probes	n	3:
142_probes	seqs	4096
142_probes	signed	true
142_probes	n	1:
142_probes	seqs	16
142_probes	signed	true
142_probes	n	3:
142_probes	seqs	4096
143_probes	w	4
143_probes	f	0:
143_probes	w	4
143_probes	f	1:
143_probes	w	4
143_probes	f	2:
143_probes	w	4
143_probes	f	0:
143_probes	f	0:
143_probes	f	1:
143_probes	f	2:
143_probes	f	0
143_probes	control	==
143_probes	w	4
143_probes	f	2:
143_probes	w	4
143_probes	cell	==
143_probes	f	0/sum
143_probes	f	0/dot
143_probes	f	0/altsum
143_probes	f	1/sum
143_probes	f	1/dot
143_probes	f	1/altsum
143_probes	f	2/sum
143_probes	f	2/dot
143_probes	f	2/altsum
143_probes	controls	==
143_probes	f	0
143_probes	w	6:2
143_probes	w	8:2
143_probes	f	0
143_probes	w	4:2
143_probes	w	6:2
143_probes	f	0
143_probes	w	4:5
143_probes	w	6:5
143_probes	f	0
143_probes	w	6:2
143_probes	w	8:2
143_probes	f	0
143_probes	w	6:2
143_probes	w	8:2
143_probes	f	1
143_probes	w	4:2
143_probes	w	6:2
143_probes	f	1
143_probes	w	4:6
143_probes	w	6:6
143_probes	f	1
143_probes	w	4:2
143_probes	w	6:2
143_probes	f	2
143_probes	w	6:2
143_probes	w	8:2
143_probes	f	2
143_probes	w	4:10
143_probes	w	6:10
143_probes	f	2
143_probes	w	4:24
143_probes	w	6:24
143_probes	f	2
143_probes	w	6:8
143_probes	w	8:8
143_probes	f	2
143_probes	w	6:2
143_probes	w	8:2
143_probes	controls	==
143_probes	src	("/Users/orgrinrt/Dev/clause-dev/arvo/mock/research/"
143_probes	row	re.compile(r"^W=\s*(\d+
143_probes	f	(\d+
143_probes	groups	defaultdict(dict
143_probes	m	ROW.match(line
143_probes	n	int(m.group(1
143_probes	out	[]
143_probes	counts	set(by_w.values(
143_probes	encoding	"utf-8"
143_probes	lines	fh.readlines(
143_probes	groups	parse(lines
143_probes	span	spanning(groups
143_probes	dis	disagreements(groups
143_probes	vals	"
143_probes	w	{w}:{n}"
143_probes	agree	"agree"
143_probes	f	{f}
143_probes	f	{f}
143_probes	n	==
143_probes	controls	=="
143_probes	injected	list(lines
143_probes	w	9
143_probes	f	0
143_probes	inj_groups	parse(injected
143_probes	inj_dis	disagreements(inj_groups
143_probes	caught	any(f
143_probes	op	=
143_probes	__name__	=
143_probes	controls	==
144_probes	dominated	True
144_probes	selectable	False
144_probes	n	320080
144_probes	arms	7
144_probes	nondominated	6
144_probes	selectable	4
144_probes	cost	(10
144_probes	wins	55720
144_probes	pareto	Y
144_probes	t	0
144_probes	cost	(26
144_probes	wins	4515
144_probes	pareto	Y
144_probes	t	-175/32
144_probes	cost	(14
144_probes	wins	2270
144_probes	pareto	Y
144_probes	t	-24/5
144_probes	cost	(8
144_probes	wins	52
144_probes	pareto	Y
144_probes	t	-2
144_probes	cost	(31/2
144_probes	wins	18044
144_probes	pareto	Y
144_probes	t	-105/23
144_probes	cost	(40
144_probes	wins	0
144_probes	pareto	n
144_probes	t	50/3
144_probes	cost	(10
144_probes	wins	0
144_probes	pareto	Y
144_probes	t	0
144_probes	arms	7
144_probes	nondominated	6
144_probes	selectable	4
144_probes	cost	(34
144_probes	wins	20102
144_probes	pareto	Y
144_probes	t	0
144_probes	cost	(30
144_probes	wins	3514
144_probes	pareto	Y
144_probes	t	-175/32
144_probes	cost	(11
144_probes	wins	4153
144_probes	pareto	Y
144_probes	t	-266/43
144_probes	cost	(9
144_probes	wins	683
144_probes	pareto	Y
144_probes	t	-2360/379
144_probes	cost	(31/2
144_probes	wins	52149
144_probes	pareto	Y
144_probes	t	-332957/22487
144_probes	cost	(40
144_probes	wins	0
144_probes	pareto	n
144_probes	t	65125/4023
144_probes	cost	(34
144_probes	wins	0
144_probes	pareto	Y
144_probes	t	0
144_probes	pareto	6
144_probes	cells	5
144_probes	pareto	6
144_probes	cells	5
144_probes	wins	['scalar-widened
144_probes	pareto	5
144_probes	cells	5
144_probes	gap	0
144_probes	wins	['scalar-widened
144_probes	pareto	5
144_probes	cells	5
144_probes	gap	0
144_probes	pareto	3
144_probes	cells	3
144_probes	gap	0
144_probes	pareto	3
144_probes	cells	2
144_probes	gap	['compromise-C']
144_probes	pareto	Y
144_probes	pareto	Y
144_probes	pareto	Y
144_probes	t	-1
144_probes	vectors	5
144_probes	vectors	5
144_probes	t	0
144_probes	t	-15
144_probes	t	0
144_probes	t	-15
144_probes	pareto	Y
144_probes	t	-6
144_probes	pareto	Y
144_probes	t	-6
144_probes	pareto	Y
144_probes	t	0
144_probes	pareto	Y
144_probes	t	-6
144_probes	pareto	Y
144_probes	t	-6
144_probes	pareto	Y
144_probes	t	1
144_probes	t	1
144_probes	t	-6
144_probes	t	-4
144_probes	dominated	False
144_probes	t	-4
144_probes	dominated	False
144_probes	t	0
144_probes	dominated	False
144_probes	t	4
144_probes	dominated	True
144_probes	t	-4
144_probes	t	-4
144_probes	t	0
144_probes	t	0
144_probes	d	3
144_probes	n	8:
144_probes	z	['3'
144_probes	rho	1/1000
144_probes	d	3
144_probes	n	16:
144_probes	d	2
144_probes	n	4:
144_probes	d	2
144_probes	n	8:
144_probes	d	2
144_probes	n	12:
144_probes	d	2
144_probes	n	16:
144_probes	d	3
144_probes	n	4:
144_probes	d	3
144_probes	n	8:
144_probes	d	3
144_probes	n	12:
144_probes	d	3
144_probes	n	16:
144_probes	pareto	5
144_probes	winners	2
144_probes	n	8
144_probes	n	16
144_probes	n	24
144_probes	d	1
144_probes	d	2:
144_probes	d	3:
144_probes	d	4:
144_probes	d	3
144_probes	d	2
144_probes	d	3
144_probes	d	5
144_probes	w	('1/40'
144_probes	f	0:
144_probes	f	3:
144_probes	f	0
144_probes	f	0:
144_probes	f	3:
144_probes	f	0:
144_probes	f	3:
144_probes	f	0:
144_probes	f	1:
144_probes	f	2:
144_probes	f	0:
144_probes	f	1:
144_probes	f	2:
144_probes	z	[0
144_probes	w	(1
144_probes	w	(1
144_probes	w	(1
144_probes	scan	==
145_probes	o	=
145_probes	increasing	False
145_probes	k	0
145_probes	k	0.5
145_probes	k	0.5
145_probes	k	0.5:
145_probes	k	0.5
145_probes	f	0
145_probes	overflow	sat
145_probes	overflow	wrap
145_probes	c	-1
145_probes	half_up	True
145_probes	half_down	True
145_probes	half_up_mod3	False
145_probes	half_even	False
145_probes	half_toward_zero	False
145_probes	half_away_from_zero	False
145_probes	toward_zero	False
145_probes	away_from_zero	False
145_probes	half_odd	False
145_probes	floor	True
145_probes	ceiling	True
145_probes	half_up	True
145_probes	half_down	True
145_probes	half_up_mod3	False
145_probes	width	unbounded`
147_probes	w	6
147_probes	f	0:
147_probes	f	1:
147_probes	f	2:
147_probes	f	3:
147_probes	f	4:
147_probes	f	5:
147_probes	f	0:
147_probes	f	1:
147_probes	f	2:
147_probes	f	3:
147_probes	f	4:
147_probes	f	5:
147_probes	f	0:
147_probes	f	1:
147_probes	f	2:
147_probes	f	3:
147_probes	f	4:
147_probes	f	5:
147_probes	f	0:
147_probes	f	1:
147_probes	f	2:
147_probes	f	3:
147_probes	f	4:
147_probes	f	5:
147_probes	f	0:
147_probes	f	1:
147_probes	f	2:
147_probes	f	3:
147_probes	f	4:
147_probes	f	5:
147_probes	f	0:
147_probes	f	1:
147_probes	f	2:
147_probes	f	3:
147_probes	f	4:
147_probes	f	5:
147_probes	f	0:
147_probes	f	1:
147_probes	f	2:
147_probes	f	3:
147_probes	f	4:
147_probes	f	5:
147_probes	f	0:
147_probes	f	1:
147_probes	f	2:
147_probes	f	3:
147_probes	f	4:
147_probes	f	5:
147_probes	f	0:
147_probes	f	1:
147_probes	f	2:
147_probes	f	3:
147_probes	f	4:
147_probes	f	5:
147_probes	f	0:
147_probes	f	1:
147_probes	f	2:
147_probes	f	3:
147_probes	f	4:
147_probes	f	5:
147_probes	f	0:
147_probes	f	1:
147_probes	f	2:
147_probes	f	3:
147_probes	f	4:
147_probes	f	5:
147_probes	f	0:
147_probes	f	1:
147_probes	f	2:
147_probes	f	3:
147_probes	f	4:
147_probes	f	5:
147_probes	f	0:
147_probes	f	1:
147_probes	f	2:
147_probes	f	3:
147_probes	f	4:
147_probes	f	5:
147_probes	f	0:
147_probes	f	1:
147_probes	f	2:
147_probes	f	3:
147_probes	f	4:
147_probes	f	5:
147_probes	f	0:
147_probes	f	1:
147_probes	f	2:
147_probes	f	3:
147_probes	f	4:
147_probes	f	5:
147_probes	f	0:
147_probes	f	1:
147_probes	f	2:
147_probes	f	3:
147_probes	f	4:
147_probes	f	5:
147_probes	f	0:
147_probes	f	1:
147_probes	f	2:
147_probes	f	3:
147_probes	f	4:
147_probes	f	5:
147_probes	f	0:
147_probes	f	1:
147_probes	f	2:
147_probes	f	3:
147_probes	f	4:
147_probes	f	5:
147_probes	f	0:
147_probes	f	1:
147_probes	f	2:
147_probes	f	3:
147_probes	f	4:
147_probes	f	5:
147_probes	f	0:
147_probes	f	1:
147_probes	f	2:
147_probes	f	3:
147_probes	f	4:
147_probes	f	5:
147_probes	f	0:
147_probes	f	1:
147_probes	f	2:
147_probes	f	3:
147_probes	f	4:
147_probes	f	5:
148_probes	f	0
148_probes	w	5
148_probes	f	0
148_probes	subtraction	==
148_probes	sites	==
148_probes	congruence	==
148_probes	verdict	==
148_probes	f	0
148_probes	w	5
148_probes	f	1
148_probes	overflow	saturating
148_probes	axes	==
148_probes	firewall	==
148_probes	rule	==
148_probes	firewall	==
148_probes	rule	==
148_probes	verdict	==
148_probes	controls	==
148_probes	controls	==
149_probes	w	6
149_probes	stepwise	R(R(rnd(ab
149_probes	fused	R(rnd(ab
149_probes	wrapping	==
149_probes	f	0
149_probes	f	1
149_probes	f	2
149_probes	f	3
149_probes	f	4
149_probes	f	5
149_probes	f	1
149_probes	f	2
149_probes	f	3
149_probes	f	4
149_probes	f	5
149_probes	saturating	==
149_probes	f	0
149_probes	f	1
149_probes	f	2
149_probes	f	3
149_probes	f	4
149_probes	f	5
149_probes	f	1
149_probes	f	2
149_probes	f	3
149_probes	f	4
149_probes	f	5
149_probes	implementations	==
149_probes	f	0
149_probes	f	1
149_probes	f	2
149_probes	f	3
149_probes	f	4
149_probes	f	5
149_probes	needs	==
149_probes	f	1:
149_probes	f	2:
149_probes	f	3:
149_probes	f	4:
149_probes	f	5:
149_probes	w	6
149_probes	b	==
149_probes	f	0
149_probes	f	1
149_probes	f	2
149_probes	f	3
149_probes	f	4
149_probes	f	5
149_probes	findings	==
149_probes	controls	==
149_probes	named	['C']
149_probes	named	['B']
149_probes	anywhere	==
149_probes	w	4
149_probes	reduction	wrapping
149_probes	reduction	saturating
149_probes	reduction	BADFOLD
149_probes	verdicts	==
149_probes	congruence	false
150_probes	k	0.5:
150_probes	f	1:
150_probes	f	1:
150_probes	overflow	wrap
150_probes	coordinates	2`
150_probes	overflow	wrap`
150_probes	overflow	sat`
150_probes	overflow	wrap
151_probes	w	6
151_probes	f	0
151_probes	f	1
151_probes	f	2
151_probes	f	3
151_probes	f	4
151_probes	f	5
151_probes	f	0
151_probes	f	1
151_probes	f	2
151_probes	f	3
151_probes	f	4
151_probes	f	5
151_probes	modes	['half_even']
151_probes	f	1
151_probes	f	0
151_probes	f	1
151_probes	f	2
151_probes	f	3
151_probes	f	4
151_probes	f	5
151_probes	f	1:
151_probes	f	2:
151_probes	f	3:
151_probes	f	4:
151_probes	f	5:
151_probes	overflow	wrap
151_probes	overflow	sat_both
151_probes	overflow	sat_high
151_probes	signedness	unsigned
151_probes	signedness	signed
151_probes	f	0
151_probes	f	1
151_probes	f	2
151_probes	f	3
151_probes	w	4
151_probes	cells	[('relative'
151_probes	w	('1/2'
151_probes	w	('0'
151_probes	w	(0
151_probes	k	0.5:
151_probes	earned	4
151_probes	conservative	29
151_probes	symmetric	20
151_probes	overflow	sat
151_probes	overflow	wrap
151_probes	k	0.5
154_probes	members	[]
154_probes	trials	3000usize
154_probes	bad	corruption_count(STRESS_N
154_probes	t	{STRESS_THREADS}
154_probes	usize	4096
154_probes	bad	corruption_count(ALIGNED_N
154_probes	u32	W
154_probes	bit	i
154_probes	byte	bit
154_probes	off	bit
154_probes	raw	u32::from_le_bytes([
154_probes	usize	13
154_probes	_s_alias_0	_d_wrap_13
154_probes	_s_alias_1	_d_wrap_13
154_probes	_s_alias_10	_d_wrap_13
154_probes	_s_alias_11	_d_wrap_13
154_probes	_s_alias_12	_d_wrap_13
154_probes	_s_alias_13	_d_wrap_13
154_probes	_s_alias_14	_d_wrap_13
154_probes	buf	<FootprintColumn<N>
154_probes	n	{N}"
154_probes	logical	logical_values::<N>(&buf
154_probes	expect	0u64
154_probes	expect	expect.wrapping_add(v
154_probes	native	sum_native(&logical
154_probes	n	{N}"
154_probes	usize	13
154_probes	vals	pool.vals.load(Ordering::Relaxed
154_probes	out	pool.out.load(Ordering::Relaxed
154_probes	buf	build_bytes(n
154_probes	vals_ptr	buf[OFF_VALS..].as_ptr(
154_probes	trials	3000usize
154_probes	bad	corruption_count(STRESS_N
154_probes	t	{STRESS_THREADS}
154_probes	exclude	["benches"]
154_probes	u32	W
154_probes	usize	13
154_probes	bit	i
154_probes	byte	bit
154_probes	off	bit
154_probes	raw	u32::from_le_bytes([
154_probes	buf	<FootprintColumn<N>
154_probes	n	{N}"
154_probes	logical	logical_values::<N>(&buf
154_probes	expect	0u64
154_probes	expect	expect.wrapping_add(v
154_probes	native	sum_native(&logical
154_probes	n	{N}"
154_probes	_s_alias_0	_d_wrap_13
154_probes	_s_alias_1	_d_wrap_13
154_probes	_s_alias_10	_d_wrap_13
154_probes	_s_alias_11	_d_wrap_13
154_probes	_s_alias_12	_d_wrap_13
154_probes	_s_alias_13	_d_wrap_13
154_probes	_s_alias_14	_d_wrap_13
154_probes	w	8
154_probes	w	7
154_probes	n	33554432
154_probes	width	8x
154_probes	policies	20
154_probes	targets	['_d_wrap_13']
154_probes	w	8
154_probes	w	7
154_probes	wrap	=
154_probes	wrap	=
154_probes	signature	arity-1
154_probes	wrap	=
154_probes	signature	arity-2
155_probes	found	==
155_probes	tests	9
155_probes	tests	12
155_probes	tests	6
155_probes	tests	5
155_probes	tests	3
155_probes	tests	6
155_probes	tests	16
155_probes	tests	1
155_probes	tests	3
155_probes	tests	11
155_probes	tests	7
155_probes	tests	15
155_probes	tests	30
157_probes	trials	3000usize
157_probes	vals	pool.vals.load(Ordering::Relaxed
157_probes	out	pool.out.load(Ordering::Relaxed
157_probes	p	handle.pool
157_probes	vals	pool.vals.load(Ordering::Relaxed
157_probes	out	pool.out.load(Ordering::Relaxed
157_probes	n	pool.n.load(Ordering::Relaxed
157_probes	mismatches	0usize
157_probes	buf	build_bytes(n
157_probes	w	2
157_probes	w	3
157_probes	threads	1
157_probes	f	0`
157_probes	f	0
157_probes	signedness	unsigned
157_probes	run_contend	1
157_probes	f	0
157_probes	sig	{add
157_probes	literals	[]
157_probes	f	0
157_probes	f	0
157_probes	sig	{add
157_probes	literals	[]
157_probes	f	0
157_probes	sig	{add
157_probes	literal	3/4
157_probes	literals	['3/4']
157_probes	f	0
157_probes	sig	{add
157_probes	literals	[]
157_probes	f	0
157_probes	w	3
157_probes	trunc	0
157_probes	near	0
157_probes	trunc	0
157_probes	near	1
157_probes	trunc	0
157_probes	near	0
157_probes	trunc	0
157_probes	near	1
157_probes	trunc	1
157_probes	near	2
157_probes	trunc	2
157_probes	near	2
157_probes	trunc	1
157_probes	near	1
157_probes	trunc	2
157_probes	near	2
157_probes	f	0
157_probes	w	64:
157_probes	findings	0
157_probes	fixed	6
157_probes	any	0
157_probes	any	7
157_probes	any	6
157_probes	findings	16
157_probes	fixed	10
157_probes	any	0
157_probes	any	1
157_probes	any	0
157_probes	findings	20
157_probes	fixed	21
157_probes	any	0
157_probes	any	6
157_probes	any	13
157_probes	findings	25
157_probes	fixed	24
157_probes	any	0
157_probes	any	6
157_probes	any	13
157_probes	findings	21
157_probes	fixed	15
157_probes	any	0
157_probes	any	5
157_probes	any	13
157_probes	w	3
157_probes	f	0
157_probes	signed	False
157_probes	policy	wrap
157_probes	treatment	minimal
157_probes	w	3
157_probes	f	0
157_probes	signed	False
157_probes	policy	wrap
157_probes	treatment	headroom
157_probes	w	3
157_probes	pairs	28
157_probes	changed	16
157_probes	changed	0
157_probes	w	3
157_probes	pairs	28
157_probes	changed	15
157_probes	changed	0
157_probes	w	4
157_probes	pairs	120
157_probes	changed	64
157_probes	changed	0
157_probes	w	4
157_probes	pairs	120
157_probes	changed	48
157_probes	changed	0
157_probes	w	5
157_probes	pairs	496
157_probes	changed	256
157_probes	changed	0
157_probes	w	5
157_probes	pairs	496
157_probes	changed	156
157_probes	changed	0
157_probes	w	8
157_probes	pairs	2145
157_probes	changed	765
157_probes	changed	0
157_probes	w	8
157_probes	pairs	2145
157_probes	changed	513
157_probes	changed	0
157_probes	w	12
157_probes	pairs	2145
157_probes	changed	189
157_probes	changed	0
157_probes	w	12
157_probes	pairs	2145
157_probes	changed	128
157_probes	changed	0
157_probes	w	16
157_probes	pairs	2145
157_probes	changed	248
157_probes	changed	0
157_probes	w	16
157_probes	pairs	2145
157_probes	changed	128
157_probes	changed	0
157_probes	w	24
157_probes	pairs	2145
157_probes	changed	65
157_probes	changed	0
157_probes	w	24
157_probes	pairs	2145
157_probes	changed	65
157_probes	changed	0
157_probes	w	32
157_probes	pairs	2145
157_probes	changed	189
157_probes	changed	0
157_probes	w	32
157_probes	pairs	2145
157_probes	changed	65
157_probes	changed	0
157_probes	total	0
157_probes	w	3
157_probes	pairs	28
157_probes	changed	15
157_probes	changed	3
157_probes	w	3
157_probes	pairs	28
157_probes	changed	16
157_probes	changed	4
157_probes	w	4
157_probes	pairs	120
157_probes	changed	63
157_probes	changed	7
157_probes	w	4
157_probes	pairs	120
157_probes	changed	55
157_probes	changed	11
157_probes	w	5
157_probes	pairs	496
157_probes	changed	255
157_probes	changed	15
157_probes	w	5
157_probes	pairs	496
157_probes	changed	175
157_probes	changed	25
157_probes	total	65
157_probes	w	3
157_probes	pairs	28
157_probes	changed	16
157_probes	changed	0
157_probes	w	3
157_probes	pairs	28
157_probes	changed	15
157_probes	changed	0
157_probes	w	4
157_probes	pairs	120
157_probes	changed	64
157_probes	changed	0
157_probes	w	4
157_probes	pairs	120
157_probes	changed	48
157_probes	changed	0
157_probes	w	5
157_probes	pairs	496
157_probes	changed	256
157_probes	changed	0
157_probes	w	5
157_probes	pairs	496
157_probes	changed	156
157_probes	changed	0
157_probes	w	8
157_probes	pairs	2145
157_probes	changed	765
157_probes	changed	0
157_probes	w	8
157_probes	pairs	2145
157_probes	changed	513
157_probes	changed	0
157_probes	w	12
157_probes	pairs	2145
157_probes	changed	189
157_probes	changed	0
157_probes	w	12
157_probes	pairs	2145
157_probes	changed	128
157_probes	changed	0
157_probes	w	16
157_probes	pairs	2145
157_probes	changed	248
157_probes	changed	0
157_probes	w	16
157_probes	pairs	2145
157_probes	changed	128
157_probes	changed	0
157_probes	w	24
157_probes	pairs	2145
157_probes	changed	65
157_probes	changed	0
157_probes	w	24
157_probes	pairs	2145
157_probes	changed	65
157_probes	changed	0
157_probes	w	32
157_probes	pairs	2145
157_probes	changed	189
157_probes	changed	0
157_probes	w	32
157_probes	pairs	2145
157_probes	changed	65
157_probes	changed	0
157_probes	total	0
157_probes	w	3
157_probes	pairs	28
157_probes	changed	0
157_probes	changed	0
157_probes	w	3
157_probes	pairs	28
157_probes	changed	0
157_probes	changed	0
157_probes	w	4
157_probes	pairs	120
157_probes	changed	0
157_probes	changed	0
157_probes	w	4
157_probes	pairs	120
157_probes	changed	0
157_probes	changed	0
157_probes	w	5
157_probes	pairs	496
157_probes	changed	0
157_probes	changed	0
157_probes	w	5
157_probes	pairs	496
157_probes	changed	0
157_probes	changed	0
157_probes	total	0
157_probes	grid	24
157_probes	signature	('add'
157_probes	literals	[]
157_probes	w	yes
157_probes	f	yes
157_probes	signed	yes
157_probes	policy	yes
157_probes	rounding	NO
157_probes	grid	72
157_probes	signature	('add'
157_probes	literals	[]
157_probes	w	yes
157_probes	f	yes
157_probes	signed	yes
157_probes	policy	yes
157_probes	rounding	yes
157_probes	w	2
157_probes	f	0
157_probes	signed	False
157_probes	policy	wrap
157_probes	w	2
157_probes	f	0
157_probes	signed	False
157_probes	policy	wrap
157_probes	grid	72
157_probes	signature	('add'
157_probes	literals	['3/4'
157_probes	w	yes
157_probes	f	yes
157_probes	signed	yes
157_probes	policy	yes
157_probes	rounding	yes
157_probes	w	2
157_probes	f	0
157_probes	signed	False
157_probes	policy	sat
157_probes	w	2
157_probes	f	1
157_probes	signed	False
157_probes	policy	sat
157_probes	include	"*.md"
157_probes	include	"*.md"
157_probes	base	==
157_probes	build	base
157_probes	build	base
157_probes	build	base
157_probes	build	base
157_probes	separates	false
157_probes	alt	==
157_probes	build	alt
157_probes	build	alt
157_probes	build	alt
157_probes	build	alt
157_probes	separates	true
157_probes	stripped	==
157_probes	separates	false
157_probes	separates	true
157_probes	build	==
158_probes	w	64:
158_probes	build	alt
158_probes	build	alt
158_probes	build	alt
158_probes	build	alt
158_probes	separates	true
158_probes	build	base
158_probes	build	base
158_probes	build	base
158_probes	build	base
158_probes	separates	false
158_probes	plan13	Pack<LOGICAL_BITS>
158_probes	layout	WideColumn<0>
158_probes	plan13	Pack<LOGICAL_BITS>
159_probes	resolved	15
159_probes	failed	0
159_probes	crate	==
159_probes	plan13	Pack<LOGICAL_BITS>
159_probes	count	==
159_probes	author	==
159_probes	threads	1`
159_probes	threads	1
159_probes	threads	1
15_probes	toolchain	=
15_probes	instruments	=
15_probes	matrices	=
15_probes	map	=
15_probes	cold	=
15_probes	tag	=
15_probes	site	=
15_probes	disagreements	0
15_probes	disagreements	0
15_probes	i	-1
15_probes	f	2
15_probes	w	1
15_probes	i	-1
15_probes	f	3
15_probes	w	2
15_probes	i	-1
15_probes	f	4
15_probes	w	3
15_probes	i	-1
15_probes	f	5
15_probes	w	4
15_probes	i	-1
15_probes	f	6
15_probes	w	5
15_probes	i	-1
15_probes	f	7
15_probes	w	6
15_probes	i	-1
15_probes	f	8
15_probes	w	7
15_probes	i	-1
15_probes	f	9
15_probes	w	8
15_probes	i	-1
15_probes	f	3
15_probes	w	2
15_probes	i	-1
15_probes	f	4
15_probes	w	3
15_probes	i	-1
15_probes	f	5
15_probes	w	4
15_probes	i	-1
15_probes	f	6
15_probes	w	5
15_probes	i	-1
15_probes	f	7
15_probes	w	6
15_probes	i	-1
15_probes	f	8
15_probes	w	7
15_probes	i	-1
15_probes	f	9
15_probes	w	8
15_probes	reached	-1
15_probes	i	0
15_probes	f	1
15_probes	w	1
15_probes	f	1
15_probes	i	-1
15_probes	f	2
15_probes	w	1
15_probes	f	2
15_probes	i	-3
15_probes	f	4
15_probes	w	1
15_probes	f	4
15_probes	i	-7
15_probes	f	8
15_probes	w	1
15_probes	f	8
15_probes	i	-15
15_probes	f	16
15_probes	w	1
15_probes	f	16
15_probes	i	-31
15_probes	f	32
15_probes	w	1
15_probes	f	32
15_probes	w	0:
15_probes	w	8
15_probes	w	9
15_probes	w	8
15_probes	w	9
15_probes	w	8
15_probes	w	9
15_probes	w	8
15_probes	w	9
15_probes	w	8
15_probes	w	9
15_probes	w	8
15_probes	w	9
15_probes	w	8
15_probes	w	9
15_probes	w	8
15_probes	w	9
15_probes	w	8
15_probes	w	9
15_probes	w	16
15_probes	w	17
15_probes	w	8
15_probes	w	8
15_probes	f	5
15_probes	w	9
15_probes	w	9
15_probes	f	5
15_probes	w	10
15_probes	w	10
15_probes	f	5
15_probes	w	11
15_probes	w	11
15_probes	f	5
15_probes	w	12
15_probes	w	12
15_probes	f	5
15_probes	w	13
15_probes	w	13
15_probes	f	5
15_probes	size	2
15_probes	align	2
15_probes	size	2
15_probes	align	2
15_probes	size	2
15_probes	align	2
15_probes	size	1
15_probes	align	1
15_probes	size	30
15_probes	align	1
15_probes	size	32
15_probes	align	16
15_probes	size	30
15_probes	align	1
15_probes	w	1
15_probes	f	2
15_probes	i	-1
15_probes	size	1
15_probes	align	1
15_probes	align	16
15_probes	align	1
15_probes	align	1
15_probes	t1	==
15_probes	u16	2
15_probes	u16	2
15_probes	stride	240
15_probes	stride	240
15_probes	stride	256
15_probes	derived	240
15_probes	derived	256
15_probes	derived	240
15_probes	absent	==
15_probes	site	==
160_probes	w	13`
160_probes	witness	true
160_probes	directions	0
160_probes	witness	false
160_probes	directions	1
160_probes	witness	false
160_probes	directions	2
160_probes	size_of	8
160_probes	focus	0xaaa
161_probes	sign	signed
161_probes	op	add
161_probes	arity	3
161_probes	signedness	unsigned
161_probes	sign	signed
161_probes	op	add
161_probes	arity	3
161_probes	sign	signed
161_probes	op	add
161_probes	arity	3
162_probes	w	13`
162_probes	resolved	13
162_probes	failed	0
162_probes	w	3
162_probes	f	0
162_probes	signed	False
162_probes	rule	minimum
162_probes	rule	above
162_probes	base	==
162_probes	alt	==
163_probes	f	0`
163_probes	region	packed
163_probes	region	packed
163_probes	sign	signed
163_probes	op	add
163_probes	arity	3
163_probes	sign	signed
163_probes	op	add
163_probes	arity	3
163_probes	sign	signed
163_probes	op	add
163_probes	arity	3
163_probes	run_contend	1
163_probes	internal	==
163_probes	directions	0
163_probes	witness	yes
163_probes	directions	1
163_probes	witness	no
163_probes	directions	2
163_probes	witness	no
163_probes	observable	==
163_probes	directions	0
163_probes	witness	yes
163_probes	directions	1
163_probes	witness	no
163_probes	directions	0
163_probes	witness	yes
163_probes	witness	no
163_probes	directions	1
163_probes	offset	=0
163_probes	carrier	=one
163_probes	sign	signed
163_probes	op	add
163_probes	arity	3
163_probes	f	0
163_probes	threads	1
163_probes	it	==
164_probes	f	0`
164_probes	f	0`
164_probes	f	0`
164_probes	w	13`
167_probes	domain	=
167_probes	w	4
167_probes	w	6
167_probes	w	8
167_probes	f	W/2
167_probes	f	W/2
167_probes	found	8
167_probes	associative	4
167_probes	w	=
167_probes	w	12
167_probes	k	6
167_probes	t1	op(a
167_probes	t2	op(t1
167_probes	r	op(t2
167_probes	observed	r
167_probes	f	6
167_probes	m	2F
167_probes	f	12
167_probes	f	8
167_probes	m	2F
167_probes	f	16
167_probes	f	10
167_probes	m	2F
167_probes	f	20
167_probes	seeds	=
167_probes	f	8
167_probes	length	=
167_probes	carried	=
167_probes	f	4
167_probes	lsbs	=
167_probes	agree	=
167_probes	f	8
167_probes	n	1024
167_probes	widened_bits	29
167_probes	comp_bits	21
167_probes	widened	1022675
167_probes	comp	1022675
167_probes	oracle	1022675
167_probes	container	64
167_probes	bits	=
167_probes	oracle	?
167_probes	agree	=
167_probes	f	8
167_probes	n	1024
167_probes	widened_bits	29
167_probes	comp_bits	21
167_probes	widened	91987
167_probes	comp	91987
167_probes	oracle	91987
167_probes	container	64
167_probes	bits	=
167_probes	oracle	?
167_probes	f	0
167_probes	exact	=
167_probes	exact	=
167_probes	n	16
167_probes	err	0
167_probes	n	1024
167_probes	err	0
167_probes	n	65536
167_probes	err	0
167_probes	f	12
167_probes	result	=
167_probes	n	=
167_probes	profile	release
167_probes	moved	true
167_probes	agree	true
167_probes	agree	true
167_probes	differ	true
167_probes	description	24
167_probes	backward	=
167_probes	everything	>
167_probes	zero	1
167_probes	more	4
168_probes	w	13
168_probes	limit	8191
168_probes	k	2731
168_probes	x	4962
168_probes	w	8
168_probes	domain	0..256
168_probes	steps	[MulK(3
168_probes	widths	[10
168_probes	steps	[AddK(200
168_probes	widths	[9
168_probes	steps	[MulK(3
168_probes	widths	[10
168_probes	steps	[MulK(5
168_probes	widths	[11
168_probes	w	8
168_probes	d	3
168_probes	d	5
168_probes	d	3
168_probes	d	3
168_probes	d	3
168_probes	d	5
168_probes	d	3
168_probes	d	5.
168_probes	d	5
168_probes	x	134:
168_probes	profile	default
168_probes	level	3
168_probes	clto	off
168_probes	units	16
168_probes	addr	00000000000002f8
168_probes	lines	80
168_probes	vectorised	YES
168_probes	vec_operands	22
168_probes	addr	0000000000000438
168_probes	lines	13
168_probes	vectorised	no
168_probes	vec_operands	0
168_probes	addr	000000000000046c
168_probes	lines	94
168_probes	vectorised	YES
168_probes	vec_operands	32
168_probes	addr	00000000000005e4
168_probes	lines	15
168_probes	vectorised	no
168_probes	vec_operands	0
168_probes	profile	documented
168_probes	level	3
168_probes	clto	fat
168_probes	units	1
168_probes	addr	00000000000002f8
168_probes	lines	80
168_probes	vectorised	YES
168_probes	vec_operands	22
168_probes	addr	0000000000000438
168_probes	lines	13
168_probes	vectorised	no
168_probes	vec_operands	0
168_probes	addr	000000000000046c
168_probes	lines	94
168_probes	vectorised	YES
168_probes	vec_operands	32
168_probes	addr	00000000000005e4
168_probes	lines	15
168_probes	vectorised	no
168_probes	vec_operands	0
168_probes	profile	default
168_probes	level	3
168_probes	clto	off
168_probes	units	16
168_probes	addr	0000000000000560
168_probes	lines	65
168_probes	vectorised	YES
168_probes	vec_operands	12
168_probes	addr	0000000000000470
168_probes	lines	60
168_probes	vectorised	YES
168_probes	vec_operands	12
168_probes	addr	000000000000032c
168_probes	lines	81
168_probes	vectorised	YES
168_probes	vec_operands	22
168_probes	addr	0000000000000664
168_probes	lines	87
168_probes	vectorised	YES
168_probes	vec_operands	29
168_probes	addr	00000000000002f8
168_probes	lines	13
168_probes	vectorised	no
168_probes	vec_operands	0
168_probes	addr	00000000000002f8
168_probes	lines	0
168_probes	vectorised	no
168_probes	vec_operands	0
168_probes	profile	documented
168_probes	level	3
168_probes	clto	fat
168_probes	units	1
168_probes	addr	0000000000000560
168_probes	lines	65
168_probes	vectorised	YES
168_probes	vec_operands	12
168_probes	addr	0000000000000470
168_probes	lines	60
168_probes	vectorised	YES
168_probes	vec_operands	12
168_probes	addr	000000000000032c
168_probes	lines	81
168_probes	vectorised	YES
168_probes	vec_operands	22
168_probes	addr	0000000000000664
168_probes	lines	87
168_probes	vectorised	YES
168_probes	vec_operands	29
168_probes	addr	00000000000002f8
168_probes	lines	13
168_probes	vectorised	no
168_probes	vec_operands	0
168_probes	addr	00000000000002f8
168_probes	lines	0
168_probes	vectorised	no
168_probes	vec_operands	0
168_probes	w	8
168_probes	carrier	16
168_probes	fits	false
168_probes	fits	true
169_probes	extracted	==
169_probes	both	==
169_probes	files	==
169_probes	quoted	==
169_probes	it	==
169_probes	it	==
169_probes	rc	0
169_probes	t	3x+97
169_probes	a	t*t
169_probes	b	t>>2
169_probes	a	t*t
169_probes	t	x+97
169_probes	a	t*3
169_probes	a	t*t*t
169_probes	a	t>>1
169_probes	t	x
169_probes	a	t*t
169_probes	m	2F
169_probes	m	F
169_probes	m	2F-1
169_probes	f	4:
169_probes	f	5:
169_probes	f	6:
169_probes	f	7:
169_probes	f	8:
169_probes	f	9:
169_probes	f	10:
169_probes	m	2F-1
169_probes	rc	0
169_probes	resolved	12
169_probes	missing	0
16_probes	p1_fibre_count	==
16_probes	n	1_000_000
16_probes	w	1
16_probes	p2_stride_is_not_size_of	==
16_probes	size_of	2
16_probes	size_of	2
16_probes	size_of	2
16_probes	n	1000
16_probes	p3_blind_suite	==
16_probes	derived	=
16_probes	width	size_of(carrier
16_probes	extent	3
16_probes	p4_access_width	==
16_probes	carrier	=access?
16_probes	w	1..=64:
16_probes	w	1..=1024:
16_probes	access	f(W
16_probes	p5_recovery_direction	==
16_probes	storage	==
16_probes	storage	==
16_probes	w	1
16_probes	stride	8
16_probes	_trait_form_recovers_both	==
16_probes	_alignment_is_not_a_third	==
16_probes	n	1_000_000
16_probes	w	1
16_probes	size_of	2
16_probes	size_of	2
16_probes	size_of	2
16_probes	n	1000
16_probes	derived	=
16_probes	width	size_of(carrier
16_probes	extent	3
16_probes	carrier	=access?
16_probes	w	1..=64:
16_probes	w	1..=1024:
16_probes	access	f(W
16_probes	storage	==
16_probes	storage	==
16_probes	w	1
16_probes	stride	8
170_probes	w	8
170_probes	it	==
170_probes	it	==
170_probes	controls	==
170_probes	controls	==
170_probes	w	8
170_probes	controls	==
170_probes	c	16
170_probes	fm	full_mask(steps.len(
170_probes	controls	==
171_probes	profile	release
171_probes	profile	release:
171_probes	profile	debug
171_probes	rust_backtrace	1`
171_probes	profile	debug:
171_probes	profile	release
171_probes	wide	900000000
171_probes	profile	debug
171_probes	wide	900000000
171_probes	i32	narrow(A
171_probes	i32	a
171_probes	assert	off
171_probes	assert	off
171_probes	assert	on
171_probes	assert	off
171_probes	assert	on
171_probes	f	4
171_probes	m	2F-1=
171_probes	f	6
171_probes	m	2F-1=11
171_probes	f	8
171_probes	m	2F-1=15
171_probes	f	8:
171_probes	f	8:
171_probes	f	8:
171_probes	f	=
171_probes	f	=
171_probes	f	5
171_probes	f	7
171_probes	f	9
171_probes	m	2F-1
171_probes	f	8:
171_probes	f	4
171_probes	f	5
171_probes	f	6
171_probes	f	7
171_probes	f	9
171_probes	assertions	off
171_probes	perimeter	=
171_probes	debug_assertions	false
171_probes	i64	mk_wide_opaque(1
171_probes	located	True
171_probes	normalising	False
171_probes	located	True
171_probes	normalising	False
171_probes	located	True
171_probes	normalising	True
172_probes	f	4:
172_probes	m	2F-1
172_probes	f	6:
172_probes	m	2F-1
172_probes	f	8:
172_probes	m	2F-1
172_probes	f	10:
172_probes	m	2F-1
172_probes	debug_assertions	false
172_probes	exact	4294967296
172_probes	i32	0
172_probes	debug_assertions	true
172_probes	exact	4294967296
172_probes	i32	0
174_probes	w	8
174_probes	s	[0
174_probes	pi	nearest-point
174_probes	x	33:
174_probes	assertions	off
174_probes	assertions	on
174_probes	x	53
174_probes	controls	==
175_probes	assertions	off
175_probes	profile	debug-assertions=off
175_probes	assertions	off:
175_probes	assertions	on
175_probes	profile	debug-assertions=on
175_probes	assertions	on:
175_probes	assertions	off
175_probes	profile	debug-assertions=off
175_probes	assertions	off:
175_probes	assertions	on
175_probes	profile	debug-assertions=on
175_probes	assertions	on:
175_probes	assertions	off
175_probes	profile	debug-assertions=off
175_probes	rust_backtrace	1`
175_probes	assertions	off:
175_probes	assertions	on
175_probes	profile	debug-assertions=on
175_probes	rust_backtrace	1`
175_probes	assertions	on:
177_probes	w	8
177_probes	s	[0
177_probes	pi	clamp
177_probes	threads	1.`
177_probes	w	8
177_probes	s	[0
177_probes	pi	clamp
177_probes	threads	1.`
177_probes	profile	release
177_probes	threads	1
177_probes	run_contend	1
177_probes	holds	>
177_probes	family	1
177_probes	family	1
177_probes	chain	'+97
177_probes	resolution	round-to-8
177_probes	algebra	False
177_probes	range	False
177_probes	family	1
177_probes	holds	>
177_probes	composition	B3's
177_probes	licence	1
177_probes	refuses	0
177_probes	licence	1
177_probes	refuses	0
177_probes	disclaimer	3
177_probes	disclaimer	1
177_probes	assertions	off`.
177_probes	total	0
177_probes	sec3	0
177_probes	controls	==
177_probes	decides	==
177_probes	reserved	==
177_probes	controls	==
17_probes	w	13
17_probes	w	13
17_probes	w	5
17_probes	w	1..=48
17_probes	_t2_scalar_typed	_t2_scalar_native
17_probes	_t2_typed_sum_warm	_t2_typed_sum_aligned_access3
17_probes	w	0
17_probes	w	65
17_probes	w	64
17_probes	w	33..35
17_probes	w	34
183_probes	w	3
183_probes	f	0
183_probes	w	4
183_probes	w	3
183_probes	f	0
183_probes	signedness	unsigned
183_probes	w	4
183_probes	f	2
183_probes	signedness	unsigned
183_probes	w	4
183_probes	w	3
183_probes	f	0
183_probes	f	0
183_probes	w	3
183_probes	f	0
183_probes	f	0
183_probes	toolchain	the
183_probes	w	3
183_probes	f	0
183_probes	w	4
183_probes	w	3
183_probes	f	0
183_probes	w	4
183_probes	w	3
183_probes	f	0
183_probes	toolchain	the
183_probes	rounding	toward-zero
183_probes	policy	wrapping
183_probes	f	0
183_probes	operation	mult
183_probes	fraction	1/3
183_probes	toolchain	the
183_probes	signedness	signed
183_probes	rounding	toward-zero
183_probes	policy	wrapping
183_probes	fraction	1/3
183_probes	rounding	toward-zero
183_probes	policy	wrapping
183_probes	fraction	1/3
183_probes	w	4
183_probes	w	4
183_probes	w	4
183_probes	w	6
183_probes	w	4
183_probes	w	6
183_probes	signedness	unsigned
183_probes	w	6
183_probes	signedness	signed
183_probes	w	4
183_probes	w	4
183_probes	signedness	signed
183_probes	w	4
183_probes	f	1
183_probes	overflow	saturating
183_probes	point	componentwise
183_probes	arms	4
183_probes	arms	7
183_probes	coordinates	3
183_probes	arms	7
183_probes	coordinates	3
183_probes	w	6
183_probes	w	4
183_probes	w	8
183_probes	s	[0
183_probes	pi	clamp
183_probes	w	6
183_probes	w	4
183_probes	signedness	signed
18_probes	comparable	68.89%
18_probes	values	16
18_probes	comparable	42.05%
18_probes	values	64
18_probes	data	2080
18_probes	comparable	35.45%
18_probes	start	0
18_probes	length	4
18_probes	abstract	1
18_probes	exact	0
18_probes	steps	3
18_probes	start	0
18_probes	chain	['-1'
18_probes	abstract	2
18_probes	exact	1
18_probes	clamps	['bot'
18_probes	steps	4
18_probes	start	0
18_probes	chain	['+1'
18_probes	abstract	1
18_probes	exact	0
18_probes	clamps	[None
18_probes	steps	5
18_probes	start	0
18_probes	chain	['+1'
18_probes	abstract	2
18_probes	exact	1
18_probes	clamps	[None
18_probes	a	=
18_probes	args	((0
18_probes	lhs	(0
18_probes	rhs	(0
18_probes	a	=
18_probes	args	((1
18_probes	lhs	(0
18_probes	rhs	(0
18_probes	a	=
18_probes	skipped	2461192
18_probes	skipped	2285746
18_probes	args	((0
18_probes	lhs	(0
18_probes	rhs	(0
18_probes	skipped	2425603
18_probes	args	((0
18_probes	lhs	(0
18_probes	rhs	(0
18_probes	a	=
18_probes	args	((1
18_probes	lhs	(0
18_probes	rhs	(1
18_probes	args	((1
18_probes	lhs	(1
18_probes	rhs	(0
18_probes	count	16
18_probes	a	=
18_probes	skip	2425603
18_probes	skip	2285746
18_probes	args	((1
18_probes	lhs	(0
18_probes	rhs	(1
18_probes	a	=
18_probes	skip	2131162
18_probes	rhs	257007
18_probes	skip	1657805
18_probes	rhs	126587
18_probes	lhs	126587
18_probes	args	((-8
18_probes	lhs	(-7
18_probes	rhs	(-8
18_probes	darwin	==
18_probes	aliases	==
18_probes	_p4_typed_interval_add	_p4_raw_pair_add
18_probes	_p4_typed_scalar_add	_p4_raw_scalar_add
18_probes	_p4_wide_interval_add	_p4_raw_wide_pair_add
18_probes	bodies	==
18_probes	_p4_typed_interval_add	_p4_raw_pair_add
18_probes	_p4_typed_scalar_add	_p4_raw_scalar_add
18_probes	_p4_wide_interval_add	_p4_raw_wide_pair_add
18_probes	n	1:
18_probes	contiguous	True
18_probes	n	2:
18_probes	contiguous	True
18_probes	n	4:
18_probes	contiguous	True
18_probes	n	8:
18_probes	contiguous	True
20_probes	n	8192
20_probes	n	8192
20_probes	w	13
20_probes	n	8192
20_probes	op	1
20_probes	d	3
20_probes	w	64
20_probes	n	8192
20_probes	op	1
20_probes	d	3
20_probes	w	13
20_probes	n	8192
20_probes	op	0
20_probes	d	3
20_probes	w	64
20_probes	n	8192
20_probes	op	0
20_probes	d	3
20_probes	w	13
20_probes	lim	8191
20_probes	k	2731
20_probes	n	8192
20_probes	a	8191
20_probes	b	8191
20_probes	same	true
20_probes	a	4096
20_probes	b	4928
20_probes	same	false
22_probes	d	0
22_probes	level	3
22_probes	loop_align16_w200_d1	=
22_probes	loop_align16_w200_d3	=
22_probes	loop_align16_w200_d8	=
22_probes	loop_align16_w232_d1	=
22_probes	loop_align16_w232_d3	=
22_probes	loop_align16_w232_d8	=
22_probes	loop_align16_w256_d1	=
22_probes	loop_align16_w256_d3	=
22_probes	loop_align16_w256_d8	=
22_probes	p_ragged_overread_w192_d1	=
22_probes	p_ragged_overread_w192_d3	=
22_probes	p_ragged_overread_w192_d8	=
22_probes	p_ragged_overread_w256_d1	=
22_probes	p_ragged_overread_w256_d3	=
22_probes	p_ragged_overread_w256_d8	=
22_probes	d	3.
22_probes	d	0
22_probes	w	129
22_probes	w	192
24_probes	agreement	==
24_probes	w	4
24_probes	f	2
24_probes	w	8
24_probes	f	0
24_probes	w	1
24_probes	f	4
24_probes	w	0
24_probes	f	0
24_probes	w	6
24_probes	f	6
24_probes	w	4
24_probes	f	2
24_probes	p	4
24_probes	e	-3..3
24_probes	f10	1
24_probes	w	4
24_probes	f	2
24_probes	i	W
24_probes	w	4
24_probes	f	0
24_probes	i	4
24_probes	reach	[0
24_probes	w	4
24_probes	f	2
24_probes	i	2
24_probes	reach	[0
24_probes	w	4
24_probes	f	4
24_probes	i	0
24_probes	reach	[0
24_probes	w	1
24_probes	f	1
24_probes	i	0
24_probes	reach	[0
24_probes	w	1
24_probes	f	8
24_probes	i	-7
24_probes	reach	[0
24_probes	w	1
24_probes	f	32
24_probes	i	-31
24_probes	reach	[0
24_probes	w	0
24_probes	f	0
24_probes	i	0
24_probes	reach	[0
24_probes	w	1
24_probes	f	1:
24_probes	i	0
24_probes	w	1
24_probes	f	2:
24_probes	i	-1
24_probes	w	1
24_probes	f	4:
24_probes	i	-3
24_probes	w	1
24_probes	f	8:
24_probes	i	-7
24_probes	w	1
24_probes	f	32:
24_probes	i	-31
24_probes	misses	==
24_probes	w	4
24_probes	f	2
24_probes	w	4
24_probes	f	2
24_probes	w	8
24_probes	f	8
24_probes	w	8
24_probes	f	8
24_probes	w	0
24_probes	w	0
24_probes	f	0
24_probes	w	1
24_probes	f	4
24_probes	w	1
24_probes	f	4
24_probes	w	4
24_probes	f	2
24_probes	f	2
24_probes	f	0
24_probes	p	4
24_probes	emin	-3
24_probes	emax	3
24_probes	p	3
24_probes	emin	-2
24_probes	emax	2
24_probes	p	4
24_probes	e	-3..3
24_probes	f10	1
24_probes	bias	1/2
24_probes	w	4
24_probes	f	2
24_probes	adjustment	3
24_probes	w	4
24_probes	f	2
24_probes	bias	1/2
24_probes	adjustment	3
24_probes	projections	==
24_probes	w	4
24_probes	f	2
24_probes	w	4
24_probes	f	0
24_probes	w	1
24_probes	f	32
24_probes	p	4
24_probes	zero	57
24_probes	p	3
24_probes	zero	21
24_probes	p	4
24_probes	f	2:
24_probes	p	4:
24_probes	p	4
24_probes	phases	==
24_probes	w	13
24_probes	f	0
24_probes	w	8
24_probes	f	0
24_probes	w	13
24_probes	f	0
24_probes	w	8
24_probes	f	0
24_probes	w	16
24_probes	f	4
24_probes	w	3
24_probes	f	1
24_probes	w	8
24_probes	f	0
24_probes	w	13
24_probes	f	0
24_probes	w	8
24_probes	f	0
24_probes	w	13
24_probes	f	0
24_probes	enumeration	==
24_probes	f	=
24_probes	f	8
24_probes	k	-8
24_probes	i	-1000
24_probes	f	=
24_probes	f	0
24_probes	k	0
24_probes	i	-1000
24_probes	p	24
24_probes	k	-10000
24_probes	i	-23
24_probes	p	53
24_probes	k	-10000
24_probes	i	-52
24_probes	p	24
24_probes	emin	-14
24_probes	k	-37
24_probes	i	-23
24_probes	p	11
24_probes	emin	-14
24_probes	k	-24
24_probes	i	-10
24_probes	f	=
24_probes	f	=
24_probes	overlap	==
24_probes	source	==
24_probes	w	4
24_probes	f	2
24_probes	w	8
24_probes	f	0
24_probes	w	1
24_probes	f	4
24_probes	w	0
24_probes	f	0
24_probes	w	6
24_probes	f	6
24_probes	w	4
24_probes	f	2
24_probes	p	4
24_probes	e	-3..3
24_probes	f10	1
24_probes	w	4
24_probes	f	2
24_probes	i	W
24_probes	w	4
24_probes	f	0
24_probes	i	4
24_probes	reach	[0
24_probes	w	4
24_probes	f	2
24_probes	i	2
24_probes	reach	[0
24_probes	w	4
24_probes	f	4
24_probes	i	0
24_probes	reach	[0
24_probes	w	1
24_probes	f	1
24_probes	i	0
24_probes	reach	[0
24_probes	w	1
24_probes	f	8
24_probes	i	-7
24_probes	reach	[0
24_probes	w	1
24_probes	f	32
24_probes	i	-31
24_probes	reach	[0
24_probes	w	0
24_probes	f	0
24_probes	i	0
24_probes	reach	[0
24_probes	w	1
24_probes	f	1:
24_probes	i	0
24_probes	w	1
24_probes	f	2:
24_probes	i	-1
24_probes	w	1
24_probes	f	4:
24_probes	i	-3
24_probes	w	1
24_probes	f	8:
24_probes	i	-7
24_probes	w	1
24_probes	f	32:
24_probes	i	-31
24_probes	w	4
24_probes	f	2
24_probes	w	4
24_probes	f	2
24_probes	w	8
24_probes	f	8
24_probes	w	8
24_probes	f	8
24_probes	w	0
24_probes	w	0
24_probes	f	0
24_probes	w	1
24_probes	f	4
24_probes	w	1
24_probes	f	4
24_probes	w	4
24_probes	f	2
24_probes	f	2
24_probes	f	0
24_probes	p	4
24_probes	emin	-3
24_probes	emax	3
24_probes	p	3
24_probes	emin	-2
24_probes	emax	2
24_probes	p	4
24_probes	e	-3..3
24_probes	f10	1
24_probes	bias	1/2
24_probes	w	4
24_probes	f	2
24_probes	adjustment	3
24_probes	w	4
24_probes	f	2
24_probes	bias	1/2
24_probes	adjustment	3
24_probes	w	4
24_probes	f	2
24_probes	w	4
24_probes	f	0
24_probes	w	1
24_probes	f	32
24_probes	p	4
24_probes	zero	57
24_probes	p	3
24_probes	zero	21
24_probes	p	4
24_probes	f	2:
24_probes	p	4:
24_probes	p	4
24_probes	w	13
24_probes	f	0
24_probes	w	8
24_probes	f	0
24_probes	w	13
24_probes	f	0
24_probes	w	8
24_probes	f	0
24_probes	w	16
24_probes	f	4
24_probes	w	3
24_probes	f	1
24_probes	w	8
24_probes	f	0
24_probes	w	13
24_probes	f	0
24_probes	w	8
24_probes	f	0
24_probes	w	13
24_probes	f	0
24_probes	f	=
24_probes	f	8
24_probes	k	-8
24_probes	i	-1000
24_probes	f	=
24_probes	f	0
24_probes	k	0
24_probes	i	-1000
24_probes	p	24
24_probes	k	-10000
24_probes	i	-23
24_probes	p	53
24_probes	k	-10000
24_probes	i	-52
24_probes	p	24
24_probes	emin	-14
24_probes	k	-37
24_probes	i	-23
24_probes	p	11
24_probes	emin	-14
24_probes	k	-24
24_probes	i	-10
24_probes	f	=
24_probes	f	=
25_probes	headroom	minimum
25_probes	layout	byte-aligned
25_probes	headroom	doubled
25_probes	layout	byte-aligned
25_probes	headroom	minimum
25_probes	layout	bitpacked
25_probes	headroom	doubled
25_probes	layout	bitpacked
25_probes	headroom	minimum
25_probes	headroom	minimum
25_probes	headroom	minimum]
26_probes	seed	17010672633609114990
26_probes	seed	5867342029917480607
26_probes	seed	12789492305975170398
26_probes	n	16384
26_probes	usize	16384'
26_probes	usize	33_554_432'
27_probes	t	1
27_probes	t	1
27_probes	even	-72.78
27_probes	even	-58.77
27_probes	t	1
27_probes	t	4
27_probes	t	1
27_probes	t	4
27_probes	t	1:
27_probes	t	2:
27_probes	t	4:
27_probes	t	1:
27_probes	t	2:
27_probes	t	4:
27_probes	t	1:
27_probes	t	2:
27_probes	t	4:
27_probes	t	1:
27_probes	t	2:
27_probes	t	4:
27_probes	t	1
27_probes	t	1
27_probes	t	4
27_probes	t	4
27_probes	t	1
27_probes	t	1
27_probes	t	4
27_probes	t	4
27_probes	t	1
27_probes	t	1
27_probes	t	4
27_probes	t	4
27_probes	t	1
27_probes	t	2
27_probes	t	4
27_probes	n	4194304
27_probes	t	4
27_probes	t	1
27_probes	t	4
27_probes	n	8388608
27_probes	t	4
27_probes	t	1
27_probes	t	4
27_probes	n	8388608
27_probes	t	4
27_probes	seed	17010672633609114990
27_probes	seed	5867342029917480607
27_probes	seed	12789492305975170398
27_probes	n	163841
27_probes	t	1
27_probes	t	1
27_probes	n	8388608
27_probes	t	1:
35_probes	above	compiled
35_probes	acc	acc.wadd(*x
35_probes	acc	acc.wadd(*x
35_probes	acc	Num::<W>::new(0
35_probes	acc	acc.wadd(*x
35_probes	none	>
35_probes	output	compiled
35_probes	output	compiled
35_probes	w	1..24
35_probes	k	1..64
35_probes	output	compiled
35_probes	got	=
35_probes	got	=
40_probes	hot	(doubled
40_probes	warm	(minimum
40_probes	cold	(minimum
40_probes	precise	(doubled
40_probes	hot	(doubled
40_probes	warm	(doubled
40_probes	cold	(minimum
40_probes	precise	(minimum
40_probes	headroom	('minimum'
40_probes	layout	('addressable'
40_probes	overflow	('wrap'
40_probes	intermediate	('same-width'
40_probes	n	16384:
40_probes	n	131072:
40_probes	n	1048576:
40_probes	n	2097152:
40_probes	n	4194304:
40_probes	n	8388608:
40_probes	n	16384
40_probes	n	131072
40_probes	n	1048576
40_probes	n	2097152
40_probes	n	4194304
40_probes	n	8388608
40_probes	n	8
42_probes	w	1..=7
42_probes	f	0..=W
42_probes	bad_width	==
42_probes	bad_law	==
42_probes	observable_axis	==
42_probes	count	==
42_probes	refutation	==
42_probes	top	3
42_probes	failures	904
42_probes	top	8
42_probes	failures	3244
42_probes	top	15
42_probes	failures	10468
42_probes	case	==
42_probes	top	3
42_probes	failures	0
42_probes	top	8
42_probes	failures	0
42_probes	top	15
42_probes	failures	0
42_probes	lo	0
42_probes	hi	3
42_probes	failures	0
42_probes	lo	0
42_probes	hi	8
42_probes	failures	0
42_probes	lo	0
42_probes	hi	15
42_probes	failures	0
42_probes	lo	2
42_probes	hi	10
42_probes	failures	48
42_probes	lo	5
42_probes	hi	20
42_probes	failures	450
43_probes	aggregate	20
43_probes	bind	21
43_probes	func	29
43_probes	unclear	64
43_probes	aggregate	5
43_probes	bind	5
43_probes	func	4
43_probes	unclear	8
43_probes	specials	None`
43_probes	emit	metadata`**
43_probes	aggregate	22
43_probes	bind	11
43_probes	func	16
43_probes	unclear	33
43_probes	func	1
43_probes	m	3
43_probes	n	5
43_probes	m	3
43_probes	n	3
43_probes	nested	lg(3
43_probes	m	3
43_probes	n	5:
43_probes	step	1/4
43_probes	min	0
43_probes	step	1/4
43_probes	min	-3/2
43_probes	step	1
43_probes	min	0
43_probes	step	1
43_probes	min	-6
43_probes	step	2
43_probes	min	0
43_probes	step	2
43_probes	min	-12
43_probes	step	1/4
43_probes	min	1
43_probes	step	1/4
43_probes	min	-3/2
43_probes	step	1
43_probes	min	1
43_probes	step	1
43_probes	min	-6
43_probes	step	2
43_probes	min	1
43_probes	step	2
43_probes	min	-12
43_probes	step	1/4
43_probes	min	-4
43_probes	step	1/4
43_probes	min	-3/2
43_probes	step	1
43_probes	min	-4
43_probes	step	1
43_probes	min	-6
43_probes	step	2
43_probes	min	-4
43_probes	step	2
43_probes	min	-12
43_probes	step	3/4
43_probes	min	0
43_probes	step	3/4
43_probes	min	-9/2
43_probes	step	3
43_probes	min	0
43_probes	step	3
43_probes	min	-18
43_probes	step	6
43_probes	min	0
43_probes	step	6
43_probes	min	-36
43_probes	step	3/4
43_probes	min	1
43_probes	step	3/4
43_probes	min	-9/2
43_probes	step	3
43_probes	min	1
43_probes	step	3
43_probes	min	-18
43_probes	step	6
43_probes	min	1
43_probes	step	6
43_probes	min	-36
43_probes	step	3/4
43_probes	min	-4
43_probes	step	3/4
43_probes	min	-9/2
43_probes	step	3
43_probes	min	-4
43_probes	step	3
43_probes	min	-18
43_probes	step	6
43_probes	min	-4
43_probes	step	6
43_probes	min	-36
43_probes	step	1/12
43_probes	min	0
43_probes	step	1/12
43_probes	min	-1/2
43_probes	step	1/3
43_probes	min	0
43_probes	step	1/3
43_probes	min	-2
43_probes	step	2/3
43_probes	min	0
43_probes	step	2/3
43_probes	min	-4
43_probes	step	1/12
43_probes	min	1
43_probes	step	1/12
43_probes	min	-1/2
43_probes	step	1/3
43_probes	min	1
43_probes	step	1/3
43_probes	min	-2
43_probes	step	2/3
43_probes	min	1
43_probes	step	2/3
43_probes	min	-4
43_probes	step	1/12
43_probes	min	-4
43_probes	step	1/12
43_probes	min	-1/2
43_probes	step	1/3
43_probes	min	-4
43_probes	step	1/3
43_probes	min	-2
43_probes	step	2/3
43_probes	min	-4
43_probes	step	2/3
43_probes	min	-4
43_probes	b	=
43_probes	n	1:B_eff=0
43_probes	n	2:B_eff=0
43_probes	n	3:B_eff=0
43_probes	n	5:B_eff=0
43_probes	n	8:B_eff=0
43_probes	n	1:B_eff=1/2
43_probes	n	2:B_eff=1
43_probes	n	3:B_eff=3/2
43_probes	n	5:B_eff=5/2
43_probes	n	8:B_eff=4
43_probes	n	1:B_eff=-2
43_probes	n	2:B_eff=-4
43_probes	n	3:B_eff=-6
43_probes	n	5:B_eff=-10
43_probes	n	8:B_eff=-16
43_probes	b	0
43_probes	b	0
43_probes	b	0
43_probes	b	=
45_probes	w	129..=768
45_probes	w	249
45_probes	count	32
45_probes	w	249
45_probes	stride	256
45_probes	w	256:
45_probes	w	240:
45_probes	bytes	30
45_probes	bytes	32.
45_probes	w	129..=768
45_probes	w	249..768
45_probes	f	3
45_probes	x1	4/8
45_probes	x2	5/8
45_probes	a	1/8
45_probes	b	7/8
45_probes	m	1/8
45_probes	x1	5/8
45_probes	x2	6/8
45_probes	a	1/8
45_probes	b	6/8
45_probes	m	1/8
45_probes	f	4
45_probes	x1	8/16
45_probes	x2	9/16
45_probes	a	1/16
45_probes	b	15/16
45_probes	m	1/16
45_probes	x1	9/16
45_probes	x2	10/16
45_probes	a	1/16
45_probes	b	13/16
45_probes	m	1/16
45_probes	f	5
45_probes	x1	16/32
45_probes	x2	17/32
45_probes	a	1/32
45_probes	b	31/32
45_probes	m	1/32
45_probes	x1	17/32
45_probes	x2	18/32
45_probes	a	1/32
45_probes	b	29/32
45_probes	m	1/32
45_probes	f	6
45_probes	x1	32/64
45_probes	x2	33/64
45_probes	a	1/64
45_probes	b	63/64
45_probes	m	1/64
45_probes	x1	33/64
45_probes	x2	34/64
45_probes	a	1/64
45_probes	b	61/64
45_probes	m	1/64
45_probes	f	3:
45_probes	checked	238
45_probes	disagreements	61
45_probes	x1	1/8
45_probes	x2	1/4
45_probes	a	1/2
45_probes	b	1/2
45_probes	f	4:
45_probes	checked	3255
45_probes	disagreements	732
45_probes	x1	1/16
45_probes	x2	1/8
45_probes	a	1/2
45_probes	b	1/2
45_probes	f	5:
45_probes	checked	37076
45_probes	disagreements	7354
45_probes	x1	1/32
45_probes	x2	1/16
45_probes	a	1/2
45_probes	b	1/2
45_probes	f	6:
45_probes	checked	388899
45_probes	disagreements	73461
45_probes	x1	1/64
45_probes	x2	1/32
45_probes	a	1/2
45_probes	b	1/2
45_probes	u32	8
45_probes	u32	16
45_probes	u32	32
45_probes	u32	64
45_probes	u32	128
45_probes	u32	<$rung
45_probes	u32	<$rung
45_probes	u32	<$rung
45_probes	u32	13
45_probes	u32	16
45_probes	u32	13
45_probes	u32	16
45_probes	u32	8
45_probes	u32	8
45_probes	u32	16
45_probes	u32	16
45_probes	u32	16
45_probes	u32	32
45_probes	u32	32
45_probes	u32	32
45_probes	u32	64
45_probes	rung	{rung_bits:>4}
45_probes	carrier	{:>4}
45_probes	stride	{:>4}
45_probes	compute_carrier	{:>4}
45_probes	f	4:
45_probes	k	0
45_probes	k	0
45_probes	k	4
45_probes	x1	8/16
45_probes	x2	9/16
45_probes	a	1/16
45_probes	b	15/16
45_probes	headroom	3
45_probes	f	5:
45_probes	k	0
45_probes	k	0
45_probes	k	5
45_probes	x1	16/32
45_probes	x2	17/32
45_probes	a	1/32
45_probes	b	31/32
45_probes	headroom	4
45_probes	f	6:
45_probes	k	0
45_probes	k	0
45_probes	k	6
45_probes	x1	32/64
45_probes	x2	33/64
45_probes	a	1/64
45_probes	b	63/64
45_probes	headroom	5
47_probes	stride	9
47_probes	stride	10
47_probes	stride	11
47_probes	stride	12
47_probes	stride	13
47_probes	stride	14
47_probes	stride	15
47_probes	stride	16
47_probes	ident	$bits:literal
47_probes	u32	$bits
47_probes	native	$native
47_probes	access	$access
47_probes	w10	10
47_probes	w11	11
47_probes	w12	12
47_probes	w13	13
47_probes	w14	14
47_probes	w15	15
47_probes	w16	16
47_probes	w31	31
47_probes	w47	47
47_probes	carrier	W::Native
47_probes	access	W::Native
47_probes	u32	(core::mem::size_of::<W::Native>(
47_probes	u32	W::BITS
47_probes	carrier	W::Native
47_probes	access	W::Access
47_probes	u32	W::BITS
47_probes	u32	W::BITS
47_probes	repr	Padded<W>
47_probes	repr	Padded<W>
47_probes	repr	Padded<W>
47_probes	repr	Packed<W>
47_probes	w	13
47_probes	r	<$w
47_probes	usize	core::mem::size_of::<<R
47_probes	usize	core::mem::size_of::<<R
47_probes	u32	<R
47_probes	r	<$w
47_probes	usize	core::mem::size_of::<<R
47_probes	u32	<R
47_probes	stride	{}"
47_probes	u32	13
47_probes	u32	16
47_probes	t	u8
47_probes	t	u16
47_probes	t	u32
47_probes	t	u64
47_probes	u32	pack(16
47_probes	u32	pack(16
47_probes	u32	pack(16
47_probes	u32	stride_bits(<W13
47_probes	u32	stride_bits(<W16
47_probes	stride_13_cold	=
47_probes	stride_16_cold	=
47_probes	stride	13
47_probes	carrier	16
47_probes	access	32
47_probes	align	2
47_probes	u32	8191
47_probes	u16	8191
47_probes	access	u32
47_probes	access	u16
47_probes	access	u64
47_probes	w9	9
47_probes	w13	13
47_probes	w16	16
47_probes	width	u32
47_probes	w	13
47_probes	w	16
47_probes	w	256
47_probes	w	13
47_probes	u32	13
47_probes	native	u16
47_probes	wide	u16
47_probes	widealigned	u16
47_probes	widened	u32
47_probes	w	256
47_probes	u32	256
47_probes	native	WideBits32
47_probes	wide	WideBits32
47_probes	widealigned	AlignedWideBits32
47_probes	widened	WideBits32
47_probes	form	===========================
47_probes	carrier	W::Wide
47_probes	u32	(core::mem::size_of::<W::Wide>(
47_probes	carrier	W::WideAligned
47_probes	u32	(core::mem::size_of::<W::WideAligned>(
47_probes	carrier	W::Wide
47_probes	u32	W::BITS
47_probes	carrier	W::Wide
47_probes	u32	(core::mem::size_of::<W::Wide>(
47_probes	form	===========================
47_probes	carrier	W::Wide
47_probes	compute	W::Wide
47_probes	u32	(core::mem::size_of::<W::Wide>(
47_probes	carrier	W::WideAligned
47_probes	compute	W::WideAligned
47_probes	u32	(core::mem::size_of::<W::WideAligned>(
47_probes	carrier	W::Wide
47_probes	compute	W::Wide
47_probes	u32	W::BITS
47_probes	carrier	W::Wide
47_probes	compute	W::Widened
47_probes	u32	(core::mem::size_of::<W::Wide>(
47_probes	repr	Padded<W>
47_probes	repr	PaddedAligned<W>
47_probes	repr	Packed<W>
47_probes	repr	PaddedWideCompute<W>
47_probes	w	256:
47_probes	stride_bits	=
47_probes	w	13:
47_probes	stride_bits	=
47_probes	w	13
47_probes	w	16"
47_probes	w	256
47_probes	w	13
47_probes	w	[9
47_probes	w	[2
50_probes	stride	=
50_probes	w	1..1024:
50_probes	stride	=
50_probes	w	2
50_probes	phases	4
50_probes	true	1
50_probes	closed	2
50_probes	w	4
50_probes	phases	2
50_probes	true	1
50_probes	closed	2
50_probes	w	8
50_probes	phases	1
50_probes	true	1
50_probes	closed	2
50_probes	w	10
50_probes	phases	4
50_probes	true	2
50_probes	closed	3
50_probes	w	12
50_probes	phases	2
50_probes	true	2
50_probes	closed	3
50_probes	w	16
50_probes	phases	1
50_probes	true	2
50_probes	closed	3
50_probes	w	18
50_probes	phases	4
50_probes	true	3
50_probes	closed	4
50_probes	w	20
50_probes	phases	2
50_probes	true	3
50_probes	closed	4
50_probes	w	24
50_probes	phases	1
50_probes	true	3
50_probes	closed	4
50_probes	w	26
50_probes	phases	4
50_probes	true	4
50_probes	closed	5
50_probes	w	2
50_probes	true	1
50_probes	closed	2
50_probes	w	4
50_probes	true	1
50_probes	closed	2
50_probes	w	8
50_probes	true	1
50_probes	closed	2
50_probes	w	10
50_probes	true	2
50_probes	closed	4
50_probes	w	12
50_probes	true	2
50_probes	closed	4
50_probes	w	16
50_probes	true	2
50_probes	closed	4
50_probes	w	26
50_probes	true	4
50_probes	closed	8
50_probes	w	28
50_probes	true	4
50_probes	closed	8
50_probes	w	32
50_probes	true	4
50_probes	closed	8
50_probes	w	58
50_probes	true	8
50_probes	closed	16
50_probes	stride	W
50_probes	stride	ceil(W/4
50_probes	w	13
50_probes	slot	at-rest
50_probes	slot	compute
50_probes	w	=
50_probes	f	8
50_probes	w	=
50_probes	p	8
50_probes	w	13.
51_probes	n	4096
51_probes	w	11
51_probes	opt	2
51_probes	n	1000
51_probes	cpu	default
51_probes	opt	2
51_probes	n	1000
51_probes	cpu	default
51_probes	opt	2
51_probes	n	1000
51_probes	cpu	default
51_probes	opt	3
51_probes	n	1000
51_probes	cpu	default
51_probes	opt	3
51_probes	n	1000
51_probes	cpu	default
51_probes	opt	3
51_probes	n	1000
51_probes	cpu	default
51_probes	opt	3
51_probes	n	1000
51_probes	cpu	native
51_probes	opt	3
51_probes	n	1000
51_probes	cpu	native
51_probes	opt	3
51_probes	n	1000
51_probes	cpu	native
51_probes	opt	3
51_probes	n	4096
51_probes	cpu	default
51_probes	opt	3
51_probes	n	4096
51_probes	cpu	default
51_probes	opt	3
51_probes	n	4096
51_probes	cpu	default
51_probes	opt	3
51_probes	n	64
51_probes	cpu	default
51_probes	opt	3
51_probes	n	64
51_probes	cpu	default
51_probes	opt	3
51_probes	n	64
51_probes	cpu	default
51_probes	opt	s
51_probes	n	1000
51_probes	cpu	default
51_probes	opt	s
51_probes	n	1000
51_probes	cpu	default
51_probes	opt	s
51_probes	n	1000
51_probes	cpu	default
51_probes	w	18:
51_probes	w	19:
51_probes	w	20:
51_probes	w	21:
51_probes	w	22:
51_probes	w	23:
51_probes	w	24:
51_probes	w	25:
51_probes	w	26:
51_probes	w	27:
51_probes	w	28:
51_probes	w	29:
51_probes	w	30:
51_probes	w	31:
51_probes	w	32:
51_probes	w	33:
51_probes	w	40:
51_probes	w	48:
51_probes	w	19
51_probes	accs	1
51_probes	chain	6
51_probes	accs	5
51_probes	chain	8
51_probes	accs	5
51_probes	chain	8
51_probes	w	21
51_probes	accs	1
51_probes	chain	6
51_probes	accs	5
51_probes	chain	8
51_probes	accs	5
51_probes	chain	8
51_probes	w	22
51_probes	accs	1
51_probes	chain	6
51_probes	accs	4
51_probes	chain	5
51_probes	accs	1
51_probes	chain	8
51_probes	w	23
51_probes	accs	1
51_probes	chain	6
51_probes	accs	5
51_probes	chain	8
51_probes	accs	5
51_probes	chain	8
51_probes	w	25
51_probes	accs	1
51_probes	chain	6
51_probes	accs	5
51_probes	chain	8
51_probes	accs	5
51_probes	chain	8
51_probes	w	26
51_probes	accs	1
51_probes	chain	6
51_probes	accs	4
51_probes	chain	5
51_probes	accs	4
51_probes	chain	5
51_probes	w	27
51_probes	accs	1
51_probes	chain	7
51_probes	accs	5
51_probes	chain	9
51_probes	accs	5
51_probes	chain	8
51_probes	w	28
51_probes	accs	1
51_probes	chain	6
51_probes	accs	4
51_probes	chain	5
51_probes	accs	4
51_probes	chain	5
51_probes	w	29
51_probes	accs	1
51_probes	chain	7
51_probes	accs	5
51_probes	chain	9
51_probes	accs	5
51_probes	chain	8
51_probes	w	30
51_probes	accs	1
51_probes	chain	7
51_probes	accs	4
51_probes	chain	6
51_probes	accs	1
51_probes	chain	8
51_probes	w	31
51_probes	accs	1
51_probes	chain	7
51_probes	accs	5
51_probes	chain	9
51_probes	accs	5
51_probes	chain	8
51_probes	w	33
51_probes	accs	1
51_probes	chain	7
51_probes	accs	5
51_probes	chain	9
51_probes	accs	5
51_probes	chain	8
51_probes	w	40
51_probes	accs	1
51_probes	chain	3
51_probes	accs	4
51_probes	chain	5
51_probes	accs	4
51_probes	chain	5
51_probes	w	47
51_probes	accs	1
51_probes	chain	9
51_probes	accs	1
51_probes	chain	9
51_probes	accs	5
51_probes	chain	8
51_probes	w	48
51_probes	accs	1
51_probes	chain	4
51_probes	accs	4
51_probes	chain	6
51_probes	accs	4
51_probes	chain	5
51_probes	toolchain	=
51_probes	on	=
51_probes	o1	1
51_probes	o2	1
51_probes	o3	1
51_probes	o4	1
51_probes	rec	2/2
51_probes	o1	0
51_probes	o2	1
51_probes	o3	0
51_probes	o4	1
51_probes	rec	10/10
51_probes	o1	0
51_probes	o2	0
51_probes	o3	0
51_probes	o4	0
51_probes	rec	9/13
51_probes	it	=
51_probes	code	=
51_probes	w	18:
51_probes	w	19:
51_probes	w	20:
51_probes	w	21:
51_probes	w	22:
51_probes	w	23:
51_probes	w	24:
51_probes	w	25:
51_probes	w	26:
51_probes	w	27:
51_probes	w	28:
51_probes	w	29:
51_probes	w	30:
51_probes	w	31:
51_probes	w	32:
51_probes	w	33:
51_probes	w	40:
51_probes	w	48:
51_probes	symbols	=
51_probes	attacks	=
51_probes	w	19
51_probes	accs	1
51_probes	chain	6
51_probes	accs	5
51_probes	chain	8
51_probes	accs	5
51_probes	chain	8
51_probes	w	21
51_probes	accs	1
51_probes	chain	6
51_probes	accs	5
51_probes	chain	8
51_probes	accs	5
51_probes	chain	8
51_probes	w	22
51_probes	accs	1
51_probes	chain	6
51_probes	accs	4
51_probes	chain	5
51_probes	accs	1
51_probes	chain	8
51_probes	w	23
51_probes	accs	1
51_probes	chain	6
51_probes	accs	5
51_probes	chain	8
51_probes	accs	5
51_probes	chain	8
51_probes	w	25
51_probes	accs	1
51_probes	chain	6
51_probes	accs	5
51_probes	chain	8
51_probes	accs	5
51_probes	chain	8
51_probes	w	26
51_probes	accs	1
51_probes	chain	6
51_probes	accs	4
51_probes	chain	5
51_probes	accs	4
51_probes	chain	5
51_probes	w	27
51_probes	accs	1
51_probes	chain	7
51_probes	accs	5
51_probes	chain	9
51_probes	accs	5
51_probes	chain	8
51_probes	w	28
51_probes	accs	1
51_probes	chain	6
51_probes	accs	4
51_probes	chain	5
51_probes	accs	4
51_probes	chain	5
51_probes	w	29
51_probes	accs	1
51_probes	chain	7
51_probes	accs	5
51_probes	chain	9
51_probes	accs	5
51_probes	chain	8
51_probes	w	30
51_probes	accs	1
51_probes	chain	7
51_probes	accs	4
51_probes	chain	6
51_probes	accs	1
51_probes	chain	8
51_probes	w	31
51_probes	accs	1
51_probes	chain	7
51_probes	accs	5
51_probes	chain	9
51_probes	accs	5
51_probes	chain	8
51_probes	w	33
51_probes	accs	1
51_probes	chain	7
51_probes	accs	5
51_probes	chain	9
51_probes	accs	5
51_probes	chain	8
51_probes	w	40
51_probes	accs	1
51_probes	chain	3
51_probes	accs	4
51_probes	chain	5
51_probes	accs	4
51_probes	chain	5
51_probes	w	47
51_probes	accs	1
51_probes	chain	9
51_probes	accs	1
51_probes	chain	9
51_probes	accs	5
51_probes	chain	8
51_probes	w	48
51_probes	accs	1
51_probes	chain	4
51_probes	accs	4
51_probes	chain	6
51_probes	accs	4
51_probes	chain	5
51_probes	swept	=
51_probes	access	3
51_probes	o1	0
51_probes	o2	1
51_probes	o3	1
51_probes	o4	1
51_probes	rec	9/9
51_probes	access	4
51_probes	o1	0
51_probes	o2	0
51_probes	o3	0
51_probes	o4	0
51_probes	rec	9/8
51_probes	access	8
51_probes	o1	0
51_probes	o2	0
51_probes	o3	0
51_probes	o4	0
51_probes	rec	9/8
51_probes	swept	=
51_probes	cpu	=
51_probes	opt	2
51_probes	n	1000
51_probes	cpu	default
51_probes	opt	2
51_probes	n	1000
51_probes	cpu	default
51_probes	opt	2
51_probes	n	1000
51_probes	cpu	default
51_probes	opt	3
51_probes	n	1000
51_probes	cpu	default
51_probes	opt	3
51_probes	n	1000
51_probes	cpu	default
51_probes	opt	3
51_probes	n	1000
51_probes	cpu	default
51_probes	opt	3
51_probes	n	1000
51_probes	cpu	native
51_probes	opt	3
51_probes	n	1000
51_probes	cpu	native
51_probes	opt	3
51_probes	n	1000
51_probes	cpu	native
51_probes	opt	3
51_probes	n	4096
51_probes	cpu	default
51_probes	opt	3
51_probes	n	4096
51_probes	cpu	default
51_probes	opt	3
51_probes	n	4096
51_probes	cpu	default
51_probes	opt	s
51_probes	n	1000
51_probes	cpu	default
51_probes	opt	s
51_probes	n	1000
51_probes	cpu	default
51_probes	opt	s
51_probes	n	1000
51_probes	cpu	default
51_probes	there	=
55_probes	twos	=
55_probes	k	7
56_probes	k	7
57_probes	matrix	==
57_probes	top	3
57_probes	top	3
57_probes	top	3
57_probes	q	[-8
57_probes	operands	Q
57_probes	q	[0
57_probes	operands	Q
57_probes	q	[-15
57_probes	operands	Q
57_probes	lo	-3
57_probes	lo	-3
57_probes	q	[-8
57_probes	operands	Q
57_probes	q	[0
57_probes	operands	Q
57_probes	a	per-fold
57_probes	b	per-domain
57_probes	c	absorption:
57_probes	d	sign
57_probes	diverge	5606
57_probes	predicts	==
57_probes	lo	2
57_probes	hi	10
57_probes	diverge	48
57_probes	only	46
57_probes	only	0
57_probes	both	2
57_probes	lo	5
57_probes	hi	20
57_probes	diverge	450
57_probes	only	410
57_probes	only	0
57_probes	both	40
57_probes	q	[lo
57_probes	q	==
57_probes	lo	=
57_probes	hi	=
57_probes	swept	100
57_probes	associative	19
57_probes	lo	=0
57_probes	hi	=0'
57_probes	validation	==
57_probes	sampled	==
57_probes	lo	None
57_probes	hi	Some(-6
57_probes	box	[-5
57_probes	failures	0
57_probes	lo	None
57_probes	hi	Some(-6
57_probes	box	[-5
57_probes	failures	0
57_probes	lo	None
57_probes	hi	Some(-6
57_probes	box	[-4
57_probes	failures	0
57_probes	lo	None
57_probes	hi	Some(-6
57_probes	box	[-4
57_probes	failures	0
57_probes	lo	None
57_probes	hi	Some(-6
57_probes	box	[-3
57_probes	failures	0
57_probes	lo	None
57_probes	hi	Some(-6
57_probes	box	[-3
57_probes	failures	0
57_probes	lo	None
57_probes	hi	Some(-6
57_probes	box	[-2
57_probes	failures	0
57_probes	lo	None
57_probes	hi	Some(-6
57_probes	box	[-2
57_probes	failures	0
57_probes	f	0
57_probes	m	1
57_probes	congruence	==
57_probes	x	=
57_probes	m	1
57_probes	m	3
57_probes	m	7
57_probes	m	15
57_probes	m	31
57_probes	bits	==
57_probes	f	=
57_probes	mutant	==
57_probes	semiring	==
57_probes	only	grid
57_probes	end	==
57_probes	validation	==
57_probes	n	2:
57_probes	n	3:
57_probes	n	4:
57_probes	n	6:
57_probes	semiring	==
57_probes	only	grid
57_probes	end	==
57_probes	validation	==
57_probes	n	2:
57_probes	n	4:
57_probes	n	6:
57_probes	compose	==
57_probes	operation	==
57_probes	interval	==
57_probes	q	[lo
57_probes	width	==
57_probes	q	[-8
57_probes	w	4..9
57_probes	validation	==
57_probes	compose	==
57_probes	operation	==
57_probes	interval	==
57_probes	q	[lo
57_probes	width	==
57_probes	q	[-8
57_probes	w	4..9
57_probes	validation	==
57_probes	width	==
57_probes	says	==
57_probes	validation	==
57_probes	lo	=
57_probes	lo	=
57_probes	lo	=
57_probes	hi	=
57_probes	width	==
57_probes	w	3..6
57_probes	q	[-8
57_probes	fail	==
57_probes	q	[-5
57_probes	congruence	false
57_probes	failures	44
57_probes	witness	Some((-1
57_probes	q	[-2
57_probes	congruence	false
57_probes	failures	76
57_probes	witness	Some((-18
57_probes	q	[-9
57_probes	congruence	false
57_probes	failures	290
57_probes	witness	Some((-2
57_probes	lo	=
57_probes	lo	=
57_probes	hi	=
57_probes	q	[-9
57_probes	congruence	false
57_probes	predicted	true
57_probes	q	[-8
57_probes	congruence	false
57_probes	predicted	true
57_probes	q	[-7
57_probes	congruence	false
57_probes	predicted	true
57_probes	q	[-6
57_probes	congruence	false
57_probes	predicted	true
57_probes	q	[-5
57_probes	congruence	false
57_probes	predicted	true
57_probes	q	[-4
57_probes	congruence	false
57_probes	predicted	true
57_probes	q	[-3
57_probes	congruence	false
57_probes	predicted	true
57_probes	q	[-2
57_probes	congruence	false
57_probes	predicted	true
57_probes	q	[0
57_probes	failures	0
57_probes	q	[0
57_probes	failures	0
57_probes	q	[0
57_probes	failures	0
57_probes	q	[0
57_probes	failures	0
57_probes	q	[0
57_probes	failures	0
57_probes	q	[0
57_probes	failures	0
57_probes	q	[0
57_probes	failures	0
57_probes	q	[0
57_probes	failures	0
57_probes	q	[-9
57_probes	congruence	false
57_probes	predicted	true
57_probes	q	[-8
57_probes	congruence	false
57_probes	predicted	true
57_probes	q	[-7
57_probes	congruence	false
57_probes	predicted	true
57_probes	q	[-6
57_probes	congruence	false
57_probes	predicted	true
57_probes	q	[-5
57_probes	congruence	false
57_probes	predicted	true
57_probes	q	[-4
57_probes	congruence	false
57_probes	predicted	true
57_probes	q	[-3
57_probes	congruence	false
57_probes	predicted	true
57_probes	q	[-2
57_probes	congruence	false
57_probes	predicted	true
57_probes	q	[-9
57_probes	failures	0
57_probes	q	[-8
57_probes	failures	0
57_probes	q	[-7
57_probes	failures	0
57_probes	q	[-6
57_probes	failures	0
57_probes	q	[-5
57_probes	failures	0
57_probes	q	[-4
57_probes	failures	0
57_probes	q	[-3
57_probes	failures	0
57_probes	q	[-2
57_probes	failures	0
57_probes	width	==
57_probes	w	3..6
57_probes	q	[-8
57_probes	fail	==
57_probes	q	[-5
57_probes	congruence	false
57_probes	failures	44
57_probes	witness	Some((-1
57_probes	q	[-2
57_probes	congruence	false
57_probes	failures	76
57_probes	witness	Some((-52
57_probes	q	[-9
57_probes	congruence	false
57_probes	failures	290
57_probes	witness	Some((-2
57_probes	lo	=
57_probes	lo	=
57_probes	hi	=
57_probes	q	[-9
57_probes	congruence	false
57_probes	predicted	true
57_probes	q	[-8
57_probes	congruence	false
57_probes	predicted	true
57_probes	q	[-7
57_probes	congruence	false
57_probes	predicted	true
57_probes	q	[-6
57_probes	congruence	false
57_probes	predicted	true
57_probes	q	[-5
57_probes	congruence	false
57_probes	predicted	true
57_probes	q	[-4
57_probes	congruence	false
57_probes	predicted	true
57_probes	q	[-3
57_probes	congruence	false
57_probes	predicted	true
57_probes	q	[-2
57_probes	congruence	false
57_probes	predicted	true
57_probes	width	==
57_probes	w	3..6
57_probes	q	[-8
57_probes	fail	==
57_probes	q	[-5
57_probes	congruence	false
57_probes	failures	44
57_probes	witness	Some((-1
57_probes	q	[-2
57_probes	congruence	false
57_probes	failures	76
57_probes	witness	Some((-18
57_probes	q	[-9
57_probes	congruence	false
57_probes	failures	290
57_probes	witness	Some((-2
57_probes	sweep	==
57_probes	settles	==
57_probes	mechanically	==
57_probes	f	0
57_probes	f	0
57_probes	f	0
57_probes	f	0
57_probes	f	0
57_probes	f	0
57_probes	f	0
57_probes	f	0
57_probes	f	0
57_probes	f	0
57_probes	f	0
57_probes	f	0
57_probes	f	2
57_probes	f	2
57_probes	f	2
57_probes	f	2
57_probes	f	2
57_probes	f	2
57_probes	f	2
57_probes	f	2
57_probes	f	2
57_probes	f	2
57_probes	f	2
57_probes	f	2
57_probes	says	==
57_probes	f	0.
57_probes	validation	==
58_probes	broke	==
58_probes	m	15
58_probes	f	1:
58_probes	clamp	==
58_probes	m	15
58_probes	f	3
58_probes	i	1
58_probes	w	guard
58_probes	w	0
58_probes	w	0
58_probes	w	0
58_probes	w	(n-1
58_probes	left	=
58_probes	right	=
58_probes	min_w	=
58_probes	measure	==
58_probes	w	(n-1
58_probes	result	==
58_probes	w	==
58_probes	m	15
58_probes	f	3
58_probes	i	1
58_probes	w	guard
58_probes	w	0
58_probes	w	0
58_probes	w	0
58_probes	w	(n-1
58_probes	scale	==
60_probes	count	3-element
60_probes	f	8
60_probes	f	8
60_probes	m	15
60_probes	f	3
60_probes	count	tuples
60_probes	full_w	(n-1
60_probes	min_w	full_w
60_probes	n	3:
60_probes	min_w	3
60_probes	full_w	6
60_probes	saving	3
60_probes	n	4:
60_probes	min_w	6
60_probes	full_w	9
60_probes	saving	3
60_probes	n	5:
60_probes	min_w	8
60_probes	full_w	12
60_probes	saving	4
60_probes	n	3:
60_probes	min_w	6
60_probes	full_w	6
60_probes	saving	0
60_probes	n	4:
60_probes	min_w	9
60_probes	full_w	9
60_probes	saving	0
60_probes	n	5:
60_probes	min_w	9
60_probes	full_w	12
60_probes	saving	3
61_probes	argued	==
61_probes	lo	None
61_probes	hi	Some(-6
61_probes	box	[0
61_probes	absorption	true
61_probes	ext	false
61_probes	count	1
61_probes	lo	None
61_probes	hi	Some(-6
61_probes	box	[0
61_probes	absorption	true
61_probes	ext	false
61_probes	count	2
61_probes	lo	None
61_probes	hi	Some(-6
61_probes	box	[0
61_probes	absorption	true
61_probes	ext	false
61_probes	count	3
61_probes	lo	None
61_probes	hi	Some(-6
61_probes	box	[0
61_probes	absorption	true
61_probes	ext	false
61_probes	count	4
61_probes	lo	None
61_probes	hi	Some(-6
61_probes	box	[0
61_probes	absorption	true
61_probes	ext	false
61_probes	count	5
61_probes	lo	None
61_probes	hi	Some(-6
61_probes	box	[0
61_probes	absorption	true
61_probes	ext	false
61_probes	count	6
61_probes	lo	None
61_probes	hi	Some(-6
61_probes	box	[0
61_probes	absorption	true
61_probes	direct	false
61_probes	count	1
61_probes	lo	None
61_probes	hi	Some(-6
61_probes	box	[0
61_probes	absorption	true
61_probes	direct	false
61_probes	count	2
61_probes	lo	None
61_probes	hi	Some(-6
61_probes	box	[0
61_probes	absorption	true
61_probes	direct	false
61_probes	count	3
61_probes	lo	None
61_probes	hi	Some(-6
61_probes	box	[0
61_probes	absorption	true
61_probes	direct	false
61_probes	count	4
61_probes	lo	None
61_probes	hi	Some(-6
61_probes	box	[0
61_probes	absorption	true
61_probes	direct	false
61_probes	count	5
61_probes	lo	None
61_probes	hi	Some(-6
61_probes	box	[0
61_probes	absorption	true
61_probes	direct	false
61_probes	count	6
61_probes	lo	None
61_probes	hi	Some(-6
61_probes	box	[-1
61_probes	absorption	false
61_probes	ext	true
61_probes	count	4
61_probes	lo	None
61_probes	hi	Some(-6
61_probes	box	[0
61_probes	absorption	false
61_probes	ext	true
61_probes	count	3
61_probes	lo	None
61_probes	hi	Some(-6
61_probes	box	[0
61_probes	absorption	false
61_probes	ext	true
61_probes	count	4
61_probes	lo	None
61_probes	hi	Some(-6
61_probes	box	[0
61_probes	absorption	false
61_probes	ext	true
61_probes	count	5
61_probes	lo	None
61_probes	hi	Some(-6
61_probes	box	[0
61_probes	absorption	false
61_probes	ext	true
61_probes	count	6
61_probes	lo	None
61_probes	hi	Some(-5
61_probes	box	[-1
61_probes	absorption	false
61_probes	ext	true
61_probes	count	4
61_probes	lo	None
61_probes	hi	Some(-6
61_probes	box	[-5
61_probes	absorption	false
61_probes	direct	true
61_probes	count	6
61_probes	lo	None
61_probes	hi	Some(-6
61_probes	box	[-5
61_probes	absorption	false
61_probes	direct	true
61_probes	count	7
61_probes	lo	None
61_probes	hi	Some(-6
61_probes	box	[-4
61_probes	absorption	false
61_probes	direct	true
61_probes	count	5
61_probes	lo	None
61_probes	hi	Some(-6
61_probes	box	[-4
61_probes	absorption	false
61_probes	direct	true
61_probes	count	6
61_probes	lo	None
61_probes	hi	Some(-6
61_probes	box	[-3
61_probes	absorption	false
61_probes	direct	true
61_probes	count	4
61_probes	lo	None
61_probes	hi	Some(-6
61_probes	box	[-3
61_probes	absorption	false
61_probes	direct	true
61_probes	count	5
61_probes	lo	None
61_probes	hi	Some(-4
61_probes	box	[0
61_probes	absorption	true
61_probes	ext	false
61_probes	count	1
61_probes	lo	None
61_probes	hi	Some(-4
61_probes	box	[0
61_probes	absorption	true
61_probes	ext	false
61_probes	count	3
61_probes	lo	None
61_probes	hi	Some(-4
61_probes	box	[0
61_probes	absorption	true
61_probes	ext	false
61_probes	count	5
61_probes	lo	None
61_probes	hi	Some(-4
61_probes	box	[0
61_probes	absorption	true
61_probes	ext	false
61_probes	count	7
61_probes	lo	None
61_probes	hi	Some(-4
61_probes	box	[0
61_probes	absorption	true
61_probes	ext	false
61_probes	count	9
61_probes	lo	None
61_probes	hi	Some(-4
61_probes	box	[0
61_probes	absorption	true
61_probes	ext	false
61_probes	count	11
61_probes	lo	None
61_probes	hi	Some(-4
61_probes	box	[0
61_probes	absorption	true
61_probes	direct	false
61_probes	count	1
61_probes	lo	None
61_probes	hi	Some(-4
61_probes	box	[0
61_probes	absorption	true
61_probes	direct	false
61_probes	count	3
61_probes	lo	None
61_probes	hi	Some(-4
61_probes	box	[0
61_probes	absorption	true
61_probes	direct	false
61_probes	count	5
61_probes	lo	None
61_probes	hi	Some(-4
61_probes	box	[0
61_probes	absorption	true
61_probes	direct	false
61_probes	count	7
61_probes	lo	None
61_probes	hi	Some(-4
61_probes	box	[0
61_probes	absorption	true
61_probes	direct	false
61_probes	count	9
61_probes	lo	None
61_probes	hi	Some(-4
61_probes	box	[0
61_probes	absorption	true
61_probes	direct	false
61_probes	count	11
61_probes	lo	None
61_probes	hi	Some(-4
61_probes	box	[0
61_probes	absorption	false
61_probes	ext	true
61_probes	count	3
61_probes	lo	None
61_probes	hi	Some(-4
61_probes	box	[0
61_probes	absorption	false
61_probes	ext	true
61_probes	count	5
61_probes	lo	None
61_probes	hi	Some(-4
61_probes	box	[0
61_probes	absorption	false
61_probes	ext	true
61_probes	count	7
61_probes	lo	None
61_probes	hi	Some(-4
61_probes	box	[0
61_probes	absorption	false
61_probes	ext	true
61_probes	count	9
61_probes	lo	None
61_probes	hi	Some(-4
61_probes	box	[0
61_probes	absorption	false
61_probes	ext	true
61_probes	count	11
61_probes	lo	None
61_probes	hi	Some(-4
61_probes	box	[0
61_probes	absorption	false
61_probes	ext	true
61_probes	count	13
61_probes	lo	None
61_probes	hi	Some(-4
61_probes	box	[-20
61_probes	absorption	false
61_probes	direct	true
61_probes	count	4
61_probes	lo	None
61_probes	hi	Some(-4
61_probes	box	[-18
61_probes	absorption	false
61_probes	direct	true
61_probes	count	4
61_probes	lo	None
61_probes	hi	Some(-4
61_probes	box	[-16
61_probes	absorption	false
61_probes	direct	true
61_probes	count	4
61_probes	lo	None
61_probes	hi	Some(-4
61_probes	box	[-14
61_probes	absorption	false
61_probes	direct	true
61_probes	count	4
61_probes	lo	None
61_probes	hi	Some(-4
61_probes	box	[-12
61_probes	absorption	false
61_probes	direct	true
61_probes	count	4
61_probes	lo	None
61_probes	hi	Some(-4
61_probes	box	[-10
61_probes	absorption	false
61_probes	direct	true
61_probes	count	4
61_probes	x	add(5
61_probes	y	-5
61_probes	f	0
61_probes	f	0
61_probes	widths	==
61_probes	decomposition	==
61_probes	m	15
61_probes	f	1
61_probes	m	15
61_probes	f	2
61_probes	m	15
61_probes	f	3
61_probes	m	31
61_probes	f	1
61_probes	m	31
61_probes	f	2
61_probes	m	31
61_probes	f	3
61_probes	m	63
61_probes	f	1
61_probes	m	63
61_probes	f	2
61_probes	m	63
61_probes	f	3
61_probes	f	1
61_probes	m	15:
61_probes	saturation	==
61_probes	verdict	==
61_probes	sampled	==
61_probes	lo	None
61_probes	hi	Some(-6
61_probes	box	[-5
61_probes	failures	0
61_probes	lo	None
61_probes	hi	Some(-6
61_probes	box	[-5
61_probes	failures	0
61_probes	lo	None
61_probes	hi	Some(-6
61_probes	box	[-4
61_probes	failures	0
61_probes	lo	None
61_probes	hi	Some(-6
61_probes	box	[-4
61_probes	failures	0
61_probes	lo	None
61_probes	hi	Some(-6
61_probes	box	[-3
61_probes	failures	0
61_probes	lo	None
61_probes	hi	Some(-6
61_probes	box	[-3
61_probes	failures	0
61_probes	lo	None
61_probes	hi	Some(-6
61_probes	box	[-2
61_probes	failures	0
61_probes	lo	None
61_probes	hi	Some(-6
61_probes	box	[-2
61_probes	failures	0
62_probes	m	15
62_probes	f	0
62_probes	m	15
62_probes	f	0
62_probes	clamp	==
62_probes	w	3
62_probes	w	4
62_probes	w	5
62_probes	w	6
62_probes	w	4:
62_probes	f	0
62_probes	w	3
62_probes	w	4
62_probes	w	5
62_probes	w	6
62_probes	window	==
62_probes	f	0
62_probes	w	3
62_probes	win	[-16
62_probes	w	4
62_probes	win	[-32
62_probes	w	5
62_probes	win	[-64
62_probes	f	0
62_probes	section	==
62_probes	w	3
62_probes	w	4
62_probes	w	5
62_probes	w	6
62_probes	f	0
62_probes	f	0
62_probes	counts	==
62_probes	w	4
62_probes	f	0:
62_probes	w	4
62_probes	f	0:
62_probes	w	4
62_probes	f	0:
62_probes	spellings	==
62_probes	w	4
62_probes	w	4
62_probes	w	4
62_probes	w	4
62_probes	w	4
62_probes	w	4
62_probes	w	4
62_probes	w	4
62_probes	w	4
62_probes	w	4
62_probes	w	4
62_probes	w	4
62_probes	w	4
62_probes	w	4
62_probes	w	4
62_probes	w	4
62_probes	w	4
62_probes	w	4
62_probes	w	5
62_probes	w	5
62_probes	w	5
62_probes	w	5
62_probes	w	5
62_probes	w	5
62_probes	w	5
62_probes	w	5
62_probes	w	5
62_probes	w	5
62_probes	w	5
62_probes	w	5
62_probes	w	5
62_probes	w	5
62_probes	w	5
62_probes	w	5
62_probes	w	5
62_probes	w	5
62_probes	w	6
62_probes	w	6
62_probes	w	6
62_probes	w	6
62_probes	w	6
62_probes	w	6
62_probes	w	6
62_probes	w	6
62_probes	w	6
62_probes	w	6
62_probes	w	6
62_probes	w	6
62_probes	w	6
62_probes	w	6
62_probes	w	6
62_probes	w	6
62_probes	w	6
62_probes	w	6
62_probes	f	0
62_probes	anywhere	==
62_probes	f	1
62_probes	f	1
62_probes	f	2
62_probes	f	2
62_probes	f	1
62_probes	w	4
62_probes	f	1
62_probes	f	3
62_probes	f	0
62_probes	w	4
62_probes	f	0
62_probes	w	4
62_probes	f	0
62_probes	w	5
62_probes	f	0
62_probes	w	5
62_probes	f	0
62_probes	w	6
62_probes	f	0
62_probes	w	6
62_probes	f	0
62_probes	f	0
62_probes	f	0
62_probes	w	4
62_probes	f	0:
62_probes	arithmetic	==
62_probes	w	4
62_probes	f	1
62_probes	w	4
62_probes	f	1
62_probes	w	4
62_probes	f	2
62_probes	w	4
62_probes	f	2
62_probes	w	4
62_probes	f	3
62_probes	w	4
62_probes	f	3
62_probes	w	5
62_probes	f	1
62_probes	w	5
62_probes	f	1
62_probes	w	5
62_probes	f	2
62_probes	w	5
62_probes	f	2
62_probes	w	5
62_probes	f	3
62_probes	w	5
62_probes	f	3
62_probes	w	6
62_probes	f	1
62_probes	w	6
62_probes	f	1
62_probes	w	6
62_probes	f	2
62_probes	w	6
62_probes	f	2
62_probes	w	6
62_probes	f	3
62_probes	w	6
62_probes	f	3
62_probes	w	4
62_probes	f	1
62_probes	f	0
62_probes	w	4
62_probes	f	0
62_probes	w	4
62_probes	f	0
62_probes	w	5
62_probes	f	0
62_probes	w	5
62_probes	f	0
62_probes	w	6
62_probes	f	0
62_probes	w	6
62_probes	f	0
62_probes	f	0
62_probes	f	0
62_probes	w	4
62_probes	f	0:
62_probes	arithmetic	==
62_probes	w	4
62_probes	f	1
62_probes	w	4
62_probes	f	1
62_probes	w	4
62_probes	f	2
62_probes	w	4
62_probes	f	2
62_probes	w	4
62_probes	f	3
62_probes	w	4
62_probes	f	3
62_probes	w	5
62_probes	f	1
62_probes	w	5
62_probes	f	1
62_probes	w	5
62_probes	f	2
62_probes	w	5
62_probes	f	2
62_probes	w	5
62_probes	f	3
62_probes	w	5
62_probes	f	3
62_probes	w	6
62_probes	f	1
62_probes	w	6
62_probes	f	1
62_probes	w	6
62_probes	f	2
62_probes	w	6
62_probes	f	2
62_probes	w	6
62_probes	f	3
62_probes	w	6
62_probes	f	3
62_probes	w	4
62_probes	f	1
62_probes	clamp	==
62_probes	q	[-8
62_probes	f	3
62_probes	w	0
62_probes	w	0
62_probes	n	3
62_probes	precision	==
62_probes	n	3
62_probes	w	6
62_probes	n	3
62_probes	w	6
62_probes	n	4
62_probes	w	9
62_probes	n	4
62_probes	w	9
62_probes	f	0
62_probes	m	1
62_probes	congruence	==
62_probes	x	=
62_probes	m	1
62_probes	m	3
62_probes	m	7
62_probes	m	15
62_probes	m	31
62_probes	bits	==
62_probes	f	=
62_probes	mutant	==
62_probes	f	0
62_probes	f	0
62_probes	widths	==
62_probes	decomposition	==
62_probes	m	15
62_probes	f	1
62_probes	m	15
62_probes	f	2
62_probes	m	15
62_probes	f	3
62_probes	m	31
62_probes	f	1
62_probes	m	31
62_probes	f	2
62_probes	m	31
62_probes	f	3
62_probes	m	63
62_probes	f	1
62_probes	m	63
62_probes	f	2
62_probes	m	63
62_probes	f	3
62_probes	f	1
62_probes	m	15:
62_probes	saturation	==
62_probes	verdict	==
67_probes	q	[-8
67_probes	q	[0
67_probes	q	[0
67_probes	b	=
67_probes	e	0:
67_probes	e	1:
67_probes	e	2:
67_probes	e	3:
67_probes	e	4:
67_probes	e	5:
67_probes	e	6:
67_probes	e	7:
67_probes	stride	4:
67_probes	stride	5:
67_probes	stride	8:
67_probes	stride	16:
67_probes	constant	False
67_probes	constant	True
67_probes	constant	True
67_probes	unsi	0
67_probes	unsi	0
67_probes	unsi	0
67_probes	sign	0
67_probes	sign	0
67_probes	sign	0
67_probes	monotone	False
67_probes	distributes	False
67_probes	monotone	True
67_probes	distributes	True
67_probes	monotone	False
67_probes	distributes	False
67_probes	monotone	False
67_probes	distributes	False
67_probes	monotone	True
67_probes	distributes	True
67_probes	monotone	False
67_probes	distributes	False
67_probes	trop_over_q3	1360
67_probes	ures_over_reachable_pairs	240
67_probes	trop_over_q3	1360
67_probes	ures_over_reachable_pairs	450
67_probes	trop_over_q3	1360
67_probes	ures_over_reachable_pairs	464
67_probes	trop_over_q3	1360
67_probes	ures_over_reachable_pairs	562
70_probes	v	0
70_probes	m	0
70_probes	o	1
70_probes	l	0
70_probes	v	1
70_probes	m	0
70_probes	o	1
70_probes	l	0
70_probes	v	0
70_probes	m	0
70_probes	o	1
70_probes	l	0
70_probes	v	0
70_probes	m	1
70_probes	o	0
70_probes	l	0
70_probes	v	0
70_probes	m	0
70_probes	o	0
70_probes	l	1
70_probes	exit	0
71_probes	monotone	True
71_probes	coherent	True
71_probes	monotone	True
71_probes	coherent	False
71_probes	monotone	False
71_probes	coherent	True
71_probes	monotone	False
71_probes	coherent	False
71_probes	source	saturate
71_probes	target	wrap
71_probes	source	saturate
71_probes	target	wrap
71_probes	source	wrap
71_probes	target	saturate
71_probes	source	wrap
71_probes	target	saturate
71_probes	source	saturate
71_probes	target	wrap
71_probes	source	saturate
71_probes	target	wrap
71_probes	a	b
71_probes	exact	62
71_probes	a	[-32
71_probes	b	[-16
71_probes	c	[-8
71_probes	pairs	2048
71_probes	unfused	CONVERT
71_probes	unfused	VIA_A
71_probes	convert	VIA_A
71_probes	rho_a	wrap
71_probes	rho_c	wrap
71_probes	fires	True
71_probes	absorbed	True
71_probes	coherent	True
71_probes	unfused	CONVERT
71_probes	unfused	VIA_A
71_probes	rho_a	wrap
71_probes	rho_c	saturate
71_probes	fires	True
71_probes	absorbed	False
71_probes	coherent	False
71_probes	unfused	CONVERT
71_probes	unfused	VIA_A
71_probes	rho_a	saturate
71_probes	rho_c	wrap
71_probes	fires	True
71_probes	absorbed	False
71_probes	coherent	True
71_probes	unfused	CONVERT
71_probes	unfused	VIA_A
71_probes	rho_a	saturate
71_probes	rho_c	saturate
71_probes	fires	True
71_probes	absorbed	True
71_probes	coherent	False
71_probes	unfused	CONVERT
71_probes	unfused	VIA_A
71_probes	rho_a	wrap
71_probes	rho_c	wrap
71_probes	rho_a	wrap
71_probes	rho_c	saturate
71_probes	a	-32
71_probes	b	-16
71_probes	exact	-48
71_probes	unfused	-8
71_probes	convert	-8
71_probes	rho_a	saturate
71_probes	rho_c	wrap
71_probes	a	-32
71_probes	b	-15
71_probes	exact	-47
71_probes	rho_a	saturate
71_probes	rho_c	saturate
71_probes	a	-32
71_probes	exact	-31
71_probes	unfused	-8
71_probes	convert	-7
71_probes	via_a	-8
72_probes	patterns	=
73_probes	w	4
73_probes	exit	0
73_probes	q	[-8
73_probes	exit	0
73_probes	q	[-8
73_probes	ambient	integer
73_probes	set	31
73_probes	exit	0
73_probes	associativity	=
73_probes	exit	0
73_probes	w	2
73_probes	w	2
73_probes	w	3
73_probes	w	3
73_probes	w	4
73_probes	w	4
73_probes	k	e
73_probes	exit	0
73_probes	exit	0
73_probes	exit	0
73_probes	exit	0
76_probes	a	-128
76_probes	b	-128
76_probes	c	1
76_probes	c	-127
76_probes	failures	4177792
76_probes	c	=
76_probes	a	1
76_probes	b	0
76_probes	c	1
76_probes	c	0
76_probes	failures	13882880
76_probes	c	=
76_probes	i	4
76_probes	f	4>(
76_probes	i	11
76_probes	f	5>(
76_probes	_	SATURATING_LAW_HOLDS_ON_NARROW_DOMAIN
77_probes	f_bits	8
77_probes	quantum	0.003906
77_probes	v_rounded	0.601562
77_probes	error	-1.562500e-03
77_probes	bound	quantum/2
77_probes	n	128:
77_probes	n	128
77_probes	n	256:
77_probes	i	0
77_probes	i	0
77_probes	bad	one_of::<Fixed<0
77_probes	bool	Self::I
77_probes	one_raw	32
77_probes	overflow_rank	=
77_probes	overflow_rank	=
77_probes	overflow	1
77_probes	storage	2
77_probes	overflow	1
77_probes	storage	2
79_probes	a	=0
79_probes	sufficiency_violations	32640
79_probes	necessity_violations	0
79_probes	holds	2894336
79_probes	fails	13882880
79_probes	total	16777216
79_probes	sufficiency_violations	0
79_probes	first	None
79_probes	necessity_violations	65280
79_probes	first	Some((0
79_probes	sufficiency_violations	8355840
79_probes	first	Some((1
79_probes	necessity_violations	65280
79_probes	first	Some((0
79_probes	sufficiency_violations	5559680
79_probes	first	Some((1
79_probes	necessity_violations	0
79_probes	first	None
79_probes	sufficiency_violations	0
79_probes	first	None
79_probes	necessity_violations	32640
79_probes	first	Some((0
79_probes	sufficiency_violations	0
79_probes	first	None
79_probes	necessity_violations	0
79_probes	first	None
80_probes	q	[-8
80_probes	left	-7
80_probes	tree	-8
80_probes	q	[-8
80_probes	left	0
80_probes	tree	-8
80_probes	left	-7
80_probes	tree	-8
80_probes	arity	1
80_probes	width	1
80_probes	tuples	2^1
80_probes	arity	1
80_probes	width	2
80_probes	tuples	2^2
80_probes	arity	1
80_probes	width	3
80_probes	tuples	2^3
80_probes	arity	1
80_probes	width	4
80_probes	tuples	2^4
80_probes	arity	1
80_probes	width	5
80_probes	tuples	2^5
80_probes	arity	1
80_probes	width	6
80_probes	tuples	2^6
80_probes	arity	1
80_probes	width	7
80_probes	tuples	2^7
80_probes	arity	1
80_probes	width	8
80_probes	tuples	2^8
80_probes	arity	1
80_probes	width	9
80_probes	tuples	2^9
80_probes	arity	1
80_probes	width	10
80_probes	tuples	2^10
80_probes	arity	1
80_probes	width	11
80_probes	tuples	2^11
80_probes	arity	1
80_probes	width	12
80_probes	tuples	2^12
80_probes	arity	1
80_probes	width	13
80_probes	tuples	2^13
80_probes	arity	1
80_probes	width	14
80_probes	tuples	2^14
80_probes	arity	1
80_probes	width	15
80_probes	tuples	2^15
80_probes	arity	1
80_probes	width	16
80_probes	tuples	2^16
80_probes	arity	1
80_probes	width	17
80_probes	tuples	2^17
80_probes	arity	1
80_probes	width	18
80_probes	tuples	2^18
80_probes	arity	1
80_probes	width	19
80_probes	tuples	2^19
80_probes	arity	1
80_probes	width	20
80_probes	tuples	2^20
80_probes	arity	2
80_probes	width	1
80_probes	tuples	2^2
80_probes	arity	2
80_probes	width	2
80_probes	tuples	2^4
80_probes	arity	2
80_probes	width	3
80_probes	tuples	2^6
80_probes	arity	2
80_probes	width	4
80_probes	tuples	2^8
80_probes	arity	2
80_probes	width	5
80_probes	tuples	2^10
80_probes	arity	2
80_probes	width	6
80_probes	tuples	2^12
80_probes	arity	2
80_probes	width	7
80_probes	tuples	2^14
80_probes	arity	2
80_probes	width	8
80_probes	tuples	2^16
80_probes	arity	2
80_probes	width	9
80_probes	tuples	2^18
80_probes	arity	2
80_probes	width	10
80_probes	tuples	2^20
80_probes	arity	3
80_probes	width	1
80_probes	tuples	2^3
80_probes	arity	3
80_probes	width	2
80_probes	tuples	2^6
80_probes	arity	3
80_probes	width	3
80_probes	tuples	2^9
80_probes	arity	3
80_probes	width	4
80_probes	tuples	2^12
80_probes	arity	3
80_probes	width	5
80_probes	tuples	2^15
80_probes	arity	3
80_probes	width	6
80_probes	tuples	2^18
80_probes	arity	4
80_probes	width	1
80_probes	tuples	2^4
80_probes	arity	4
80_probes	width	2
80_probes	tuples	2^8
80_probes	arity	4
80_probes	width	3
80_probes	tuples	2^12
80_probes	arity	4
80_probes	width	4
80_probes	tuples	2^16
80_probes	arity	4
80_probes	width	5
80_probes	tuples	2^20
80_probes	arity	5
80_probes	width	1
80_probes	tuples	2^5
80_probes	arity	5
80_probes	width	2
80_probes	tuples	2^10
80_probes	arity	5
80_probes	width	3
80_probes	tuples	2^15
80_probes	arity	5
80_probes	width	4
80_probes	tuples	2^20
80_probes	arity	6
80_probes	width	1
80_probes	tuples	2^6
80_probes	arity	6
80_probes	width	2
80_probes	tuples	2^12
80_probes	arity	6
80_probes	width	3
80_probes	tuples	2^18
80_probes	arity	8
80_probes	width	1
80_probes	tuples	2^8
80_probes	arity	8
80_probes	width	2
80_probes	tuples	2^16
80_probes	arity	12
80_probes	width	1
80_probes	tuples	2^12
80_probes	arity	12
80_probes	width	2
80_probes	tuples	2^24
80_probes	arity	2
80_probes	width	1
80_probes	tuples	2^2
80_probes	arity	2
80_probes	width	2
80_probes	tuples	2^4
80_probes	arity	2
80_probes	width	3
80_probes	tuples	2^6
80_probes	arity	2
80_probes	width	4
80_probes	tuples	2^8
80_probes	arity	2
80_probes	width	5
80_probes	tuples	2^10
80_probes	arity	2
80_probes	width	6
80_probes	tuples	2^12
80_probes	arity	2
80_probes	width	7
80_probes	tuples	2^14
80_probes	arity	2
80_probes	width	8
80_probes	tuples	2^16
80_probes	arity	2
80_probes	width	9
80_probes	tuples	2^18
80_probes	arity	3
80_probes	width	1
80_probes	tuples	2^3
80_probes	arity	3
80_probes	width	2
80_probes	tuples	2^6
80_probes	arity	3
80_probes	width	3
80_probes	tuples	2^9
80_probes	arity	3
80_probes	width	4
80_probes	tuples	2^12
80_probes	arity	3
80_probes	width	5
80_probes	tuples	2^15
80_probes	arity	3
80_probes	width	6
80_probes	tuples	2^18
80_probes	arity	3
80_probes	width	7
80_probes	tuples	2^21
80_probes	arity	3
80_probes	width	8
80_probes	tuples	2^24
80_probes	arity	3
80_probes	width	9
80_probes	tuples	2^27
80_probes	arity	3
80_probes	width	10
80_probes	tuples	2^30
80_probes	arity	3
80_probes	width	11
80_probes	tuples	2^33
80_probes	arity	3
80_probes	width	12
80_probes	tuples	2^36
80_probes	arity	3
80_probes	width	13
80_probes	tuples	2^39
80_probes	arity	3
80_probes	width	14
80_probes	tuples	2^42
80_probes	arity	3
80_probes	width	15
80_probes	tuples	2^45
80_probes	arity	3
80_probes	width	16
80_probes	tuples	2^48
80_probes	arity	4
80_probes	width	1
80_probes	tuples	2^4
80_probes	arity	4
80_probes	width	2
80_probes	tuples	2^8
80_probes	arity	4
80_probes	width	3
80_probes	tuples	2^12
80_probes	arity	4
80_probes	width	4
80_probes	tuples	2^16
80_probes	arity	4
80_probes	width	5
80_probes	tuples	2^20
80_probes	arity	4
80_probes	width	6
80_probes	tuples	2^24
80_probes	arity	4
80_probes	width	7
80_probes	tuples	2^28
80_probes	arity	4
80_probes	width	8
80_probes	tuples	2^32
80_probes	arity	4
80_probes	width	9
80_probes	tuples	2^36
80_probes	arity	4
80_probes	width	10
80_probes	tuples	2^40
80_probes	arity	4
80_probes	width	11
80_probes	tuples	2^44
80_probes	arity	4
80_probes	width	12
80_probes	tuples	2^48
80_probes	arity	4
80_probes	width	13
80_probes	tuples	2^52
80_probes	arity	4
80_probes	width	14
80_probes	tuples	2^56
80_probes	arity	4
80_probes	width	15
80_probes	tuples	2^60
80_probes	arity	4
80_probes	width	16
80_probes	tuples	2^64
80_probes	arity	5
80_probes	width	1
80_probes	tuples	2^5
80_probes	arity	5
80_probes	width	2
80_probes	tuples	2^10
80_probes	arity	5
80_probes	width	3
80_probes	tuples	2^15
80_probes	arity	5
80_probes	width	4
80_probes	tuples	2^20
80_probes	arity	5
80_probes	width	5
80_probes	tuples	2^25
80_probes	arity	5
80_probes	width	6
80_probes	tuples	2^30
80_probes	arity	5
80_probes	width	7
80_probes	tuples	2^35
80_probes	arity	5
80_probes	width	8
80_probes	tuples	2^40
80_probes	arity	5
80_probes	width	9
80_probes	tuples	2^45
80_probes	arity	5
80_probes	width	10
80_probes	tuples	2^50
80_probes	arity	5
80_probes	width	11
80_probes	tuples	2^55
80_probes	arity	5
80_probes	width	12
80_probes	tuples	2^60
80_probes	arity	5
80_probes	width	13
80_probes	tuples	2^65
80_probes	arity	6
80_probes	width	1
80_probes	tuples	2^6
80_probes	arity	6
80_probes	width	2
80_probes	tuples	2^12
80_probes	arity	6
80_probes	width	3
80_probes	tuples	2^18
80_probes	arity	6
80_probes	width	4
80_probes	tuples	2^24
80_probes	arity	6
80_probes	width	5
80_probes	tuples	2^30
80_probes	arity	6
80_probes	width	6
80_probes	tuples	2^36
80_probes	arity	6
80_probes	width	7
80_probes	tuples	2^42
80_probes	arity	6
80_probes	width	8
80_probes	tuples	2^48
80_probes	arity	6
80_probes	width	9
80_probes	tuples	2^54
80_probes	arity	6
80_probes	width	10
80_probes	tuples	2^60
80_probes	arity	6
80_probes	width	11
80_probes	tuples	2^66
80_probes	arity	8
80_probes	width	1
80_probes	tuples	2^8
80_probes	arity	8
80_probes	width	2
80_probes	tuples	2^16
80_probes	arity	8
80_probes	width	3
80_probes	tuples	2^24
80_probes	arity	8
80_probes	width	4
80_probes	tuples	2^32
80_probes	arity	8
80_probes	width	5
80_probes	tuples	2^40
80_probes	arity	8
80_probes	width	6
80_probes	tuples	2^48
80_probes	arity	8
80_probes	width	7
80_probes	tuples	2^56
80_probes	arity	8
80_probes	width	8
80_probes	tuples	2^64
80_probes	w	8
80_probes	w	9
80_probes	w	16
80_probes	w	15
80_probes	w	16
80_probes	w	12
80_probes	w	13
80_probes	w	10
80_probes	w	11
80_probes	w	7
80_probes	w	8
80_probes	w	64
80_probes	w	64
80_probes	f	0
80_probes	general	56
80_probes	fused	56
80_probes	agree	true
80_probes	f	8
80_probes	general	0
80_probes	fused	0
80_probes	agree	true
80_probes	f	8
80_probes	f	0
80_probes	sel_static_f0	56
80_probes	sel_static_f8	0
80_probes	f	0
80_probes	f	8
80_probes	sat_sum_lanes	255
80_probes	sat_sum_lanes16	255
80_probes	sat_sum_lanes64	255
80_probes	policy	wrap
80_probes	width	6
80_probes	triples	2^18
80_probes	policy	wrap
80_probes	width	7
80_probes	triples	2^21
80_probes	policy	wrap
80_probes	width	8
80_probes	triples	2^24
80_probes	policy	wrap
80_probes	width	9
80_probes	triples	2^27
80_probes	policy	sat
80_probes	width	6
80_probes	triples	2^18
80_probes	policy	sat
80_probes	width	7
80_probes	triples	2^21
80_probes	policy	sat
80_probes	width	8
80_probes	triples	2^24
80_probes	policy	sat
80_probes	width	9
80_probes	triples	2^27
80_probes	q	[-8
80_probes	n	3
80_probes	f	4
80_probes	n	2
82_probes	holds	2894336
82_probes	fails	13882880
82_probes	total	16777216
82_probes	sufficiency_violations	0
82_probes	first	None
82_probes	necessity_violations	65280
82_probes	first	Some((0
82_probes	sufficiency_violations	8355840
82_probes	first	Some((1
82_probes	necessity_violations	65280
82_probes	first	Some((0
82_probes	sufficiency_violations	5559680
82_probes	first	Some((1
82_probes	necessity_violations	0
82_probes	first	None
82_probes	sufficiency_violations	0
82_probes	first	None
82_probes	necessity_violations	32640
82_probes	first	Some((0
82_probes	sufficiency_violations	0
82_probes	first	None
82_probes	necessity_violations	0
82_probes	first	None
82_probes	triples	21.9759%
82_probes	anywhere	false
82_probes	a	=
82_probes	fires	true
82_probes	c	=
82_probes	c	=
82_probes	fires	true
82_probes	b	=
82_probes	w	4
82_probes	n	2:0/256
82_probes	n	3:952/4096
82_probes	n	4:28917/65536
82_probes	n	5:623049/1048576
82_probes	w	4
82_probes	n	2:0/64
82_probes	n	3:0/512
82_probes	n	4:0/4096
82_probes	n	5:0/32768
82_probes	w	4
82_probes	n	2:0/81
82_probes	n	3:0/729
82_probes	n	4:0/6561
82_probes	n	5:0/59049
82_probes	w	4
82_probes	n	2:0/9
82_probes	n	3:0/27
82_probes	n	4:0/81
82_probes	n	5:0/243
82_probes	w	5
82_probes	n	2:0/1024
82_probes	n	3:7920/32768
82_probes	n	4:478185/1048576
82_probes	n	5:20509425/33554432
82_probes	w	5
82_probes	n	2:0/256
82_probes	n	3:0/4096
82_probes	n	4:0/65536
82_probes	n	5:0/1048576
82_probes	w	5
82_probes	n	2:0/289
82_probes	n	3:0/4913
82_probes	n	4:0/83521
82_probes	n	5:0/1419857
82_probes	w	5
82_probes	n	2:0/9
82_probes	n	3:0/27
82_probes	n	4:0/81
82_probes	n	5:0/243
82_probes	left	-100
82_probes	tree	-128
82_probes	left	126
82_probes	tree	127
82_probes	accept	==
82_probes	panic	abort
82_probes	type	staticlib
82_probes	refusal	==
82_probes	panic	abort
82_probes	type	staticlib
82_probes	check	==
82_probes	_	<W
82_probes	b	fold_reassociated::<NeverPositive>(&buf[..len]
82_probes	emit	metadata
82_probes	refusal	==
82_probes	refusal	==
82_probes	only	==
82_probes	seq	108
82_probes	lanes16	-1
82_probes	seq	127
82_probes	lanes16	126
82_probes	a	0
82_probes	b	0
82_probes	c	0
82_probes	a	1
82_probes	b	0
82_probes	c	0
82_probes	a	0
82_probes	b	0
82_probes	c	200
82_probes	accept	==
82_probes	silence	accepted
82_probes	emit	metadata:
82_probes	refusal	==
82_probes	emitted	==
82_probes	level	0
82_probes	it	==
84_probes	k	2..=128:
84_probes	k	64:
84_probes	x	64
84_probes	k	64:
84_probes	inv3	=
84_probes	integer	0x20000000000000001
84_probes	x	1
84_probes	k	6
84_probes	w	64
84_probes	w	10:
84_probes	w	11:
84_probes	w	12:
84_probes	w	13:
84_probes	w	14:
84_probes	w	15:
84_probes	w	16:
84_probes	x	16
84_probes	w	17:
84_probes	x	16
84_probes	w	18:
84_probes	x	16
84_probes	build	=
84_probes	x	64
84_probes	x	64
84_probes	x	64
84_probes	false	>
84_probes	false	>
84_probes	laws	=
86_probes	false	>
86_probes	residue	0x10000000000000000
86_probes	k	13
86_probes	k	14
86_probes	k	15
86_probes	d	=
86_probes	t	true
86_probes	x	2:
86_probes	lhs	2^63
86_probes	rhs	sat(2^64
86_probes	xffffffffffffffff	>
86_probes	x	2
86_probes	c	2^63
86_probes	x	1:
86_probes	x8000000000000000	>
86_probes	w	64
86_probes	x	2:
89_probes	k	2
89_probes	k	3
89_probes	witness	=
89_probes	evaluations	2*(D+1
89_probes	d	64
89_probes	d	65
89_probes	c	=
89_probes	c	2^63-1
89_probes	d	1
89_probes	law	E_D
89_probes	d	WB..WB+L-1
89_probes	k	2
89_probes	k	3
89_probes	k	2
89_probes	k	2
89_probes	x	=
89_probes	f	brute
89_probes	f	brute
89_probes	add	=
89_probes	tree	=
89_probes	n	2
89_probes	left	=tree:
89_probes	left	=right:
89_probes	n	3
89_probes	left	=tree:
89_probes	left	=right:
89_probes	n	4
89_probes	left	=tree:
89_probes	left	=right:
89_probes	n	8
89_probes	left	=tree:
89_probes	left	=right:
89_probes	n	3:
89_probes	window_admissible	false
89_probes	law	left
89_probes	fold	=
89_probes	box	2^n
89_probes	max	7
89_probes	min	-8
89_probes	a	((x>>2
89_probes	b	((x>>1
89_probes	x	2.
89_probes	f	0
89_probes	t	((x*x
93_probes	cold	Hot
93_probes	cold	Warm
93_probes	cold	Cold
93_probes	cold	Precise
93_probes	precise	Warm
93_probes	precise	Warm
93_probes	precise	Precise
93_probes	precise	Warm
93_probes	precise	Precise
93_probes	precise	Precise
93_probes	precise	Precise
93_probes	precise	Precise
93_probes	precise	Precise
93_probes	precise	Precise
93_probes	precise	Precise
93_probes	precise	Precise
93_probes	precise	Precise
93_probes	precise	Precise
93_probes	precise	Precise
93_probes	precise	Precise
93_probes	precise	Precise
93_probes	precise	Precise
93_probes	hvc	Precise
93_probes	hvw	Hot
93_probes	cvw	Cold
93_probes	cvp	Precise
93_probes	wvp	Precise
93_probes	hvp	Precise
93_probes	hvc	Precise
93_probes	hvw	Precise
93_probes	cvw	Cold
93_probes	cvp	Precise
93_probes	wvp	Precise
93_probes	hvp	Precise
93_probes	hvc	Precise
93_probes	hvw	Hot
93_probes	cvw	Precise
93_probes	cvp	Precise
93_probes	wvp	Precise
93_probes	hvp	Precise
93_probes	hvc	Precise
93_probes	hvw	Precise
93_probes	cvw	Precise
93_probes	cvp	Precise
93_probes	wvp	Precise
93_probes	hvp	Precise
93_probes	w	3
93_probes	policy	wrap
93_probes	b	=
93_probes	c	=
93_probes	c	=
93_probes	policy	saturate
93_probes	b	=
93_probes	c	=
93_probes	c	=
93_probes	policy	exact
93_probes	b	=
93_probes	c	=
93_probes	c	=
93_probes	w	4
93_probes	policy	wrap
93_probes	b	=
93_probes	c	=
93_probes	c	=
93_probes	policy	saturate
93_probes	b	=
93_probes	c	=
93_probes	c	=
93_probes	policy	exact
93_probes	b	=
93_probes	c	=
93_probes	c	=
93_probes	w	5
93_probes	policy	wrap
93_probes	b	=
93_probes	c	=
93_probes	c	=
93_probes	policy	saturate
93_probes	b	=
93_probes	c	=
93_probes	c	=
93_probes	policy	exact
93_probes	b	=
93_probes	c	=
93_probes	c	=
93_probes	w	6
93_probes	policy	wrap
93_probes	b	=
93_probes	c	=
93_probes	c	=
93_probes	policy	saturate
93_probes	b	=
93_probes	c	=
93_probes	c	=
93_probes	policy	exact
93_probes	b	=
93_probes	c	=
93_probes	c	=
93_probes	overflow	wrap
93_probes	rounding	truncate
93_probes	w	6
93_probes	f	0
93_probes	c	=
93_probes	c	=
93_probes	f	1
93_probes	c	=
93_probes	c	=
93_probes	a	1
93_probes	b	1
93_probes	c	4
93_probes	a	1
93_probes	b	1
93_probes	c	1
93_probes	f	2
93_probes	c	=
93_probes	c	=
93_probes	a	1
93_probes	b	1
93_probes	c	16
93_probes	a	1
93_probes	b	1
93_probes	c	3
93_probes	f	3
93_probes	c	=
93_probes	c	=
93_probes	a	1
93_probes	b	2
93_probes	c	32
93_probes	a	1
93_probes	b	1
93_probes	c	7
93_probes	f	4
93_probes	c	=
93_probes	c	=
93_probes	a	1
93_probes	b	5
93_probes	c	52
93_probes	a	1
93_probes	b	1
93_probes	c	15
93_probes	overflow	wrap
93_probes	rounding	nearest
93_probes	w	6
93_probes	f	0
93_probes	c	=
93_probes	c	=
93_probes	f	1
93_probes	c	=
93_probes	c	=
93_probes	a	1
93_probes	b	1
93_probes	c	3
93_probes	a	1
93_probes	b	1
93_probes	c	1
93_probes	f	2
93_probes	c	=
93_probes	c	=
93_probes	a	1
93_probes	b	1
93_probes	c	6
93_probes	a	1
93_probes	b	1
93_probes	c	1
93_probes	f	3
93_probes	c	=
93_probes	c	=
93_probes	a	1
93_probes	b	1
93_probes	c	28
93_probes	a	1
93_probes	b	1
93_probes	c	3
93_probes	f	4
93_probes	c	=
93_probes	c	=
93_probes	a	1
93_probes	b	2
93_probes	c	60
93_probes	a	1
93_probes	b	1
93_probes	c	7
93_probes	overflow	saturate
93_probes	rounding	truncate
93_probes	w	6
93_probes	f	0
93_probes	c	=
93_probes	c	=
93_probes	f	1
93_probes	c	=
93_probes	c	=
93_probes	a	1
93_probes	b	1
93_probes	c	4
93_probes	a	1
93_probes	b	1
93_probes	c	1
93_probes	f	2
93_probes	c	=
93_probes	c	=
93_probes	a	1
93_probes	b	1
93_probes	c	16
93_probes	a	1
93_probes	b	1
93_probes	c	3
93_probes	f	3
93_probes	c	=
93_probes	c	=
93_probes	a	1
93_probes	b	2
93_probes	c	32
93_probes	a	1
93_probes	b	1
93_probes	c	7
93_probes	f	4
93_probes	c	=
93_probes	c	=
93_probes	a	1
93_probes	b	5
93_probes	c	52
93_probes	a	1
93_probes	b	1
93_probes	c	15
93_probes	overflow	saturate
93_probes	rounding	nearest
93_probes	w	6
93_probes	f	0
93_probes	c	=
93_probes	c	=
93_probes	f	1
93_probes	c	=
93_probes	c	=
93_probes	a	1
93_probes	b	1
93_probes	c	3
93_probes	a	1
93_probes	b	1
93_probes	c	1
93_probes	f	2
93_probes	c	=
93_probes	c	=
93_probes	a	1
93_probes	b	1
93_probes	c	6
93_probes	a	1
93_probes	b	1
93_probes	c	1
93_probes	f	3
93_probes	c	=
93_probes	c	=
93_probes	a	1
93_probes	b	1
93_probes	c	28
93_probes	a	1
93_probes	b	1
93_probes	c	3
93_probes	f	4
93_probes	c	=
93_probes	c	=
93_probes	a	1
93_probes	b	2
93_probes	c	60
93_probes	a	1
93_probes	b	1
93_probes	c	7
93_probes	f	0.
93_probes	f	0
93_probes	f	0
93_probes	f	0
93_probes	tag	=
93_probes	tag	=
93_probes	wrap	18
93_probes	saturate	29
93_probes	widen	59]
93_probes	wrap	18
93_probes	saturate	15
93_probes	widen	31]
93_probes	wrap	74
93_probes	saturate	36
93_probes	widen	10]
93_probes	u64	add_or_refuse(8000
93_probes	w	13:
93_probes	a	4000
93_probes	b	91
93_probes	agree	true
93_probes	a	8000
93_probes	b	8000
93_probes	agree	false
93_probes	a	5000
93_probes	b	4000
93_probes	agree	false
93_probes	w	8
93_probes	f	4
93_probes	f	0
93_probes	w	3
93_probes	overflow	wrap
93_probes	c	=
93_probes	c	=
93_probes	w	3
93_probes	overflow	saturate
93_probes	c	=
93_probes	a	-4
93_probes	b	-4
93_probes	c	1
93_probes	c	=
93_probes	a	-4
93_probes	b	-4
93_probes	c	-1
93_probes	a	-4
93_probes	b	-4
93_probes	c	1
93_probes	w	4
93_probes	overflow	wrap
93_probes	c	=
93_probes	c	=
93_probes	w	4
93_probes	overflow	saturate
93_probes	c	=
93_probes	a	-8
93_probes	b	-8
93_probes	c	1
93_probes	c	=
93_probes	a	-8
93_probes	b	-8
93_probes	c	-1
93_probes	a	-8
93_probes	b	-8
93_probes	c	1
93_probes	w	5
93_probes	overflow	wrap
93_probes	c	=
93_probes	c	=
93_probes	w	5
93_probes	overflow	saturate
93_probes	c	=
93_probes	a	-16
93_probes	b	-16
93_probes	c	1
93_probes	c	=
93_probes	a	-16
93_probes	b	-16
93_probes	c	-1
93_probes	a	-16
93_probes	b	-16
93_probes	c	1
93_probes	w	6
93_probes	overflow	wrap
93_probes	c	=
93_probes	c	=
93_probes	w	6
93_probes	overflow	saturate
93_probes	c	=
93_probes	a	-32
93_probes	b	-32
93_probes	c	1
93_probes	c	=
93_probes	a	-32
93_probes	b	-32
93_probes	c	-1
93_probes	a	-32
93_probes	b	-32
93_probes	c	1
93_probes	w	7
93_probes	overflow	wrap
93_probes	c	=
93_probes	c	=
93_probes	w	7
93_probes	overflow	saturate
93_probes	c	=
93_probes	a	-64
93_probes	b	-64
93_probes	c	1
93_probes	c	=
93_probes	a	-64
93_probes	b	-64
93_probes	c	-1
93_probes	a	-64
93_probes	b	-64
93_probes	c	1
93_probes	f	0'
93_probes	w	5
93_probes	f	0
93_probes	f	1
93_probes	f	0
93_probes	f	1
93_probes	f	0
93_probes	f	1
93_probes	f	0
93_probes	f	1
93_probes	f	0
93_probes	f	1
93_probes	f	0
93_probes	f	1
93_probes	f	0
93_probes	f	1
93_probes	f	0
93_probes	f	1
93_probes	f	1
93_probes	f	0
93_probes	f	0
93_probes	f	1
93_probes	f	0
93_probes	f	0
93_probes	f	0
93_probes	f	1
93_probes	f	0
93_probes	f	0
93_probes	f	0
93_probes	f	1
93_probes	f	1
93_probes	f	0
93_probes	f	1
93_probes	f	1
93_probes	f	1
93_probes	f	0
93_probes	f	1
93_probes	f	1
93_probes	f	0:
93_probes	f	0:
93_probes	f	1:
93_probes	f	1:
94_probes	panic	abort
94_probes	_entry_speed_short	_entry_exact
94_probes	_entry_speed_short	_entry_exact
94_probes	panic	abort
94_probes	_p_cold_exact	_p_cold
94_probes	_p_warm	_p_hot
94_probes	w	2
94_probes	w	3
94_probes	w	4
94_probes	w	5
94_probes	w	6
94_probes	w	8
94_probes	w	2
94_probes	w	3
94_probes	w	4
94_probes	w	5
94_probes	w	6
94_probes	w	8
94_probes	w	16
94_probes	f	8
94_probes	one	256
94_probes	y	a
94_probes	y	a
94_probes	w	16
94_probes	f	8
94_probes	panic	abort
94_probes	panic	abort
97_probes	theta	0
97_probes	theta	pi/2
97_probes	n	16384
97_probes	n	131072
97_probes	n	1048576
97_probes	n	2097152
97_probes	n	4194304
97_probes	n	8388608
97_probes	n	16384
97_probes	n	131072
97_probes	n	1048576
97_probes	n	2097152
97_probes	n	4194304
97_probes	n	8388608
97_probes	n	16384
97_probes	n	131072
97_probes	n	1048576
97_probes	n	2097152
97_probes	n	4194304
97_probes	n	8388608
97_probes	n	16384
97_probes	n	131072
97_probes	n	1048576
97_probes	n	2097152
97_probes	n	4194304
97_probes	n	8388608
97_probes	n	16384
97_probes	n	131072
97_probes	n	1048576
97_probes	n	2097152
97_probes	n	4194304
97_probes	n	8388608
97_probes	n	16384
97_probes	n	131072
97_probes	n	1048576
97_probes	n	2097152
97_probes	n	4194304
97_probes	n	8388608
97_probes	n	16384
97_probes	n	131072
97_probes	n	1048576
97_probes	n	2097152
97_probes	n	4194304
97_probes	n	8388608
97_probes	n	16384
97_probes	n	131072
97_probes	n	1048576
97_probes	n	2097152
97_probes	n	4194304
97_probes	n	8388608
97_probes	n	16384
97_probes	n	131072
97_probes	n	1048576
97_probes	n	2097152
97_probes	n	4194304
97_probes	n	8388608
97_probes	n	16384
97_probes	n	131072
97_probes	n	1048576
97_probes	n	2097152
97_probes	n	4194304
97_probes	n	8388608
97_probes	n	16384
97_probes	n	131072
97_probes	n	1048576
97_probes	n	2097152
97_probes	n	4194304
97_probes	n	8388608
97_probes	w	4
97_probes	w	4
97_probes	f	0
97_probes	f	1
97_probes	f	1
97_probes	f	2
97_probes	f	2
97_probes	f	0
97_probes	f	1
97_probes	f	1
97_probes	f	2
97_probes	f	2
97_probes	f	0
97_probes	f	1
97_probes	f	1
97_probes	f	2
97_probes	f	2
97_probes	f	0
97_probes	f	1
97_probes	f	1
97_probes	f	2
97_probes	f	2
97_probes	f	0
97_probes	f	1
97_probes	f	1
97_probes	w	5
97_probes	w	5
97_probes	f	0
97_probes	f	1
97_probes	f	1
97_probes	f	2
97_probes	f	2
97_probes	f	0
97_probes	f	1
97_probes	f	1
97_probes	f	2
97_probes	f	2
97_probes	f	0
97_probes	f	1
97_probes	f	1
97_probes	f	2
97_probes	f	2
97_probes	f	0
97_probes	f	1
97_probes	f	1
97_probes	f	2
97_probes	f	2
97_probes	f	0
97_probes	f	1
97_probes	f	1
97_probes	w	6
97_probes	w	6
97_probes	f	0
97_probes	f	1
97_probes	f	1
97_probes	f	2
97_probes	f	2
97_probes	f	0
97_probes	f	1
97_probes	f	1
97_probes	f	2
97_probes	f	2
97_probes	f	0
97_probes	f	1
97_probes	f	1
97_probes	f	2
97_probes	f	2
97_probes	f	0
97_probes	f	1
97_probes	f	1
97_probes	f	2
97_probes	f	2
97_probes	f	0
97_probes	f	1
97_probes	f	1
97_probes	w	8
97_probes	w	5
97_probes	f	0
97_probes	f	1
97_probes	f	0
97_probes	f	1
97_probes	w	6
97_probes	w	6
97_probes	f	0
97_probes	f	1
97_probes	f	0
97_probes	f	1
97_probes	toolchain	==
97_probes	counts	==
97_probes	check	==
97_probes	rs	==
97_probes	exit	0
97_probes	demand	==
97_probes	m	=
97_probes	d	4
97_probes	d	3
97_probes	d	5
97_probes	d	2
97_probes	names	2
97_probes	d	3
97_probes	names	3
97_probes	d	4
97_probes	names	4
97_probes	d	5
97_probes	names	5
97_probes	d	6
97_probes	names	6
97_probes	d	7
97_probes	names	7
97_probes	d	8
97_probes	names	8
97_probes	f	=
97_probes	key	W
97_probes	w	2
97_probes	f	1
97_probes	failures	0/64
97_probes	toolchain	==
97_probes	constructs	==
97_probes	build	==
97_probes	exit	0
97_probes	comparison	==
97_probes	bodies	==
97_probes	demand	==
97_probes	t	=
98_probes	l0	6^6
98_probes	n	16384
98_probes	n	131072
98_probes	n	1048576
98_probes	n	2097152
98_probes	n	4194304
98_probes	n	8388608
98_probes	n	1048576
98_probes	n	2097152
98_probes	n	4194304
98_probes	n	8388608
98_probes	n	1048576
98_probes	n	2097152
98_probes	n	4194304
98_probes	n	8388608
98_probes	l0	2048/46656
98_probes	l1	58/2048
98_probes	l0	58/46656
98_probes	l0	58/46656
98_probes	l0	3125
98_probes	l1	=
98_probes	l1	=
98_probes	l1	=
98_probes	n	2097152
98_probes	n	4194304
98_probes	n	2097152
98_probes	n	4194304
98_probes	l1	=
98_probes	l1	=
98_probes	l1	=
98_probes	l1	=
98_probes	l1	=
98_probes	l1	=
98_probes	l1	=
98_probes	w	(632652750726840498046808184358179504921288462279128458437552756038472908509877615991897542390958031886090240/129596888071243600131351415941227052800468183212587584997608369044561133438602086960586955074250559896348806569
98_probes	a	(0
98_probes	b	(10
98_probes	c	(5
98_probes	w	13
98_probes	w	13
98_probes	w	13
98_probes	w	60
98_probes	l0	5^6
98_probes	n	{N}"
