100_xu_generating_the_table_attacked.md	**F-100-1. Rationalisability is not a detector of a generator defect. A generator reading a coordinate in the wrong unit, in the wrong order, or not at all emits a section that is rationalisable at both the non-negative and the strictly positive rung, in 0 of 489 opportunities to be caught. Membership of the stated weighting in the section's feasible cone catches all 489, and is invariant to tie-break policy where recomputation is not.** `holds for: regions = 5, arms = 5, cost coordinates = 3, 400 random models across two families, plus the committed bitpack-carrier-width_n* table at 6 regions, 5 arms, 3 coordinates with the noise-floor control dropped, arithmetic exact rational, defect classes {unit scale, coordinate swap, tie-break policy, region off-by-one, dropped coordinate}, threads = 1, target features any` Evidence: `100_probes/p2_generation_relocates_the_check.py`, `100_probes/cone.py`.
100_xu_generating_the_table_attacked.md	**F-100-2. The strictly-positive rationalisability rung is a detector for exactly one event, a section selecting a Pareto-dominated arm, and for no other. It is reachable only where the arm set contains a pair of arms tied on every coordinate the effective weighting reads and differing on one it does not: 0 of 230 on independently drawn arms, 0 of 241 on arms sharing one coordinate, 0 of 234 on identical arms, 230 of 285 on that exact shape.** `holds for: regions = 5, arms = 5, cost coordinates = 3, 300 models per family across four families, arithmetic exact rational, threads = 1, target features any` Evidence: `100_probes/p2b_why_the_strict_rung_caught_nothing.py`. The two measured columns coincide in all four families.
100_xu_generating_the_table_attacked.md	**F-100-3. On the committed carrier run, the section's instability under resampling is carried by the noise-floor control arm and by pairs tied on the weighted coordinate. Dropping the control takes speed-first from 31 distinct sections across 2000 resamples to 1 with zero per-region flips, and tail-first from 83 to 40. Holding the committed section rather than each resample's own argmin costs a mean of 0.00048 and a maximum of 0.018 of the region's achievable objective range.** `holds for: regions = 6, arms in {5, 6}, cost coordinates = 3 (median algo_ns, declared bytes per element, interquartile range), cost source = committed bitpack-carrier-width_n* CSVs, 80 samples per arm per region, 2000 bootstrap resamples, seed 20260814, weightings as instantiated in the probe, host = the one those runs were taken on, threads = 1` Evidence: `100_probes/p1_what_the_instability_is_made_of.py`. An uncertainty estimate over a committed artifact, not a bench; no measurement was taken.
100_xu_generating_the_table_attacked.md	**F-100-3b. Across every committed family declaring a byte-identical noise-floor control arm, that arm is one of the arms trading places under resampling, in 4 of 4. Dropping it reduces the distinct-section count in 4 of 4, from 29 to 3, 202 to 160, 987 to 136 and 14 to 10. The residual cost of holding the committed section rather than each resample's own fastest arm is 0.045%, 3.832%, 1.080% and 0.154% of runtime.** `holds for: families {bitpack-carrier-width, bitpack-contend-decode, bitpack-contention, bitpack-wide}, regions in {6, 12}, arms in {4, 5, 6}, cost coordinates = 1 (median algo_ns), 80 samples per arm per region, 2000 bootstrap resamples, seed 20260814, host = the one those runs were taken on, threads = 1` Evidence: `100_probes/p7_the_control_arm_across_every_family_that_has_one.py`. An uncertainty estimate over committed artifacts, not a bench; no measurement was taken.
100_xu_generating_the_table_attacked.md	**F-100-4. A region-indexed cost table resolved by a const argmin over a stated weighting emits a body byte-identical to a winner-table lookup, to the point of being emitted as a symbol alias, and a weighting supplied by a consumer reaches an arm the named strategy does not select at that region in one tail branch.** `holds for: regions = 6, arms = 5, cost coordinates = 2, target = aarch64-apple-darwin, rustc 1.98.0-nightly (57d06900f), edition 2024, opt-level 3, panic = abort, feature gates = 0, no_std, threads any (a compile-time artifact), target features baseline` Evidence: `100_probes/p3_three_encodings.rs` and `100_probes/p3_run.sh`, with `100_probes/p3_mutant_generator_bug.rs` as the negative control. This is a shape, not a price: the compile-time cost is unpriced and is said to be unpriced.
100_xu_generating_the_table_attacked.md	**F-100-7. On the committed carrier samples, estimating the tail coordinate by the 95th or 99th percentile rather than by the interquartile range reduces the section's distinct-section count from 161 to 3 or 2 across 2000 resamples, raises the fraction of arm pairs separated by a bootstrap interval excluding zero from 43 of 60 to 54 of 60, and takes the differential's false alarm rate at a 0.5% band from 22.9% to 0.0% while widening the band at which the off-by-one defect is still refused from 5% to 10%.** `holds for: regions = 6, arms = 5, cost coordinates in {1, 3}, estimators {P75-P25, P90-P10, median absolute deviation, P95, P99, 10% trimmed standard deviation}, cost source = committed bitpack-carrier-width_n* CSVs, 80 samples per arm per region, 2000 bootstrap resamples, 2000 CI resamples, seed 20260814, noise-floor control excluded, host = the one those runs were taken on, threads = 1` Evidence: `100_probes/p8_the_tail_coordinate_is_the_wrong_statistic.py`. An uncertainty estimate over a committed artifact, not a bench; no measurement was taken.
100_xu_generating_the_table_attacked.md	**F-100-5. The compile-time differential stated as equality refuses a design nobody changed on 5 of 6 weighting-by-arm-set combinations, up to 93.8% of regenerations. Stated as a band it does not, and the band that gives a 0% false alarm rate still refuses every measured generator defect for two of the three weightings and not for the third. The apparent gap between two arms the bench declares byte-identical is a median of 0.273% and a maximum of 0.544%.** `holds for: regions = 6, arms in {5, 6}, cost coordinates = 3, cost source = committed bitpack-carrier-width_n* CSVs, 80 samples per arm per region, 2000 bootstrap resamples, seed 20260814, bands in {0, 0.5, 1, 2, 5, 10}% of the region's achievable objective range, defect classes {unit scale, coordinate swap, region off-by-one}, host = the one those runs were taken on, threads = 1` Evidence: `100_probes/p4_the_differential_wants_a_band.py`.
100_xu_generating_the_table_attacked.md	**F-100-6. Under min-max normalisation whose range is read off the arm set, adding an arm that is strictly dominated at every region and therefore selectable by no weighting changes the section at up to 6 of 6 regions, and dropping the arm dominated in every region changes it for 2 of 3 weightings. Under raw coordinates neither changes anything, in 6 of 6 controls, and under normalisation with the range frozen as declared constants neither changes anything, in 6 of 6.** `holds for: regions = 6, arms in {4, 5, 6}, cost coordinates = 3, cost source = committed bitpack-carrier-width_n* CSVs with the noise-floor control excluded, synthetic arm extremity factors in {1.01, 1.5, 2, 4, 8, 32, 128}, weightings as instantiated in the probe, threads = 1, target features any` Evidence: `100_probes/p4b_normalisation_breaks_independence.py`.
100_xu_generating_the_table_attacked.md	**F-100-8. A region-indexed cost table and its winner table, consumed by a const argmin, leave no constant-data section and no symbol in the emitted object. A control adding one runtime read of the same table emits 240 bytes of `__const`, which is the table exactly.** `holds for: regions = 6, arms = 5, cost coordinates = 2, target = aarch64-apple-darwin, rustc 1.98.0-nightly (57d06900f), edition 2024, opt-level 3, panic = abort, emit obj, no_std, feature gates = 0, threads any (a compile-time artifact), target features baseline` Evidence: `100_probes/p9_does_the_cost_table_survive_into_the_binary.sh` with its runtime-read control.
101_wronski_the_cost_coordinates.md	**F-101-1. Of the harness CSV's seventeen columns, nine carry information across the committed corpus and exactly three of those vary between arms at a fixed region: `e2e_ns`, `algo_ns` and `bridge_ns`. Eight are identically empty or zero in every row: `cooldown_ms`, `score`, `input_tag`, `instructions`, `cycles`, `setup_ns`, `first_ns`, `digest`.** `holds for: files = the 254 committed mock/benches/*.csv, rows = 104080, groups tested = 248 (family, region) pairs, schema = the seventeen columns at bench-harness/src/harness.rs:752 in the pinned checkout, threads any, target features any, host any (a census of committed files)` Evidence: `101_probes/p1_the_coordinate_census.py`. A census of committed artifacts, not a bench.
101_wronski_the_cost_coordinates.md	**F-101-2. Of 94 variant crates, 0 implement `score_output`, `score_label` or `score_dimensions`, 15 implement `validate_output`, and 1 mentions `outputs_may_differ`. All 82 measured call sites use the `timed!` constructor and none uses any other, which is why `setup_ns`, `first_ns` and `digest` are zero.** `holds for: variant crates = 94, source files scanned = 114, at the committed tree, threads any, target features any, host any` Evidence: `101_probes/p1_the_coordinate_census.py`.
101_wronski_the_cost_coordinates.md	**F-101-3. Two of the three declared byte-identical control pairs are instruction-identical after normalising the path header, absolute addresses, `adrp` page numbers, the exported symbol names and the literal-pool comment; the third, `bitpack-wide-d16` against its control, differs at three sites in the addressing form of a constant-pool vector load, at equal instruction counts of 55513.** `holds for: pairs = {bitpack-carrier-d16, bitpack-contend-d16, bitpack-wide-d16} each against its declared control, target = aarch64-apple-darwin, rustc 1.98.0-nightly (57d06900f), release profile as each crate declares it, threads any (a compile-time artifact), target features baseline` Evidence: `101_probes/p0_control_identity_on_every_pair.sh`.
101_wronski_the_cost_coordinates.md	**F-101-4. A per-coordinate affine transform with a range frozen as declared constants produces the same section as raw coordinates under the reparameterised weighting, for 2000 of 2000 random weightings on each of four families. Under min-max normalisation whose range is read off the arm set, dropping an arm dominated at every region moves the section for 961 of 2000 weightings on the carrier family and 252 of 2000 on contention, and adding an arm strictly worse everywhere moves it for 1, 2, 0 and 176 of 2000; under raw and under frozen coordinates both perturbations move nothing, 0 of 2000, in 4 of 4 families.** `holds for: families {bitpack-carrier-width, bitpack-contend-decode, bitpack-contention, bitpack-wide}, regions in {6, 12}, arms in {4, 5, 6, 7}, cost coordinates = 2 (median algo_ns, interquartile range of algo_ns), draws = 2000, seed 20260814, declared range = (0.5 * min, 3 * max) per coordinate, synthetic arm factor = 32, cost source = the committed CSVs, threads in {1, 2, 4} (per the region keys decoded in F-101-8), host = the one those runs were taken on` Evidence: `101_probes/p2_normalisation_is_a_change_of_basis.py`.
101_wronski_the_cost_coordinates.md	**F-101-5. A tolerance stated as a percentage of the region's achievable objective range grows by a factor of 59.1 to 185.0 when an arm that no weighting can select is added to the table.** `holds for: families {bitpack-carrier-width, bitpack-contend-decode}, regions = 6 each, arms in {5, 6, 7}, cost coordinates = 2, weighting = speed only so the objective is a time in nanoseconds, synthetic arm factor = 32, cost source = the committed CSVs, threads in {1, 4}, host = the one those runs were taken on` Evidence: `101_probes/p2_normalisation_is_a_change_of_basis.py` block C.
101_wronski_the_cost_coordinates.md	**F-101-6. The number of sections a strictly positive weighting can reach on the committed carrier table is 1 for one coordinate, 9 for two, and 42 for three, with the control arm dropped; 1, 9 and 58 with it kept. The instrument reproduces `97`'s published 72 at non-negative weights and 9 at strictly positive weights exactly.** `holds for: family = bitpack-carrier-width, regions = 6, arms in {5, 6}, coordinate sets {median algo_ns}, {median algo_ns, bits per element}, {median algo_ns, interquartile range}, {median algo_ns, bits per element, interquartile range}, cost source = the committed CSVs with bits per element declared as 16, 32, 64, 13, 13, exact rational arithmetic, threads = 1, host = the one those runs were taken on` Evidence: `101_probes/p4_what_a_coordinate_buys.py`, cross-checked by `101_probes/p3_the_exchange_rate_and_its_cells.py`, which computes the two-coordinate count as an interval count rather than a feasibility count and also reports 9.
101_wronski_the_cost_coordinates.md	**F-101-7. On `{median algo_ns, candidate}` over the committed carrier table with the control dropped, the 95th and 99th percentiles reach 1 section, which is what the median alone reaches, while the interquartile range reaches 6, the median absolute deviation 8, and `p95 - median` 3. The 95th percentile correlates with the median at 0.978 to 0.998 across four families. Each estimator's resolution against its family's byte-identical control pair ranges from 1.18% for the median on the carrier family to 400% for `p95 - median` on `bitpack-contend-decode`.** `holds for: families {bitpack-carrier-width, bitpack-contend-decode, bitpack-wide} for the section counts and {those three, bitpack-contention} for the correlations and floors, regions = 6 (12 for contention), arms in {3, 4, 5, 6}, estimators {median, mean, P75-P25, P90-P10, median absolute deviation, P95, P99, P95 minus median, P99 minus median}, 80 samples per arm per region, 2000 bootstrap resamples, seed 20260814, cost source = the committed CSVs, threads in {1, 2, 4}, host = the one those runs were taken on` Evidence: `101_probes/p5_an_estimator_is_a_coordinate_choice.py`. The `bitpack-contention` section count is not reported: 5 arms over 12 regions is 244 million sections and the enumeration is exact rather than sampled.
101_wronski_the_cost_coordinates.md	**F-101-8. Six of the 49 committed families are declared `threaded = true`, and every one of them encodes its thread count in the last digit of its region key. `bitpack-contention` spans threads 1, 2 and 4; `bitpack-contend-decode`, `bitpack-wide` and `bitpack-contend-best` span 1 and 4; `bitpack-carrier-width` is not threaded.** `holds for: families = all 49 committed, keys = every committed region key, encoding = KEY = N * 10 + T per bitpack-contend-shared/src/routine.rs:11-24, threads any, target features any, host any (a census of committed files)` Evidence: `101_probes/p8_the_region_key_carries_the_thread_count.py`.
101_wronski_the_cost_coordinates.md	**F-101-9. For two fixed-point arms, one on a grid four times finer with truncation and one on the declared grid with round-to-nearest, the mean absolute error ranking against exact arithmetic reverses at chain length 4: the finer truncating arm is twice as accurate at one operation and four times worse at sixty-four. The control pair, the same grid with truncation against round-to-nearest, does not cross at any length up to 96.** `holds for: model = accumulation of quantised products, fractional bits F = 8, grids {2^-10 truncating, 2^-8 round-half-to-even}, chain lengths 1 through 96, streams = 4000, seed 20260814, inputs uniform on the declared grid excluding zero, reference = exact rational arithmetic, threads any, target features any, host any (a computation over a model, not a measurement)` Evidence: `101_probes/p6_accuracy_is_not_a_per_arm_scalar.py`.
101_wronski_the_cost_coordinates.md	**F-101-10. A `Routine` carrying a fidelity metric compiles against the pinned `mockspace-bench-core` with no feature gate and no fork; the descriptor `routine_bridge!` builds carries a working scorer through the byte bridge and a `Some` label, which is the signal `bench-harness/src/harness.rs:228-231` tests before writing the `score` column; an otherwise identical routine declaring no label produces `None`; and the scored routine sets `outputs_may_differ`, without which the harness compares the arms byte for byte and two arms that round differently cannot both be run.** `holds for: mockspace-bench-core at the pin in mock/benches/Cargo.lock (bce17f6c), rustc 1.98.0-nightly (57d06900f), edition 2024, target = aarch64-apple-darwin, feature gates = 0, seeds = 8, threads any, target features any` Evidence: `101_probes/p7_a_fidelity_coordinate/`.
101_wronski_the_cost_coordinates.md	**F-101-12. Across the three enumerable control-bearing families, an estimator's arm-pair separation and the number of sections it makes reachable as a second coordinate are negatively correlated, at -0.641, -0.705 and -0.673 over nine candidates. On the carrier family the median separates 57 of 60 pairs and reaches 1 section, while the median absolute deviation separates 37 of 60 and reaches 8.** `holds for: families {bitpack-carrier-width, bitpack-contend-decode, bitpack-wide}, regions = 6, arms in {3, 4, 5} with the control dropped, estimators = the nine at NAMES in the probe, 80 samples per arm per region, 1000 bootstrap resamples, seed 20260814, separation = a 95% percentile interval excluding zero, expressiveness = the exact count reachable by a strictly positive weighting on {median, candidate}, cost source = the committed CSVs, threads in {1, 4}, host = the one those runs were taken on` Evidence: `101_probes/p11_separation_against_expressiveness.py`. `bitpack-contention` is excluded from the correlation: 5 arms over 12 regions is 244 million sections and the count is exact rather than sampled.
101_wronski_the_cost_coordinates.md	**F-101-11. On `97`'s two-coordinate carrier model, rationalisability has two independent knobs and either one alone collapses the count from 72 to 9 with no section selecting a dominated arm: allowing a zero weight while requiring the named arm to be the unique argmin gives 9, and requiring strictly positive weights while allowing ties gives 9. The 63-section gap is produced by a single tie: `bitpack-carrier-packed` and `bitpack-carrier-packed-simd` both declare 13 bits, so a pure-size weighting ties them at all six regions, making `2^6` sections weakly rationalisable of which 63 name the dominated arm. The section a zero weight on size selects is reproduced by strictly positive exchange rates from `1e-1` down to `1e-12`.** `holds for: family = bitpack-carrier-width, regions = 6, arms = 5 (control dropped), cost coordinates = 2 (median algo_ns, bits per element declared as 16, 32, 64, 13, 13), domination = weak Pareto at every region, exact rational arithmetic, cost source = the committed CSVs, threads = 1, host = the one those runs were taken on` Evidence: `101_probes/p10_the_two_knobs_are_separable.py`.
102_torvalds_does_the_mechanism_serve_the_intents.md	**F-102-1. `25` section 7's four axes are not one kind of thing: overflow policy is observable unconditionally, packing is unobservable, and headroom and intermediate precision are observable only past a step that is not a ring operation.** `holds for: W = 13, operations in {+, -, *, >>}, column lengths in {1, 2, 3, 4, 8, 16, 32, 64, 128, 1024}, seeds 1..64, unsigned, threads = 1, host = aarch64-apple-darwin, rustc nightly-2026-05-28` Evidence: `102_probes/p2_which_of_25s_axes_change_the_answer.rs` and its `.out`, with the setup-that-helps first version and its output committed beside them.
102_torvalds_does_the_mechanism_serve_the_intents.md	**F-102-2. Every arm set in the committed corpus is answer-equivalent, and no committed row carries a per-arm quality number.** `holds for: all 13 shared variant crates, all 254 committed CSV files, all 104080 committed data rows, mockspace pin bce17f6c` Evidence: `102_probes/p1_the_corpus_compares_cost_at_a_fixed_answer.py` and `.out`, three independent readings; the harness gating quoted at `102_probes/p1_harness_gating.out`.
102_torvalds_does_the_mechanism_serve_the_intents.md	**F-102-3. The harness carries a third cross-variant regime, a relative-error tolerance, and zero arvo variants use it.** `holds for: mockspace pin bce17f6c, all 94 variant crates` Evidence: `bench-core/src/lib.rs` `max_relative_error`, `bench-harness/src/validation.rs` `validation_plan`, both quoted at `102_probes/p1_harness_gating.out`; the count by grep across `variants/`.
102_torvalds_does_the_mechanism_serve_the_intents.md	**F-102-4. The accuracy crossing requires a non-contracting chain, and inside a contraction neither arm's error accumulates.** `holds for: declared grid 2^-8, fine grid 2^-9 and 2^-12, gain in {1, 3/4}, chain lengths 1..128, 512 seeds, reference exact rational` Evidence: `102_probes/p3_the_crossing_is_an_arm_family.py` against `102_probes/p3_first_version_contractive_chain_no_crossing.py`, both committed with their outputs.
102_torvalds_does_the_mechanism_serve_the_intents.md	**F-102-5. The two arms the crossing compares are the ends of a family with `k + 2` members whose interior is on the Pareto front, and a weighting selects interior members.** `holds for: declared grid 2^-8, fine grid 2^-9, gain = 1, k in {4, 16, 64}, 512 seeds, coordinates (exact error, declared rne-step count), 40 exchange rates spanning 2^-20 to 2^20` Evidence: `102_probes/p3_the_crossing_is_an_arm_family.out`.
102_torvalds_does_the_mechanism_serve_the_intents.md	**F-102-6. A chain's depth is const-available with no forbidden feature, and a depth-indexed rounding policy lowers to one path with zero conditional branches.** `holds for: rustc nightly-2026-05-28, target aarch64-apple-darwin, opt-level 3, no_std, chain length 4, switch depths in {0, 2, 99}, FRAC = 8` Evidence: `102_probes/p4_is_chain_depth_const_available.rs`, `p4_emitted.s`, `p4_is_chain_depth_const_available.out`, with the negative control's `E0080` recorded.
102_torvalds_does_the_mechanism_serve_the_intents.md	**F-102-7. On aarch64 the round-to-nearest sequence costs one hoisted instruction for a whole chain rather than one per step, because the add-half fuses into `madd`.** `holds for: target aarch64-apple-darwin, opt-level 3, rustc nightly-2026-05-28, chain length 4, FRAC = 8, i64 accumulator` Evidence: `102_probes/p4_emitted.s`. **This is an ad-hoc quick spike with no substance for any how-much question.** It establishes a structural fact about three emitted sequences and prices nothing.
102_torvalds_does_the_mechanism_serve_the_intents.md	**F-102-8. A weighting that includes a measured coordinate and ranges over arms that disagree makes the program's output a function of the benchmark's noise; the same weighting over computed coordinates is stable by construction.** `holds for: noise sigma 0.00273 relative (the corpus's own measured floor), 18 arms from p3's k = 16 family with exactly computed errors, 2000 resamples, 7 exchange rates from 0.02 to 2.0` Evidence: `102_probes/p5_a_measured_coordinate_over_answer_differing_arms.py` and `.out`. **Part two of that probe is a counterfactual**: its error column is real and exactly computed, its time column is synthetic, because no committed family has arms that disagree.
102_torvalds_does_the_mechanism_serve_the_intents.md	**F-102-9. The pure-time argmin on the committed carrier family is not unique across resampling in 5 of 6 regions.** `holds for: bitpack-carrier-width_n* as committed, 6 arms, 80 samples per arm per region, median estimator, 2000 bootstrap resamples, threads = 1` Evidence: `102_probes/p5_a_measured_coordinate_over_answer_differing_arms.out` part 1. This is a third independent instance of `100`'s mechanism.
102_torvalds_does_the_mechanism_serve_the_intents.md	**F-102-10. The bench-variant suite is 123 tests across 13 crates, all passing, and `bitpack-shared` has no cross-arm agreement assertion of either kind.** `holds for: the tree at commit 7ac27921, rustc nightly-2026-05-28, run per crate with --test-threads=1` Evidence: the per-crate run recorded in section 0.2; `102_probes/p1_the_corpus_compares_cost_at_a_fixed_answer.out` section B.
103_mcsherry_what_the_corpus_can_and_cannot_show.md	**F-103-1. The committed CSV corpus records no per-arm answer and no per-arm quality number.** `digest`, `score`, `input_tag`, `instructions`, `cycles`, `setup_ns` and `first_ns` each hold a single value across all 104080 rows in all 254 files. *holds for: the committed corpus at HEAD of `feat/arvo-shape-topic`, files 254, rows 104080, columns all 17, threads = 1.* Evidence: `103_probes/p1_what_the_committed_data_records.out`.
103_mcsherry_what_the_corpus_can_and_cannot_show.md	**F-103-2. Twenty of 254 committed regions are not pinned to one answer by their own routine.** Ten pin a property only, four have no oracle at all and consent to differ, six are single-arm. *holds for: the committed corpus at HEAD, regions 254, routines all 256 registered in `routine_for_n`, threads = 1.* Evidence: `103_probes/p6_the_region_census.out`, `103_probes/p5_census_what_each_family_pins.out`.
103_mcsherry_what_the_corpus_can_and_cannot_show.md	**F-103-3. The two arms of `decimal-quantiser-radix-sweep` compute different values on its own committed input distribution.** 97.12% to 99.95% of lanes across the four committed sizes, exact rational comparison, zero undecidable. *holds for: bench `decimal-quantiser-radix-sweep`, SPREAD in {0, 2, 8, 20} which is all four committed, seeds 8 per size, lanes 2048 per size, threads = 1.* Evidence: `103_probes/p2_two_arms_two_answers.out`.
103_mcsherry_what_the_corpus_can_and_cannot_show.md	**F-103-4. Those two arms differ in accuracy on identical exact input, with a strict ordering.** 53.72% of 200000 trials answer differently; `binary32` strictly closer on 106167 and `decimal32` strictly closer on 0. *holds for: the two committed kernels at `<R=2,P=24,EMIN=-126,EMAX=127>` and `<R=10,P=7,EMIN=-95,EMAX=96>`, operands both non-negative with `mag` in `[10^6, 10^7)` and `exp = 0`, trials 200000, threads = 1.* Evidence: `103_probes/p3_same_input_two_answers.out`.
103_mcsherry_what_the_corpus_can_and_cannot_show.md	**F-103-5. The harness's own byte-exact cross-variant gate refuses that region and accepts the fadd control.** 400 of 400 subject seed-size pairs refused, 600 of 600 control pairs accepted. *holds for: harness `bce17f6` as pinned by `mock/benches/Cargo.lock`, `validation_plan(false, None)`, seeds the harness's own 100 from `Rng::new(0xCAFE_BABE_DEAD_BEEF)`, subject sizes all four committed, control sizes all six committed, threads = 1.* Evidence: `103_probes/p4_the_harness_gate_refuses_a_committed_family.out`.
103_mcsherry_what_the_corpus_can_and_cannot_show.md	**F-103-6. 175 of 254 committed regions were produced before the driver ever called cross-variant validation.** The call landed in `9db33f8c` on 2026-08-08, verified present at that commit and absent at its parent. Every one of the 20 non-pinned regions is in the pre-wiring set. *holds for: the committed corpus at HEAD, regions 254, producing commits all 24 and all resolvable, threads = 1.* Evidence: `103_probes/p8_when_the_gate_was_actually_running.out`.
103_mcsherry_what_the_corpus_can_and_cannot_show.md	**F-103-7. `quantiser-fadd`'s two committed arms are bit-exact, confirmed three independent ways.** Its own test over 98304 checks, p4's gate accepting on 600 of 600, and p7's exact error coordinates matching to all twelve printed digits at all six committed sizes. *holds for: bench `quantiser-vs-fadd-subnormal-sweep`, PCT in {0, 10, 25, 50, 75, 100} which is all six committed, the family's own `build_input` distribution, seeds 64 per PCT in the test and 100 per size in p4, threads = 1.* Evidence: `103_probes/p4...out`, `103_probes/p7_errors.out`.
103_mcsherry_what_the_corpus_can_and_cannot_show.md	**F-103-8. `102`'s measured-coordinate hazard has no instance in the committed corpus, because the accuracy winner is also the speed winner.** `radix2` is 1.18x to 1.64x faster and 66x more accurate; argmin stable at 2000 of 2000 bootstrap resamples across eleven exchange rates and four regions, error spread exactly zero throughout. *holds for: bench `decimal-quantiser-radix-sweep` at all four committed sizes with `quantiser-vs-fadd-subnormal-sweep` at four sizes as control, time from the committed `algo_ns` samples 80 per arm per region, error from the controlled `exp = 0` band, resamples 2000 per rate, rates 11 spanning `[0, 100]`, threads = 1.* Evidence: `103_probes/p7_the_constraint_on_real_arms.out`.
103_mcsherry_what_the_corpus_can_and_cannot_show.md	**F-103-9. One committed family already validates answer-differing arms correctly, arm by arm against each arm's own declared semantics.** `quantiser-radix-shared`, two oracles, 32768 checks each, with the check count itself asserted so a shortened sweep fails. *holds for: crate `quantiser-radix-shared` at HEAD, SPREAD in {0, 2, 8, 20} which is all four committed, seeds 32 per size, threads = 1.* Evidence: the two `#[test]` bodies read in full, and the suite run in section 0.2.
103_mcsherry_what_the_corpus_can_and_cannot_show.md	**F-103-10. The suite is 123 tests across 13 crates, all passing, with one redundant assertion and no tautological, sampled or assertion-free test in the surface examined.** *holds for: the thirteen bench shared crates at HEAD, tests all 123, surface examined being every `validate_output` body and every cross-arm assertion and both quantiser families in full, threads = 1 for the last seven crates and default for the first six.*
106_giesen_consolidation_the_strategy_axis.md	**The rationalisability counts.** On the committed `bitpack-carrier-width` table, of 15625 sections, **72 are rationalisable by a non-negative weighting and 9 by a strictly positive one**, and **63 of the 72 select an arm no weighting can select**. `holds for: regions = 6, arms = 5, cost coordinates = 2 (median algo_ns per record, declared bits per element as 16/32/64/13/13), cost source = the committed bitpack-carrier-width_n* CSVs, arithmetic exact rational, threads = 1, target features any` Three independent implementations from three different geometries: `97`'s extreme-ray enumeration of a pointed cone (`97_probes/p9_the_decider.py`), `98`'s interval arithmetic on the one-dimensional weight simplex (`98_probes/p6_reproduce_the_predecessors_count_and_rung_it.py`), and `101`'s polygon clipping written without opening either (`101_probes/p4_what_a_coordinate_buys.py`). `RULES.md` puts the bar at three and these two numbers clear it.
106_giesen_consolidation_the_strategy_axis.md	**The selection erases.** A strategy resolved at compile time leaves no residue in the emitted body, on four instruments: `93`'s P4 comparing a const-fn argmin over a cost table against the hand-written arm, nine instructions each and identical after label normalisation; `94`'s probes A, B and F reading entry bodies and finding a single tail branch with zero conditionals; `100`'s p3 compiling both encodings and finding the assembler emitted `_e2_weighted = _e1_named`, a symbol alias; and the committed harness output `mock/benches/satfold-const-gate_n10000_findings.md`, where the arm reached through a const verdict is 1438 ns median against 1456 ns reached directly, overlapping intervals, with the false-verdict gate at 38391 ns. `holds for: target aarch64-apple-darwin, rustc 1.98.0-nightly (57d06900f), edition 2024, opt-level 3, panic = abort, no_std, feature gates = 0, arms in {2, 3, 4, 5}, threads = 1 for the timed instance and threads any for the compile-time artifacts` This is the single best-supported claim in the unit and it is the one the whole mechanism rests on.
106_giesen_consolidation_the_strategy_axis.md	**Multiplicative associativity and distributivity hold at `F = 0` and fail at `F > 0`, for unsigned types.** `holds for: W in 3..8, F in 0..2, signedness = unsigned, overflow in {wrap, saturate}, operations {add, sub, mul}, arity 2 and 3, values exhaustive over the representable domain, threads = 1, target features any`
106_giesen_consolidation_the_strategy_axis.md	**175 of 254 committed regions were produced before the driver called cross-variant validation at all.** `103`'s F-103-6, and this file. `103` named it as the finding it most wanted re-derived, so I redid the join independently: resolve each `*.meta.json`'s `git_commit` against the commit time of `9db33f8c`, the commit that added `harness::validate` to `mock/benches/src/main.rs`, verified present there and absent at its parent. **175 before, 79 after, 0 unresolvable, over 254 meta files.** Exact reproduction. `holds for: the committed corpus at HEAD of feat/arvo-shape-topic, files 254, producing commits 24, all resolvable, threads = 1` Evidence: `106_probes/p3_prewiring_join.py` and its output. One reconciliation with `103`, which is not a correction: there are **24 distinct `git_commit` strings and 23 distinct commits**, because `defc747` appears both clean and dirty. `103`'s 24 is the string count and is right as stated.
106_giesen_consolidation_the_strategy_axis.md	`holds for: W = 13, operations in {+, -, *, >>}, column lengths in {1, 2, 3, 4, 8, 16, 32, 64, 128, 1024}, seeds 1 to 64, unsigned, threads = 1, host aarch64-apple-darwin, rustc nightly-2026-05-28`
106_giesen_consolidation_the_strategy_axis.md	**On the observable axes, no join exists, so the operation reports.** `97_probes/p3_does_a_conservatism_order_exist.py` computed three candidate orders exhaustively over the whole representable domain and they disagree. By honoured laws, wrapping and saturating are **incomparable in three of four configurations**. By how often the answer is wrong they are **exactly tied**, both being wrong on precisely the pairs whose exact result is not representable. By worst-case magnitude, saturating is above wrapping. So "resolve toward the more conservative side" has no referent until somebody says which of the three is meant, and two of the three do not give an order at all. `holds for: W in {5, 6}, F in {0, 1}, signedness in {unsigned, signed}, overflow in {wrap, saturate, exact}, operations {add, sub, mul}, laws as enumerated in the probe, arity 3 for the algebraic family and 2 for the order family, values exhaustive over the representable domain, threads = 1, target features any`
106_giesen_consolidation_the_strategy_axis.md	`100_probes/p2_generation_relocates_the_check.py` injects five ordinary generator defects and runs three detectors. **Rationalisability catches 0 of 190 unit errors, 0 of 147 column swaps and 0 of 152 dropped coordinates**, at both the non-negative and the strictly positive rung. **Cone membership of the stated weighting catches all 489**, and is invariant to tie-break policy where independent recomputation is not, recomputation flagging a tie as a defect 48 of 48 times when a tie is precisely where the weighting declines to choose. `holds for: regions = 5, arms = 5, cost coordinates = 3, 400 random models across two families, plus the committed carrier table at 6 regions and 5 arms with the noise-floor control dropped, arithmetic exact rational, defect classes {unit scale, coordinate swap, tie-break policy, region off-by-one, dropped coordinate}, threads = 1, target features any`
106_giesen_consolidation_the_strategy_axis.md	> **F-H. Restricting a signed saturating type to a declared non-negative operand window recovers > additive associativity, multiplicative associativity and distributivity over addition, all of which > two-sided saturation loses.** > `holds for: W in {4, 5, 6}, F = 0, signedness = signed, overflow = saturate, operand window = > declared non-negative, operations {add, mul}, arity 3, values exhaustive, threads = 1, target > features any`
107_arntzen_entailment_check_on_the_strategy_consolidation.md	It carries **no `holds for:` line**. Of the five bold leads in section 3.1, two carry a predicate; of the three that do not, one is a sub-note on the lead above it and one is a test count. **This is the only claim about arvo's arithmetic in the section, and it is the one without a predicate** (`107_probes/p9_the_defence_quotes_half_its_own_source.out`).
107_arntzen_entailment_check_on_the_strategy_consolidation.md	**The finding it compresses carries the missing dimension explicitly.** `93`'s F1 reads `holds for: W in 3..8, F in 0..2, signedness = unsigned, overflow in {wrap, saturate}, ...`. Dropping `signedness = unsigned` widens the claim, and under I13, which `106` quotes at the head of the same section, a predicate is never widened in place: the widening is a new claim needing new evidence. There is none. Under I13's own absence rule the unpredicated sentence claims something narrower still and equally wrong, that it holds nowhere signedness is present.
107_arntzen_entailment_check_on_the_strategy_consolidation.md	**One. `97`'s F-H: a declared non-negative operand window recovers three laws that two-sided signed saturation loses.** `holds for: W in {4,5,6}, F = 0, signedness = signed, overflow = saturate, operand window = declared non-negative, operations {add, mul}, arity 3, values exhaustive`. This is the only **positive** law result in the unit: a nameable, const-checkable predicate under which a lossy policy regains additive associativity, multiplicative associativity and distributivity over addition. It was predicted by the criterion before running, and `97` records that it independently retrodicts `82`'s declared-window result. The word `window` appears **zero** times in `106`. I13 is about collecting exactly this shape, and this is the unit's cleanest instance of it.
108_lamport_the_pair_attacked.md	`holds for: declared width W in {4, 5}, containers {4 against 12, 5 against 13}, chain length in {3, 4}, operation alphabet as enumerated in the probe (wadd, wsub, wmul, shr, div, sat_at_W, sat_at_C, min, cmp), chains exhaustive over the alphabet, values exhaustive over the declared domain, axis = headroom, arithmetic exact integer, threads = 1, target features any`
108_lamport_the_pair_attacked.md	`holds for: the committed corpus at HEAD of feat/arvo-shape-topic, families with a computed per-arm error coordinate = 7, CSVs = 254, rows = 104080, variant crates = 94, arithmetic exact as recorded by 103's probe, threads = 1, target features any`
108_lamport_the_pair_attacked.md	`holds for: target aarch64-apple-darwin, rustc 1.98.0-nightly (57d06900f), edition 2021, opt-level 3, crate-type lib, no_std, feature gates = 0, arms = 3, regions = 4, cost coordinates = 2, declared width 13, threads any (the artifacts are compile-time)`
108_lamport_the_pair_attacked.md	`holds for: regions = 6, arms = 5, cost coordinates = 2 (median algo_ns per record, declared bits per element as 16/32/64/13/13), cost source = the committed bitpack-carrier-width_n* CSVs, rate grid = {1e-3, 1e-2, 1e-1, 1, 10, 100, 1000} against a unit time weight, combination rules = {arithmetic mean, componentwise max, componentwise min, squared geometric mean, first operand, second operand}, arithmetic exact rational, threads = 1, target features any`
108_lamport_the_pair_attacked.md	**F-108-1. The headroom axis's observability is a property of the chain, not of the axis.** The same axis at the same declared width and the same two containers is unobservable at 0 of 65536 on `wadd -> wmul -> wadd` and observable at 32484 of 65536 on `wadd -> wmul -> shr`. `holds for: declared width W = 4, containers 4 against 12, chain length 3, operations as enumerated in p2b, values exhaustive over the declared domain, axis = headroom, arithmetic exact integer, threads = 1, target features any` Evidence: `108_probes/p2b_observability_is_decided_by_the_chain.rs` and its output. Independent of `102`'s p2, which reaches the same class on a different construction at a different width.
108_lamport_the_pair_attacked.md	**F-108-2. `40`'s convention is load-bearing as measured fact.** Saturating at the declared width leaves the headroom axis unobservable at 0 of 65536; saturating at the container width makes it observable at 58380 of 65536, 89.081%. Same overflow-policy assignment, same everything else. `holds for: declared width W = 4, containers 4 against 12, chain length 3, values exhaustive over the declared domain, arithmetic exact integer, threads = 1, target features any` Evidence: same probe. `40` predicted this from `20` section 1.3's factoring result and never measured it.
108_lamport_the_pair_attacked.md	**F-108-3. A three-bit, three-state, const-computable predicate decides the headroom axis soundly.** Zero unsound predictions, meaning zero cases predicted unobservable and measured observable, across 8019 chains each swept exhaustively over its full value domain. Conservative in 316 of 8019, 3.9%. `holds for: declared width W in {4, 5}, containers {4 against 12, 5 against 13}, chain length in {3, 4}, operation alphabet as enumerated in p2c, chains exhaustive over the alphabet, values exhaustive over the declared domain, axis = headroom, arithmetic exact integer, threads = 1, target features any` Evidence: `108_probes/p2c_a_sound_conservative_predicate.rs` and its output.
108_lamport_the_pair_attacked.md	**F-108-4. The fork between "the name binds a point in each component" and "the name defaults one" emits identical code.** Six entry points across three encodings produce two bodies; four of the six are assembler aliases. The cost table occupies zero bytes and no branch tests a strategy, a policy or an arm. `holds for: target aarch64-apple-darwin, rustc 1.98.0-nightly (57d06900f), edition 2021, opt-level 3, crate-type lib, no_std, feature gates = 0, arms = 3, regions = 4, cost coordinates = 2, declared width 13, threads any` Evidence: `108_probes/p4_one_name_two_carriers.rs`, `p4_emitted.s`, `p4_read_the_asm.out`.
108_lamport_the_pair_attacked.md	**F-108-5. In clause three's own region the fidelity coordinate is a constant.** Six committed families whose arms share one exact error to twelve printed digits, one whose arms differ by 66.139x and which clause three excludes. The coordinate is recorded nowhere: 254 CSVs, 104080 rows, 0 non-empty `score`, 94 crates, 0 `score_output`. `holds for: the committed corpus at HEAD of feat/arvo-shape-topic, families with a computed per-arm error coordinate = 7, CSVs = 254, rows = 104080, variant crates = 94, target/ excluded from every walk, threads = 1, target features any` Evidence: `108_probes/p5_the_fidelity_coordinate_is_constant_where_clause_three_holds.py`. The error figures are `103`'s, read from its committed output rather than retyped; the use made of them is mine.
108_lamport_the_pair_attacked.md	**F-108-6. Supports join canonically and rates do not.** Union is a unique least upper bound in 9 of 9 ordered pairs of supports. Six defensible combinations of two rates disagree on 30 of 42 ordered rate pairs, 71.4%, reaching up to 3 distinct sections from one pair. `holds for: regions = 6, arms = 5, cost coordinates = 2 (median algo_ns per record, declared bits per element as 16/32/64/13/13), cost source = the committed bitpack-carrier-width_n* CSVs, rate grid = {1e-3, 1e-2, 1e-1, 1, 10, 100, 1000} against a unit time weight, combination rules as enumerated in p6, arithmetic exact rational, threads = 1, target features any` Evidence: `108_probes/p6_two_objects_one_word.py`.
108_lamport_the_pair_attacked.md	**F-108-10. The suite is 123 tests across 13 crates, all green, and this is the sixth independent count.** `holds for: the committed bench variant crates at HEAD of feat/arvo-shape-topic, --test-threads=1 throughout, every `test result:` line counted, threads = 1` Evidence: `108_probes/p0_test_gate.sh` and its output.
116_leijen_reply_what_the_homomorphism_opens.md	> **A root-only discharge check is unsound where the realisation map is not a ring homomorphism.** > > `holds for: W in {3, 4}, F = 0, signedness in {unsigned, signed}, overflow policy = sat, rounding = > trunc, radix = 2, operations in {add, sub, mul}, term shapes = every term at 2 and 3 leaf slots, > declarations = one-sided, threads = 1, target features any`
116_leijen_reply_what_the_homomorphism_opens.md	> **A form over one-signed symbols with a corner cross-term bound is not beaten by the interval rule where > every declared lower bound is at or above zero, and is beaten by it on multiplication terms where a > declared lower bound is negative.** > > `holds for: W in {2, 3, 4}, F = 0, signedness in {unsigned, signed}, overflow policy in {sat, wrap}, > rounding = trunc, radix = 2, operations in {add, sub, mul}, term shapes = the six enumerated in p2 plus > the thirteen in 112's p9, arity in {2, 3}, declarations = two-endpoint exhaustive at arity 2 and 3, > declared lower bound >= 0 for the first half and unrestricted for the second, threads = 1, target > features any`
116_leijen_reply_what_the_homomorphism_opens.md	`holds for: W = 4, F in {0, 1, 2}, signedness in {unsigned, signed}, overflow policy = wrap, rounding = trunc, radix = 2, operations in {add, sub} for W1b and {add, sub, mul} for W1a and W1c, term shapes = every term at 2 and 3 leaf slots, arity in {2, 3}, declarations = two-endpoint exhaustive at arity 2 and 4000 sampled at arity 3, threads = 1, target features any`
119_leroy_the_canon_candidate_for_the_realisation_map.md	*holds for: value set finite with at least two elements; operations including addition; domain containing a complete residue system and the interval from zero to the value set's size.*
119_leroy_the_canon_candidate_for_the_realisation_map.md	*holds for: W = 3, F = 0, signedness any, overflow behaviour in {wrapping, saturating, flush-to-zero, reflecting}, rounding = truncation, radix = 2, operations in {add, sub, mul}, construction = interval, threads = 1, target features any.*
119_leroy_the_canon_candidate_for_the_realisation_map.md	*holds for: W = 4, F in {0, 1, 2}, signedness in {unsigned, signed}, overflow behaviour in {wrapping, saturating}, rounding = truncation, radix = 2, operations in {add, sub, mul}, threads = 1, target features any.*
119_leroy_the_canon_candidate_for_the_realisation_map.md	*holds for: W = 3, F = 0, signedness = unsigned, overflow behaviour in {wrapping, saturating}, rounding = truncation, radix = 2, operation = add, arity = 2, restrictions = upper bounds in {1, 3, 7}, threads = 1, target features any.*
119_leroy_the_canon_candidate_for_the_realisation_map.md	*holds for: W = 4, F = 2, signedness = unsigned, overflow behaviour = wrapping, rounding = truncation, radix = 2, operation = mul, declared grid step in {1/4, 1/2, 1, 2}, threads = 1, target features any.*
119_leroy_the_canon_candidate_for_the_realisation_map.md	*holds for: W = 4, F in {0, 1, 2}, signedness in {unsigned, signed}, overflow behaviour in {wrapping, saturating}, rounding = truncation, radix = 2, operations in {add, sub, mul} and in {add, sub, mul, min}, term shapes = every term at 2 and 3 leaf slots over the signature in play, arity in {2, 3}, declarations = one-sided, threads = 1, target features any.*
119_leroy_the_canon_candidate_for_the_realisation_map.md	*The character split, that which check and which conditions apply follows the map, holds for: W = 3, F = 0, signedness in {unsigned, signed}, overflow behaviour in {wrapping, saturating}, rounding = truncation, radix = 2, operations in {add, sub, mul}, term shapes = every term at 2 and 3 leaf slots with every leaf identification, arity in {2, 3}, declarations = one-sided exhaustive, discharge check = root under a homomorphism and per node otherwise, threads = 1, target features any.*
119_leroy_the_canon_candidate_for_the_realisation_map.md	*The non-homomorphic half alone, that the two conditions certify the per-node check, holds for: W in {2, 3}, F = 0, signedness in {unsigned, signed}, overflow behaviour = saturating, rounding = truncation, radix = 2, operations in {add, sub, mul}, term shapes = every term at 2 and 3 leaf slots with every leaf identification and 120 of 2025 sampled at 4, arity in {2, 3, 4}, declarations = one-sided exhaustive and two-endpoint exhaustive at arity 2 and sampled at arity 3, threads = 1, target features any.*
119_leroy_the_canon_candidate_for_the_realisation_map.md	*holds for: W = 3, F = 0, signedness in {unsigned, signed}, overflow behaviour in {wrapping, saturating}, rounding = truncation, radix = 2, operations in {add, sub, mul}, term shapes = every term at 2 and 3 leaf slots, arity in {2, 3}, declarations = one-sided exhaustive and two-endpoint exhaustive at arity 2 and sampled at arity 3, threads = 1, target features any.*
119_leroy_the_canon_candidate_for_the_realisation_map.md	*holds for: W in {3, 5, 6}, F = 0, signedness in {unsigned, signed}, overflow behaviour in {wrapping, saturating}, radix = 2, dimension in {2, 4}, structure constants in {-1, 0, 1} with one or two nonzero entries per row, operation = mul, arity = 2, declarations = a uniform magnitude bound on every component, threads = 1, target features any.*
119_leroy_the_canon_candidate_for_the_realisation_map.md	*holds for: toolchain = the pinned nightly, edition 2021, crate type = library, feature gates = none, term = a left-nested fold, fold length in {2, 8, 16, 24, 32, 48, 64, 96, 128}, threads any, target features any.*
121_leijen_partial_signature_the_domain_is_the_missing_dimension.md	> **No realisation map onto a finite value set is both an additive homomorphism and order-preserving, > unless it is constant.** > > *holds for: value set finite with at least two elements; operations including addition; domain > containing a complete residue system and the interval from zero to the value set's size.*
121_leijen_partial_signature_the_domain_is_the_missing_dimension.md	> **No realisation map onto a finite value set is both an additive homomorphism and order-preserving, > unless it is constant.** > > *holds for: value set finite with at least two elements; domain closed under negation; operations any > non-empty subset of {addition, multiplication}.*
121_leijen_partial_signature_the_domain_is_the_missing_dimension.md	> A wrapping map is a homomorphism for addition and subtraction, and for multiplication only where the > fraction width is zero. **A saturating map is a homomorphism for no operation** and is order-preserving. > > *holds for: W = 4, F in {0, 1, 2}, signedness in {unsigned, signed}, overflow behaviour in {wrapping, > saturating}, ...*
121_leijen_partial_signature_the_domain_is_the_missing_dimension.md	> A **wrapping** map is a homomorphism for addition and subtraction at any fraction width, and for > multiplication only where the fraction width is zero or the operands are declared on the unit grid. > > A **saturating** map is a homomorphism for exactly those operations that cannot carry an exact result > out of the declared domain's sign. On a domain closed under negation that is no operation. On a > non-negative domain it is addition and multiplication, and not subtraction. > > *holds for: W = 4, F in {0, 1, 2}, signedness in {unsigned, signed}, overflow behaviour in {wrapping, > saturating}, rounding = truncation, radix = 2, operations in {add, sub, mul}, ambient domain in > {non-negative, closed under negation}, threads = 1, target features any.*
122_leroy_the_candidate_revised_against_two_partial_signatures.md	*holds for: value set finite with at least two elements; **domain closed under negation**; operations including addition.*
122_leroy_the_candidate_revised_against_two_partial_signatures.md	*holds for: W = 3, F = 0, signedness any, overflow behaviour in {wrapping, saturating, flush-to-zero, reflecting}, rounding = truncation, radix = 2, operations in {add, sub, mul}, construction = interval, **ambient domain closed under negation**, threads = 1, target features any.*
122_leroy_the_candidate_revised_against_two_partial_signatures.md	*holds for: W = 4, F in {0, 1, 2}, signedness in {unsigned, signed}, overflow behaviour in {wrapping, saturating}, rounding = truncation, radix = 2, operations in {add, sub, mul}, **ambient domain in {one-signed, closed under negation}**, threads = 1, target features any.*
122_leroy_the_candidate_revised_against_two_partial_signatures.md	*holds for: W = 3, F = 0, signedness in {unsigned, signed}, overflow behaviour in {wrapping, saturating}, rounding = truncation, radix = 2, operations in {add, mul} and {add, sub, mul}, arity in {2, 3}, **ambient domain in {one-signed, closed under negation}**, restrictions = upper bounds in {1, 3, 7}, threads = 1, target features any.*
122_leroy_the_candidate_revised_against_two_partial_signatures.md	*holds for: W = 4, F in {0, 1, 2}, signedness in {unsigned, signed}, overflow behaviour in {wrapping, saturating}, rounding = truncation, radix = 2, operations in {add, sub, mul} and {add, sub, mul, min}, term shapes = every term at 2 and 3 leaf slots over the signature in play, arity in {2, 3}, declarations = one-sided, **ambient domain one-signed**, threads = 1, target features any.*
122_leroy_the_candidate_revised_against_two_partial_signatures.md	*The character split holds for: W = 3, F = 0, signedness in {unsigned, signed}, overflow behaviour in {wrapping, saturating}, rounding = truncation, radix = 2, operations in {add, sub, mul}, term shapes = every term at 2 and 3 leaf slots with every leaf identification, arity in {2, 3}, declarations = one-sided exhaustive, **ambient domain closed under negation for the saturating arm**, discharge check = root under a homomorphism and per node otherwise, threads = 1, target features any.*
122_leroy_the_candidate_revised_against_two_partial_signatures.md	*The non-homomorphic half alone holds for:* as `119` 4.7's second predicate, unchanged, with the same domain dimension added.
122_leroy_the_candidate_revised_against_two_partial_signatures.md	*holds for: toolchain = the pinned nightly, edition 2021, crate type = library, feature gates = none, term = a left-nested fold, **recursion limit in {16, 24, 32, 48, 64, 96}**, threads any, target features any.*
125_knuth_rounding_cold_derivation.md	> **F1.** No deterministic rounding mode is an additive homomorphism off the grid, on the > negation-closed domain and on the one-signed domain alike; and all modes are additive on the grid > trivially, because there they are the identity. > > holds for: signedness any, F any, I any, grid infinite (range not involved), rounding ∈ {floor, > ceil, toward_zero, half_up, half_even}, op = +, domain ∈ {ℚ, ℚ≥0} (the first closed under negation, > the second one-signed, claimed separately and each proved), threads any (proved property of > functions; probe verification at threads = 1, sweep named in `125_probes/`).
125_knuth_rounding_cold_derivation.md	> **F2.** All deterministic modes are monotone; monotonicity separates deterministic from stochastic > and separates nothing within the deterministic set. > > holds for: signedness any, F any, I any, grid infinite, rounding ∈ {floor, ceil, toward_zero, > half_up, half_even}, domain = ℚ (closed under negation), threads any (proved; probe at threads = 1).
125_knuth_rounding_cold_derivation.md	> **F3.** Among deterministic modes the exact surviving laws are: adjunction (one-sided order bounds) > for floor and ceil alone; negation equivariance and magnitude non-increase for toward_zero (and > negation equivariance for half_even); exact staged-narrowing composition for floor, ceil, > toward_zero and not for half_up, half_even; translation equivariance by q for floor, ceil, half_up, > by 2q only for half_even, by nothing for toward_zero. > > holds for: signedness any, F any, I any, grid infinite, domain = ℚ (closed under negation), threads > any (proved; probes at threads = 1 over the sweeps named in `125_probes/`, windows symmetric under > negation).
125_knuth_rounding_cold_derivation.md	> **F4 (vacuity).** For operations in {+, -, ×} at F = 0, and for {+, -} at every F, the realised > operation is identical under every rounding mode, stochastic included, because rounding is never > invoked: the exact result is on the grid. Any finding predicated `rounding = trunc` whose operations > lie in that set widens to `rounding any`. The widening is stated here, in my file, per the > never-widen-in-place rule; the originals stand. > > holds for: signedness any, F = 0 for op ∈ {+, -, ×} and F any for op ∈ {+, -}, I any, W any, > overflow ∈ {wrap, saturate}, rounding any, domain = representable operand pairs (closed under > negation where signed), threads any (proved; exhaustive probe at threads = 1, W ≤ 5 both > signednesses, ranges named in the probe output).
125_knuth_rounding_cold_derivation.md	> **F5 (division is the residue).** At F = 0 with signedness = signed, realised division differs > between toward_zero and floor on operand pairs with negative exact quotient off the grid; the > rounding axis does not degenerate at F = 0, it merely withdraws to the non-ring operations {÷, >>, > sqrt}. > > holds for: signedness = signed, F = 0, I any, op = ÷, rounding ∈ {floor, toward_zero} (the pair > exhibited; other pairs differ too where the probe says so), domain = operand pairs with nonzero > divisor (closed under negation), threads = 1 (measured; counts in `125_probes/`).
125_knuth_rounding_cold_derivation.md	> **F6 (the roundless-multiplication predicate).** Realised multiplication is exact, and therefore > mode-invariant, precisely on the pairs with `v₂(k_x) + v₂(k_y) ≥ F`. The valuation is additive, so > the predicate is exact in both directions, not merely sufficient. Notable const-recognisable > subregions: either operand an integer multiple of one (`v₂ ≥ F`), either operand a power of two > times such, and all of F = 0. On this region every mode is a multiplicative homomorphism up to the > range policy; off it, none is. > > holds for: signedness any, F any, I any, op = ×, rounding any, overflow any (the claim is about the > quantisation step; range effects are the overflow axis's own), domain = representable operand pairs > (closed under negation where signed), threads any (proved via valuation additivity; exhaustive probe > at threads = 1, F ∈ {0, 2, 3}, W ≤ 6).
125_knuth_rounding_cold_derivation.md	> **F7 (decomposition).** The rounding and overflow axes decompose: they govern disjoint input > regions, compose canonically as quantise-then-range-reduce, and the composition order is > unobservable for every pairing except wrap with toward_zero. A canon that admits toward_zero > alongside wrapping must state the order (the canonical order is Q first, on the exact value, then O > on the resulting grid value); for every other pairing the sentence is unnecessary because the maps > commute. > > holds for: signedness any (the toward_zero × wrap failure needs negative off-grid exacts, so it > manifests at signedness = signed, or unsigned with signed intermediates), F any, I any, W ≥ 1, > rounding ∈ {floor, ceil, half_up, half_even} × overflow ∈ {wrap, saturate} commuting, toward_zero × > saturate commuting, toward_zero × wrap not commuting, domain = ℚ over the swept windows (closed > under negation), threads any for the proved commutations, threads = 1 for the counted > non-commutation.
125_knuth_rounding_cold_derivation.md	> **F8 (stochastic selects character).** Stochastic rounding restores the additive law in expectation, > `E[Q(x)] = x` exactly, hence `E[Q(x) + Q(y)] = x + y`: it is the one mode with a homomorphism, at > the price of leaving the category of functions. Pointwise it is not monotone, so a saturating > realisation composed with stochastic rounding is **ejected from the monotone family**: the property > the preceding topic's saturating character rests on holds for none of its realisable outcome > functions, only in expectation. The deterministic/stochastic boundary is therefore the one place the > rounding axis reproduces the overflow axis's trade, in mirrored form: pointwise order against > expectation-level algebra. > > holds for: signedness any, F > 0 or op ∉ {+, -, ×-at-F=0} (where rounding fires at all), I any, > rounding = stochastic, overflow ∈ {wrap, saturate}, domain = ℚ off-grid (closed under negation), > threads any for the expectation identity (proved, exact Bernoulli algebra; probe verifies with exact > rational arithmetic at threads = 1). Also to note and not part of the claim: stochastic requires > runtime entropy, so its selection predicate is not fully const-available; I13's instruction (what is > not const-available cannot be in the predicate) bears on whether it can be an arm at all, and that > is a question for the panel rather than a finding of mine.
125_knuth_rounding_cold_derivation.md	> **F9.** Two's complement bit-drop equals floor on signed and unsigned; it differs from toward_zero > exactly on negative values with a nonzero dropped bit; on unsigned domains floor = toward_zero. > > holds for: signedness ∈ {signed, unsigned} as stated per clause, F ≥ 1 (bits exist to drop), I any, > rounding ∈ {floor, toward_zero}, domain = all W-bit two's complement values (closed under negation > up to the asymmetric minimum), threads any (proved; exhaustive probe at threads = 1, W ≤ 8).
126_wronski_what_rounding_actually_selects.md	``` holds for: F = 0, operation = {addition, subtraction, multiplication}, signedness = unsigned, domain = no overflow triggered (values chosen away from any bound), rounding mode = any of {floor, ceil, trunc, round_half_up, round_half_even}, width = swept exhaustively at kmax=6. ```
126_wronski_what_rounding_actually_selects.md	``` holds for: F >= 1 (tested F in {1,2,3}), operation = multiplication (and distributivity of multiplication over addition), signedness = unsigned, domain = no overflow triggered, rounding mode = any of {floor, ceil, trunc, round_half_up, round_half_even} (each fails individually, not just in aggregate), width = swept exhaustively at kmax=6. ```
126_wronski_what_rounding_actually_selects.md	``` holds for: rounding mode = any of {floor, ceil, trunc, round_half_up, round_half_even}, domain = rationals with denominator 37 in a bounded range, F = 3, monotonicity = weak (x <= y implies round(x) <= round(y)). ```
126_wronski_what_rounding_actually_selects.md	``` holds for: rounding mode = stochastic (independent draw per value), domain = any rational, non-monotonicity = exists (there exist adversarial draw pairs within one grid interval producing a violation; not a claim that every draw violates), unbiasedness = exact, in expectation, for every x, independent of F. ```
126_wronski_what_rounding_actually_selects.md	``` holds for: rounding mode = {floor, ceil, trunc}, property = double-rounding-safe (round-to-coarser then round-again-to-coarser-still equals rounding directly to the final width in one step), domain = rationals with denominator 24, F_acc in {2,3,4,5}, F_final in {1,2}, overflow = not present (bounds removed entirely to isolate the effect).
126_wronski_what_rounding_actually_selects.md	holds for: rounding mode = {round_half_up, round_half_even}, property = NOT double-rounding-safe (counterexamples exist), same domain as above. ```
126_wronski_what_rounding_actually_selects.md	``` holds for: overflow policy = saturating, rounding mode = any deterministic mode (tested: round_half_even; monotone composed with monotone is monotone regardless of which monotone rounding mode, so this generalises across the mode set already shown monotone in Finding 3), property = monotone, F = 2.
126_wronski_what_rounding_actually_selects.md	holds for: overflow policy = wrapping, property = NOT monotone (independent of rounding mode, by the composition argument above rather than by testing every mode against wrap specifically). ```
126_wronski_what_rounding_actually_selects.md	``` holds for: single fixed target width, overflow policy = saturating, boundary = grid-aligned at that width, rounding mode = any of {floor, ceil, trunc, round_half_up, round_half_even}, F in {1,2,3}, property = numeric agreement between round-then-clamp and clamp-then-round.
126_wronski_what_rounding_actually_selects.md	separately holds for: same domain, property = overflow-verdict agreement, does NOT hold (100 counterexamples found, concentrated in directed modes rounding toward the boundary from outside). ```
126_wronski_what_rounding_actually_selects.md	``` holds for: F >= 1, operation = multiplication, domain = one-signed (non-negative), the domain region where saturating overflow is a homomorphism per 122 F122-4, rounding mode = any of {floor, ceil, trunc, round_half_up, round_half_even}, width = swept exhaustively at kmax=6. property = NOT a homomorphism, no domain restriction found (or looked for beyond one-signed) that rescues it. ```
127_dolan_attacking_the_convergence.md	> **F127-1.** A stochastic rounding scheme exists that is monotone on every realisation and exactly > unbiased in expectation, simultaneously: the shared threshold `Q_U(x) = floor(x)` if `frac(x) <= U` > else `ceil(x)`, for a single `U` held fixed across an evaluation. The claimed either/or fork between > deterministic-monotone and stochastic-unbiased-not-per-draw-monotone is false as a general statement > about "stochastic rounding"; it is true only of the independent-per-element construction, which is one > member of a family rather than the only shape stochastic rounding can take. > > holds for: signedness any, F any (the construction only touches whether `x` is on-grid, which is > domain-generic), I any, rounding = the shared-threshold family parametrised by `U`, overflow ∈ {wrap > (untested directly, monotonicity argument applies regardless since it is about the rounding step > alone), saturate (tested, composition stays monotone)}, domain = ℚ (closed under negation; the swept > range in Part 4 is asymmetric signed, per Part 4's own note), threads = 1 (measured; the argument for > monotonicity and for the exact-expectation identity is structural and does not depend on thread count, > but I have not swept `threads any` and do not claim it), target features any (exact rational > arithmetic, no instruction selection can move it).
127_dolan_attacking_the_convergence.md	> **F127-2.** `Q_U` at `U = 1/2` is exactly `half_up`; at `U -> 1` it approaches `floor`; at `U -> 0` it > approaches `ceil`. The shared-threshold family is a one-parameter continuum connecting three of the > five modes both files already swept, and every member of it is monotone by the identical > threshold-per-cell argument `125` T2 and `126` Finding 3 already give for the endpoints. This is not a > new proof technique; it is the same one, applied to a value of the threshold neither file happened to > randomise. > > holds for: the parametrisation is exact and definitional, no sweep needed beyond confirming the two > endpoints and the midpoint algebraically, which is immediate from the definition of `Q_U` and the > definitions of floor, ceil, and half_up already given in `125` section 1.
128_knuth_reply_the_boundary_moves_to_the_coupling.md	> **F128-1 (concession and replacement).** `125` F8's second clause is false as stated and its > boundary misplaced. The corrected statement: an unbiased stochastic rounding is monotone on > every realisation iff its within-cell coupling is comonotone; the within-cell realisation- > monotone unbiased law is unique (uniform threshold per cell); and composition with saturate > preserves per-realisation monotonicity for every comonotone-within-cell member. > > holds for: signedness any, F any, I any, grid infinite for the theorem and the swept windows > named in `128_probes/` for the enumerations (negation-closed), rounding = the unbiased > stochastic family, coupling ∈ {comonotone within cells: monotone on every realisation; > any coupling with within-cell independence at interior fracs: monotone on no > realisation-almost-surely, inversions with positive probability}, overflow = saturate for the > composition clause, threads = 1 for the enumerations, threads any for the Fréchet and > uniqueness arguments (properties of distributions, not executions).
128_knuth_reply_the_boundary_moves_to_the_coupling.md	> **F128-2 (the impossibility that survives).** Within one cell, unbiased + monotone-on-every- > realisation + pairwise independence is impossible at interior fracs: inversion probability is > exactly `f_x - p11`, uniquely zero at the comonotone corner, and the independent coupling is > interior. Across cells every coupling is monotonicity-safe. > > holds for: fracs interior to (0, 1) with f_x < f_y for the within-cell clause, any cell pair for > the cross-cell clause, coupling any point of the Fréchet interval (swept at 13 points per pair, > 4 pairs), threads any (exact distribution arithmetic).
128_knuth_reply_the_boundary_moves_to_the_coupling.md	> **F128-3 (the price).** Summed-error variance for n same-cell elements at frac f: exactly > `n² f(1-f)` comonotone, exactly `n f(1-f)` independent. The concentration property of stochastic > rounding over chains belongs to the independent coupling exclusively. > > holds for: n ∈ 1..10 enumerated exactly and the closed forms proved by the enumeration matching > them at every n, f = 1/3 swept (the closed forms are algebraic in f; other fracs not enumerated), > coupling ∈ {comonotone, independent}, threads any (exact distribution arithmetic).
128_knuth_reply_the_boundary_moves_to_the_coupling.md	> **F128-4 (the per-cell member and its wrap law).** Per-cell independent thresholds keep > realisation-monotonicity and unbiasedness, zero cross-cell error covariance, forced positive > within-cell covariance; translation equivariance by q is lost; wrap commutation mod span holds > iff the threshold table is constant on residue classes mod span, and residue keying is the > natural per-cell definition under wrapped semantics. > > holds for: W ∈ {3} for the wrap sweeps and the five-cell window at E = 4 subquanta for > monotonicity (243 tuples), signedness = unsigned for the wrap table sweep (the periodicity > argument is signedness-free; only unsigned was enumerated), coupling = per-cell thresholds, > threads = 1 for the enumerations.
128_knuth_reply_the_boundary_moves_to_the_coupling.md	> **F128-5 (tie correction to F127-2).** Under the `frac <= U` convention, `Q` at `U = 1/2` is > half_down at tie points and half_up elsewhere; F127-2's midpoint identification holds off ties > only. > > holds for: the identification is definitional; enumerated at 8 tie and 435 non-tie points, > E = 5, window [-7q, 7q], threads = 1.
129_wronski_reply_the_fork_is_decorrelation_not_determinism.md	> **F129-1.** Within-pass decorrelation of the rounding decision (the property that motivates choosing a > stochastic or dithered mode over a directed one, because it is what breaks up banding, correlated > distortion, and repeating structural error) and within-pass monotonicity are the two properties in > tension, not determinism-versus-stochasticity and not independence-versus-correlation. A shared-single- > draw construction buys monotonicity by giving up decorrelation entirely (zero distinct outputs for a > repeated input in one pass); an independent-per-element or position-keyed-deterministic construction > buys decorrelation by giving up monotonicity, and it does not matter by which of those two mechanisms > the per-position variation is produced. > > holds for: the shared-threshold family (rounding = `Q_U` at a single global draw per pass), the > independent-per-element family (rounding = stochastic, fresh draw per element), and the position-keyed > deterministic family (rounding = ordered dither, threshold a function of position only), decorrelation > measured as the count of distinct outputs for a repeated identical input across positions within one > pass, monotonicity measured across a value-varying-with-position sequence within one pass, F any (the > construction touches only whether `x` is off-grid), signedness any (untested beyond the swept negative > point in Part A; no sign-dependence in the argument), threads = 1 (measured; the argument is structural > and does not depend on thread count but `threads any` is not claimed).
130_dolan_reply_one_axis_two_keyings.md	> **F130-1.** Per-realisation monotonicity trades against decorrelation of the rounding decision, and > this is a single tension (measurable as accumulated-error variance, `128`'s witness, or as the count > of distinct outputs for a repeated input, `129`'s witness; the two witnesses agree wherever both are > defined). The tension is **keyed** by whichever axis the coupling's randomness is correlated along: > a global draw is keyed on nothing (zero decorrelation on any axis); a per-cell draw is keyed on > **value** (decorrelates across elements with different fracs, delivers nothing for elements sharing > a frac regardless of where they sit in a pass); a per-element or position-keyed draw is keyed on > **position** (decorrelates across positions regardless of whether the values at those positions > agree). A construction keyed on one axis delivers nothing on the other: `128`'s per-cell member, > which is real, correctly measured, and genuinely buys cross-cell variance reduction for data spread > across many fracs, delivers **zero** within-pass decorrelation on data that repeats one frac at many > positions, which is `129`'s exact test and is also the ordinary shape of a flat or slowly-varying > region in an image or a held tone in an audio buffer, the workload dithering exists for. > > holds for: the shared/global family (keyed on nothing), the per-cell-independent family (keyed on > value/frac), and the per-element or position-keyed families (keyed on position), decorrelation > measured both as summed-error variance for `n` same-frac elements (`128`'s witness, closed form > confirmed for `n any` above) and as distinct-output count for a repeated identical value across > positions (`129`'s witness, confirmed at 40 positions, one cell), the divergence between the > value-keyed and position-keyed members confirmed on `129`'s own worst-case input (constant value, > varying position), F any, signedness any (untested beyond what `128` and `129` each swept; no > sign-dependence in the argument on either side), threads = 1 (measured; the argument is structural).
131_leroy_formalising_the_rounding_axis.md	*holds for: F = 0 with operations in {add, sub, mul, min}, and F any with operations in {add, sub, min}; W any; signedness any; domain any, closed under negation or one-signed alike; rounding any, including every member of the stochastic family; overflow any; threads any; target features any.*
131_leroy_formalising_the_rounding_axis.md	*holds for: W any; F any; signedness any; domain closed under negation; rounding in {floor, ceil}; operations any; threads any; target features any.*
131_leroy_formalising_the_rounding_axis.md	*holds for: the composition claim, rounding in {floor, ceil, toward_zero}, F any, W any, signedness any, domain closed under negation, threads any, stated on an argument. For the failure, rounding in {half_up, half_even}, F_exact in {4, 5}, F_intermediate in {2, 3}, F_final in {1, 2}, domain = rationals over the swept window, threads = 1, measured at 16 to 32 mismatches of 129 points per row.*
131_leroy_formalising_the_rounding_axis.md	*holds for: the commutations, rounding in {floor, ceil, toward_zero, half_up, half_even} against saturation and rounding in {floor, ceil, half_up, half_even} against wrapping, W >= 1, F any, signedness any, domain closed under negation, threads any, stated on the equivariance argument. For the non-commutation, rounding = toward_zero, overflow = wrap, signedness = signed or unsigned with signed intermediates, threads = 1, measured with the witness `125` T7 names.*
131_leroy_formalising_the_rounding_axis.md	*holds for: W any, F any, signedness any, domain any, operation = mul, rounding any, overflow any (the claim is about quantisation; range effects belong to the overflow axis), threads any, stated on valuation additivity, with an exhaustive control at F in {0, 2, 3} and W <= 6.*
131_leroy_formalising_the_rounding_axis.md	*holds for: the uniqueness and the Fréchet impossibility, F any, W any, signedness any, domain closed under negation, rounding = the unbiased stochastic family, coupling = any point of the Fréchet interval, threads any, stated on distribution algebra with the linear system shown invertible at every cell resolution. For the variance law, n any at f = 1/3, coupling in {comonotone, independent}, stated on the scalar-multiple and independent-additivity identities with enumeration through n = 14. For the keying divergence, one input shape (a constant value at 40 positions, one cell), keying in {global, value, position}, F any, signedness any, threads = 1, measured.*
131_leroy_formalising_the_rounding_axis.md	*holds for: toolchain = the pinned nightly, edition 2021, crate type = library, `#![no_std]`, feature gates = none, no float types, threshold = a golden-ratio sequence in Q32, positions 0 to 255, value = an exact tie, threads any, target features any.*
132_leroy_the_canon_candidate_for_the_rounding_axis.md	*holds for: W any; F any; signedness any; domain in {closed under negation, one-signed}, each claimed and proved separately; rounding = every deterministic member; operation = addition; threads any; target features any.*
132_leroy_the_canon_candidate_for_the_rounding_axis.md	*The adjunction holds for: W any; F any; signedness any; domain closed under negation; rounding in the two adjoints; operations any; threads any. **Argument kind: uniqueness.***
132_leroy_the_canon_candidate_for_the_rounding_axis.md	*The composition failure holds for: rounding in the nearest members; F_exact in {4, 5}; F_intermediate in {2, 3}; F_final in {1, 2}; domain = rationals over the swept window closed under negation; threads = 1. **Argument kind: existence**, so the failure carries at every width and its rate does not.*
132_leroy_the_canon_candidate_for_the_rounding_axis.md	*The commutations hold for: W >= 1; F any; signedness any; domain closed under negation; every deterministic member against saturation, and every translation-equivariant member against wrapping; threads any. **Argument kind: equivariance.***
132_leroy_the_canon_candidate_for_the_rounding_axis.md	*The non-commutation holds for: rounding = toward-zero; range policy = wrapping; signedness = signed, or unsigned with signed intermediates; threads = 1. **Argument kind: existence.***
132_leroy_the_canon_candidate_for_the_rounding_axis.md	*The vacuity holds for: F = 0 with operations in {addition, subtraction, multiplication, order selection}, and F any with operations in {addition, subtraction, order selection}; W any; signedness any; domain any; rounding any, stochastic members included; range policy any; threads any; target features any. **Argument kind: closure.***
132_leroy_the_canon_candidate_for_the_rounding_axis.md	*The valuation predicate holds for: W any; F any; signedness any; domain any; operation = multiplication; rounding any; range policy any; threads any. **Argument kind: algebraic**, by additivity of the valuation.*
132_leroy_the_canon_candidate_for_the_rounding_axis.md	*The uniqueness and the impossibility hold for: F any; W any; signedness any; domain closed under negation; coupling = any point of the Fréchet interval; threads any. **Argument kind: uniqueness**, with the system shown invertible at every cell resolution.*
132_leroy_the_canon_candidate_for_the_rounding_axis.md	*The variance law holds for: element count any; fraction = 1/3; coupling in {comonotone, independent}; threads any. **Argument kind: induction.** The fraction is a fixed value and is not widened.*
132_leroy_the_canon_candidate_for_the_rounding_axis.md	*holds for: keying in {none, value, position}; decorrelation measured both as summed-error variance for same-value elements and as distinct-output count for a repeated value across positions; F any; signedness any; input shape = one constant value at forty positions in one cell; threads = 1. **Argument kind: bounded to the sweep**, on one input shape, which `130` says of itself.*
132_leroy_the_canon_candidate_for_the_rounding_axis.md	*holds for: toolchain = the pinned nightly; edition 2021; crate type = library; `#![no_std]`; feature gates = none; float types = none; threshold = a low-discrepancy sequence on the position; positions 0 to 255; threads any; target features any. **Argument kind: bounded to the sweep for the measured half**, and a reading of the operating constraints for the rest.*
136_leroy_the_candidate_revised_against_three_signatures.md	*holds for: W any; F any; signedness any; domain in {closed under negation, one-signed}; rounding = every grid-fixing retraction; threads any; target features any. **Argument kind: characterisation**, both directions exhaustive over every retraction at three grid resolutions, and monotonicity implies locality rather than assuming it.*
136_leroy_the_candidate_revised_against_three_signatures.md	*The overlap and the exclusivity hold for: W in {9}; F in {4}; signedness = signed; domain closed under negation; rounding in the five standard members; staged narrowing F_exact = 4, F_intermediate = 2, F_final = 0; threads = 1. **Argument kind: enumeration**, on `133_probes/s2` and `136_probes/x1` independently. The exclusivity's reason is structural and its measurement is not: the adjoint exchange argument carries at every width and the table does not.*
136_leroy_the_candidate_revised_against_three_signatures.md	*The family invariance holds for: W any; F any; signedness any; **domain any**, one-signed included per `125` T8 at `125:287`; rounding = every deterministic member; threads any. **Argument kind: closure.***
136_leroy_the_candidate_revised_against_three_signatures.md	*The commutations hold for: W >= 1; F any; signedness any; domain closed under negation; every deterministic member against saturation, and every translation-equivariant member against wrapping; equality read in the quotient; threads any. **Argument kind: equivariance.***
136_leroy_the_candidate_revised_against_three_signatures.md	*The non-commutation holds for: rounding = toward-zero; range policy = wrapping; signedness = signed, or unsigned with signed intermediates; **domain: OPEN, and the clause claims nothing until it is stated**; threads = 1. **Argument kind: existence.***
136_leroy_the_candidate_revised_against_three_signatures.md	*The uniqueness and the impossibility hold for: F any; W any; signedness any; **domain any**, established by the construction reading only `frac(x)` and never the cell index, given a **floor-based cell coordinate**; coupling = any point of the Fréchet interval; threads any. **Argument kind: uniqueness**, with the system shown invertible at every cell resolution, and the domain dimension established on `135_probes/z1` and `136_probes/x2` with a control that fires on a deliberately sign-dependent variant. Under a truncating cell coordinate the construction is sign-dependent and this predicate does not transfer (`136_probes/x2` P4).*
136_leroy_the_candidate_revised_against_three_signatures.md	*The variance law (`128` F128-3 on `128_probes/r3`, re-derived and widened by `130` on `130_probes/y1`) holds for: element count any; fraction = 1/3; coupling in {comonotone, independent}; **domain any**, same construction and same condition (`136_probes/x2` P3); threads any; **W, F and signedness: OPEN**. **Argument kind: induction.** The fraction is a fixed value and is not widened.*
136_leroy_the_candidate_revised_against_three_signatures.md	*holds for: everything `132` 5.8's predicate lists, unchanged, plus **keying axis = one-dimensional** (section 8), plus **domain, W, F and signedness: OPEN**.*
136_leroy_the_candidate_revised_against_three_signatures.md	**`x4`'s extractor was wrong twice and then lied about it.** Its dimension key pattern matched the `in` inside the word `domain`, so every domain dimension parsed as a key named `doma` and the sweep reported zero domain flags, a confident False on the exact question the probe existed to answer. That is a delimiter occurring in the content. Worse, the verdict block printed `True` for the control because I had written the literal rather than the variable, so the instrument reported itself sound while failing. Then the fixed version still missed a predicate, because the span pattern required the literal `holds for:` and 5.6's uniqueness predicate reads `hold for:` with a plural subject, so it found nine predicates where there are eleven, and **the missing one was the single predicate `135`'s dissent is about.** And the inheritance fingerprint compared only against the immediately preceding clause, which cannot flag 5.6, whose neighbour carries `domain any` while the inheritance comes from three clauses up.
137_arntzen_entailment_check_on_the_rounding_revision.md	`136`'s `x4` had four recorded defects, one of which made it miss a predicate, so its count is exactly the kind of thing to redo rather than accept. I extracted `132` section 5's predicates with my own pattern, deliberately looser than `x4`'s (accepting `hold for:` as well as `holds for:`, any lead-in, span to the next blank line, so a plural subject cannot hide one).
137_arntzen_entailment_check_on_the_rounding_revision.md	- `131` R3 is one predicate reading "*holds for: the commutations, ... W >= 1, F any, signedness any,   **domain closed under negation**, threads any ... **For the non-commutation**, rounding = toward_zero,   overflow = wrap, signedness = ..., threads = 1*" (`131:169-173`). The domain dimension lives in the   **shared leading clause**, and the non-commutation half relies on it by position. `132` split the two   halves into standalone predicates and the second half kept only what was written after "For the   non-commutation", losing the domain. - `131` R5 is the same shape at `131:203-209`: a leading clause carrying `domain closed under negation`,   then "For the variance law, ..." and "For the keying divergence, ...". `132` split it three ways into   5.6's two predicates and 5.7's one, and the domain survived on the first only. - `131` R6 (`131:221-223`) genuinely carries no domain dimension, and `132` 5.8 inherits that unchanged.   **That is the only one of the four that propagated.**
138_leroy_the_restoration_pass.md	*The non-commutation holds for: rounding = toward-zero; range policy = wrapping; signedness = signed, or unsigned with signed intermediates; threads = 1. **Argument kind: existence.***
138_leroy_the_restoration_pass.md	*The variance law (`128` F128-3 on `128_probes/r3`, re-derived and widened by `130` on `130_probes/y1`) holds for: element count any; fraction = 1/3; coupling in {comonotone, independent}; **domain any**, same construction and same condition (`136_probes/x2` P3); threads any. **Argument kind: induction.** The fraction is a fixed value and is not widened.*
138_leroy_the_restoration_pass.md	*holds for: everything `132` 5.8's predicate lists, unchanged, plus **keying axis = one-dimensional** (`136` section 8).*
139_muratori_the_strategy_set_derived_cold.md	``` holds for: numeral fixed-point of declared width W and fraction F,            W in {6, 8}, F in {0, 3, 4}, signedness in {unsigned, signed},            overflow in {wrap, saturating},            rounding in {truncate, nearest-even, floor},            intermediate in {exact, stepwise},            operations {add, subtract, multiply, multiply-chain-3, multiply-add},            arity in {2, 3}, chain length in {1, 2},            threads = 1,            target features = host (aarch64-apple-darwin, rustc 1.98.0-nightly 57d06900f) ```
139_muratori_the_strategy_set_derived_cold.md	``` holds for: numeral fixed-point signed, W in {3, 5, 6, 7, 11}, F in {0, 2},            overflow = saturating, rounding = truncate,            bit offset in {0, 1, 7, 13, 59, 61} including word-straddling,            operations {add, subtract, multiply}, arity = 2,            threads = 1,            target features = host (aarch64-apple-darwin, rustc 1.98.0-nightly 57d06900f) ```
139_muratori_the_strategy_set_derived_cold.md	``` holds for: numeral fixed-point, W in {8, 10}, F in {0, 3, 5, 7},            signedness in {unsigned, signed}, overflow = saturating,            rounding = truncate, operation = multiply, arity = 2,            threads = 1,            target features = host (aarch64-apple-darwin, rustc 1.98.0-nightly 57d06900f) ```
139_muratori_the_strategy_set_derived_cold.md	``` fusion is answer-preserving: holds for: numeral fixed-point unsigned, W = 6, F in {0, 1, 2, 3, 4, 5},            overflow in {wrap, saturating}, rounding = truncate,            operation = multiply-add, arity = 3, chain length = 2,            threads = 1,            target features = host (aarch64-apple-darwin, rustc 1.98.0-nightly 57d06900f)
139_muratori_the_strategy_set_derived_cold.md	fusion changes the answer: holds for: numeral fixed-point signed, W = 6,            (overflow = wrap and F in {1, 2, 3, 4, 5})            or (overflow = saturating and F in {0, 1, 2, 3, 4, 5}),            rounding = truncate, operation = multiply-add, arity = 3,            chain length = 2, threads = 1,            target features = host (aarch64-apple-darwin, rustc 1.98.0-nightly 57d06900f) ```
139_muratori_the_strategy_set_derived_cold.md	``` holds for: numeral fixed-point, W = 6, F in {0, 1, 2, 3, 4, 5},            signedness in {unsigned, signed}, overflow in {wrap, saturating},            rounding = truncate, operation = multiply-add, arity = 3,            chain length = 2, threads = 1,            target features = host (aarch64-apple-darwin, rustc 1.98.0-nightly 57d06900f) ```
139_muratori_the_strategy_set_derived_cold.md	``` holds for: cost coordinates = 3 (time, code bytes, data bytes),            arms = 7 with the committed cost tables, selector = linear,            weight grid resolution = 1/400 on the 2-simplex,            targets = 2 (the committed synthetic cost tables),            threads = 1,            target features = host (aarch64-apple-darwin, rustc 1.98.0-nightly 57d06900f) ```
139_muratori_the_strategy_set_derived_cold.md	``` holds for: strategy expressed as a trait with associated consts for the policy            and the weighting, selection by const comparison, arms marked            inline(never), consumer strategy declared outside the library module,            opt-level = 3, no gates beyond the stable language,            threads = 1,            target = aarch64-apple-darwin, rustc 1.98.0-nightly 57d06900f ```
140_mcsherry_the_strategy_set_derived_cold.md	**F1. Thirty assignments over three observable-policy axes collapse to twenty-four distinguishable answer functions.** `holds for: W = 4, F in {0,1,2}, signedness = unsigned, rounding any of {toward-zero, ties-even, ties-away, toward-neg-inf, toward-pos-inf}, overflow any of {wrap, saturate-both, saturate-high-only}, intermediate any of {round-each-step, exact-then-round-once}, operations = {add, sub, mul, a*b+c, a*b-c}, threads = 1` Established twice independently: `140_probes/p1_out.txt` and `140_probes/p2_out.txt`.
140_mcsherry_the_strategy_set_derived_cold.md	**F2. The number of distinguishable classes is a strictly increasing function of the witness set, so no count is meaningful without naming the operations it was counted over.** `holds for: W = 4, F in {0,1,2}, signedness = unsigned, axes as F1, witness sets = {without a*b-c} and {with a*b-c}, threads = 1` 15 classes to 24 by adding one operation. `140_probes/p1_out.txt`.
140_mcsherry_the_strategy_set_derived_cold.md	**F3. A lossless container choice contributes zero distinguishable classes, and a lossy one contributes many.** `holds for: W = 4, F in {0,1,2}, signedness = unsigned, axes as F1, containers = {packed, minimum-rung, double-rung} and the control {W-1 bits}, operations as F1, threads = 1` 90 configurations to 24 classes; the control doubles it to 48. `140_probes/p3_out.txt`.
140_mcsherry_the_strategy_set_derived_cold.md	**F4. Under one shared baseline the reported ranking is always the absolute ranking; under per-arm baselines it differs in 56.3% of cases and inverts entirely in 3.6%.** `holds for: arms = 3, costs in {1..6} distinct, baselines in {1,2,3,4,6,8,12}, arithmetic exhaustive` Structural only. Prices nothing. `140_probes/p4_out.txt`.
140_mcsherry_the_strategy_set_derived_cold.md	**F5 (phase two).** Under the p1 witness set, the intermediate-width axis carries 10 to 12 of the 24 distinguishable classes. `holds for: W = 4, F in {0,1,2}, signedness = unsigned, rounding any of the five swept, overflow any of the three swept, intermediate in {round-each-step, exact-then-round-once}, operations = {add, sub, mul, a*b+c, a*b-c}, container = packed, overflow limit read at the declared width, threads = 1`
140_mcsherry_the_strategy_set_derived_cold.md	**F3' (phase two).** A lossless container choice contributes zero distinguishable classes when the range policy's limit is read at the declared width, and contributes many when it is read at the container width. `holds for: W = 4, F in {0,1,2}, signedness = unsigned, rounding any of the five swept, overflow any of the three swept, intermediate any of the two swept, containers = {packed, minimum-rung, double-rung}, limit read at {declared width, container width}, operations = {add, sub, mul, a*b+c, a*b-c}, threads = 1` `140_probes/p6_out.txt`.
141_lamport_the_strategy_set_attacked.md	``` holds for: numeral fixed-point, W = 4, F in {0, 1, 2},            signedness in {unsigned, signed},            rounding in {toward zero, floor}, overflow in {wrap, saturating},            storage container in {packed at W, minimum rung, double rung},            accumulator width = W,            overflow limit read at the declared width,            operations {add, subtract, multiply, multiply-add, two-term dot},            arity in {2, 3, 4}, chain length in {1, 2},            threads = 1,            target features = host (aarch64-apple-darwin, rustc 1.98.0-nightly 57d06900f) ```
141_lamport_the_strategy_set_attacked.md	``` holds for: numeral fixed-point, W = 4, F in {0, 1, 2},            signedness in {unsigned, signed},            rounding in {toward zero, floor}, overflow in {wrap, saturating},            storage container in {packed at W, minimum rung, double rung},            accumulator width in {W, W + 2, 4W},            overflow limit read at the declared width,            operations {add, subtract, multiply, multiply-add, two-term dot},            arity in {2, 3, 4}, chain length in {1, 2},            threads = 1,            target features = host (aarch64-apple-darwin, rustc 1.98.0-nightly 57d06900f) ```
141_lamport_the_strategy_set_attacked.md	``` holds for: reduction = wrapping, W in {4, 5, 6},            signedness in {unsigned, signed},            x swept over four times the declared range on both sides,            c swept over the whole declared range,            operation = one addition after one reduction, arity = 2,            threads = 1,            target features = host (aarch64-apple-darwin, rustc 1.98.0-nightly 57d06900f) ```
141_lamport_the_strategy_set_attacked.md	``` holds for: numeral fixed-point, W = 6, F in {0, 1, 2, 3, 4, 5},            signedness in {unsigned, signed}, overflow in {wrap, saturating},            rounding in {truncate toward zero, floor},            the two arms applying the same fractional shift,            operation = multiply-add, arity = 3, chain length = 2,            threads = 1,            target features = host (aarch64-apple-darwin, rustc 1.98.0-nightly 57d06900f) ```
141_lamport_the_strategy_set_attacked.md	``` holds for: numeral fixed-point signed, W = 6, F in {0, 1, 2, 3, 4, 5},            overflow = wrap, rounding in {truncate toward zero, floor},            operation = multiply-add, arity = 3, chain length = 2,            threads = 1,            target features = host (aarch64-apple-darwin, rustc 1.98.0-nightly 57d06900f) ```
141_lamport_the_strategy_set_attacked.md	``` holds for: numeral fixed-point signed, W = 6, F in {0, 3, 5},            overflow = saturating, rounding = floor,            slack in {0, the minimum admitting fusion},            operation = multiply-add, arity = 3, chain length = 2,            threads = 1,            target features = host (aarch64-apple-darwin, rustc 1.98.0-nightly 57d06900f) ```
141_lamport_the_strategy_set_attacked.md	``` holds for: numeral fixed-point, W = 6, F in {0, 1, 2, 3, 4, 5},            signedness in {unsigned, signed}, overflow in {wrap, saturating},            rounding = floor,            intermediate in {round and reduce each step, hold and reduce once},            operation = multiply-add, arity = 3, chain length = 2,            threads = 1,            target features = host (aarch64-apple-darwin, rustc 1.98.0-nightly 57d06900f) ```
141_lamport_the_strategy_set_attacked.md	``` holds for: assignments = rounding {toward zero, floor} x overflow {wrap, saturating}              x intermediate {stepwise, exact},            W in {3, 4}, F in {0, 1, 2}, signedness in {unsigned, signed},            witness sets = all 31 non-empty subsets of              {add, subtract, multiply, multiply-add, multiply-subtract},            threads = 1,            target features = host (aarch64-apple-darwin, rustc 1.98.0-nightly 57d06900f) ```
141_lamport_the_strategy_set_attacked.md	``` holds for: assignments = rounding {toward zero, floor} x overflow {wrap, saturating}              x intermediate {stepwise, exact},            W in {3, 4, 5, 6}, F in {0, 1, 2}, signedness in {unsigned, signed},            witness sets = all 31 non-empty subsets as in F8,            and separately with a width-sensitive overflow position added,            threads = 1,            target features = host (aarch64-apple-darwin, rustc 1.98.0-nightly 57d06900f) ```
142_muratori_reply_the_repair_was_dead_on_arrival.md	``` holds for: numeral fixed-point, W in {4, 6}, F in {0..W-1},            signedness in {unsigned, signed}, overflow in {wrap, saturating},            rounding = truncate toward zero,            operation = multiply-add, arity = 3, chain length = 2,            container width = declared width,            threads = 1,            target features = host (aarch64-apple-darwin, rustc 1.98.0-nightly 57d06900f) ```
142_muratori_reply_the_repair_was_dead_on_arrival.md	``` holds for: rounding in {floor, ceiling, toward zero, away from zero,              nearest-half-up, nearest-half-even},            F in {1, 2, 3, 4, 5}, numerator in [-256, 256], integer shift in [-32, 32],            threads = 1,            target features = host (aarch64-apple-darwin, rustc 1.98.0-nightly 57d06900f) ```
142_muratori_reply_the_repair_was_dead_on_arrival.md	``` holds for: numeral fixed-point signed, W = 6, F in {0, 1, 2, 3, 4, 5},            overflow = wrap, rounding as in F142-2,            operation = multiply-add, arity = 3, chain length = 2,            container width = declared width,            threads = 1,            target features = host (aarch64-apple-darwin, rustc 1.98.0-nightly 57d06900f) ```
142_muratori_reply_the_repair_was_dead_on_arrival.md	``` holds for: numeral fixed-point, W = 6, F in {0, 1, 2, 3, 4, 5},            signedness in {unsigned, signed}, overflow in {wrap, saturating},            rounding in {truncate toward zero, floor},            operation = multiply, arity = 2,            container width = declared width,            threads = 1,            target features = host (aarch64-apple-darwin, rustc 1.98.0-nightly 57d06900f) ```
142_muratori_reply_the_repair_was_dead_on_arrival.md	``` holds for: numeral fixed-point, W = 4, accumulator width in {W, W+1, W+2, 2W},            signedness in {unsigned, signed}, overflow in {wrap, saturating},            fold length n in {1, 2, 3, 4}, operation = sum fold,            reduction at the accumulator width per step and at the declared width once at the end,            domain = every sequence over the declared range,            threads = 1,            target features = host (aarch64-apple-darwin, rustc 1.98.0-nightly 57d06900f) ```
142_muratori_reply_the_repair_was_dead_on_arrival.md	``` holds for: numeral fixed-point signed, W = 4, F = 1, overflow = saturating,            accumulator width in {W, W+1, W+2, 2W},            fold length n = 3, operation = multiply-accumulate fold,            multiplier schedules {[1,-1,2], [2,-1,1]},            rounding = floor,            domain = every sequence over the declared range,            threads = 1,            target features = host (aarch64-apple-darwin, rustc 1.98.0-nightly 57d06900f) ```
143_mcsherry_reply_the_scope_the_wording_and_one_claim_i_keep.md	``` holds for: numeral fixed-point, W = 4, F in {0, 1, 2}, signedness = unsigned,            assignments = rounding {toward zero, ties even, ties away, toward -inf, toward +inf}              x overflow {wrap, saturate both, saturate high only}              x intermediate {round each step, exact then round once},            witness sets = all 31 non-empty subsets of              {add, subtract, multiply, a*b+c, a*b-c},            container width = declared width,            overflow limit read at the declared width,            accumulator width = unbounded,            threads = 1,            target features = host (aarch64-apple-darwin, rustc 1.98.0-nightly 57d06900f) ```
143_mcsherry_reply_the_scope_the_wording_and_one_claim_i_keep.md	``` holds for: numeral fixed-point, W = 4, F in {0, 1, 2},            signedness in {unsigned, signed}, overflow in {wrap, saturate},            rounding = toward zero,            accumulator width in {W, W + 2, W + 4} and the control {W - 1},            policy applied at every accumulation step at the accumulator width,            narrowing to the declared width once at the end,            kernels {running sum, dot against a fixed coefficient, alternating sum},            slice length = 3, inputs exhaustive over all slices,            container width = declared width,            threads = 1,            target features = host (aarch64-apple-darwin, rustc 1.98.0-nightly 57d06900f) ```
143_mcsherry_reply_the_scope_the_wording_and_one_claim_i_keep.md	``` holds for: the rows of 140_probes/p1_out.txt, namely            numeral fixed-point, W in {4, 6, 8}, F in {0, 1, 2, 3}, signedness = unsigned,            assignments = rounding {5 positions} x overflow {3 positions} x intermediate {2 positions},            operations {add, subtract, multiply, a*b+c, a*b-c},            container width = declared width,            overflow limit read at the declared width,            accumulator width = unbounded,            threads = 1,            target features = host (aarch64-apple-darwin, rustc 1.98.0-nightly 57d06900f) ```
143_mcsherry_reply_the_scope_the_wording_and_one_claim_i_keep.md	``` holds for: numeral fixed-point, W = 4, F in {0, 1, 2}, signedness = unsigned,            assignment sets = {rounding x overflow x intermediate} and {rounding x overflow},            operations {add, subtract, multiply, a*b+c, a*b-c},            container width = declared width,            overflow limit read at the declared width,            accumulator width = unbounded,            threads = 1,            target features = host (aarch64-apple-darwin, rustc 1.98.0-nightly 57d06900f) ```
144_fog_the_weighting_half_measured.md	``` holds for: the two committed cost tables in 139_probes/p4_weight_cells.rs,            cost coordinates = 3, arms = 7, selector = linear,            weight grid resolution in {1/400, 1/60} on the 2-simplex,            arithmetic in {IEEE binary64, exact rational},            threads = 1,            target features = host (aarch64-apple-darwin, rustc 1.98.0-nightly 57d06900f) ```
144_fog_the_weighting_half_measured.md	``` holds for: arms = 3 at costs (0,10), (10,0), (6,6) and the control (4,4),            cost coordinates = 2, selector = linear,            decision procedure = exact vertex enumeration over rationals,            threads = 1,            target features = host (aarch64-apple-darwin, rustc 1.98.0-nightly 57d06900f) ```
144_fog_the_weighting_half_measured.md	``` holds for: the two committed cost tables in 139_probes/p4_weight_cells.rs,            cost coordinates = 3, arms in {6, 7}, selector = linear,            tie-breaking = lowest index, weight grid resolution = 1/400,            threads = 1,            target features = host (aarch64-apple-darwin, rustc 1.98.0-nightly 57d06900f) ```
144_fog_the_weighting_half_measured.md	``` holds for: arms = 4, cost coordinates in {2, 3} with the third constant across arms,            selector = linear, decision procedure = exact vertex enumeration,            threads = 1,            target features = host (aarch64-apple-darwin, rustc 1.98.0-nightly 57d06900f) ```
144_fog_the_weighting_half_measured.md	``` holds for: cost tables drawn uniformly from integers 1..20,            arms in {4, 6, 8}, cost coordinates in {2, 3, 4},            120 tables per cell, no exact duplicate arms,            selector = linear, decision procedure = exact vertex enumeration,            threads = 1,            target features = host (aarch64-apple-darwin, rustc 1.98.0-nightly 57d06900f) ```
144_fog_the_weighting_half_measured.md	``` holds for: cost tables drawn uniformly from integers 1..20,            arms in {4, 6, 8}, cost coordinates in {2, 3, 4},            reference point = componentwise minimum minus one,            certificate weight proportional to the reciprocal deviation,            threads = 1,            target features = host (aarch64-apple-darwin, rustc 1.98.0-nightly 57d06900f) ```
144_fog_the_weighting_half_measured.md	``` holds for: selector in {linear, weighted Chebyshev}, arms = 3, cost coordinates = 2,            integer weights and integer reference point, selection by associated const,            dispatch inline(always), arms inline(never),            opt-level = 3, no feature gates beyond the stable language,            threads = 1,            target = aarch64-apple-darwin, rustc 1.98.0-nightly 57d06900f ```
144_fog_the_weighting_half_measured.md	``` holds for: arms = 2 with one dominating the other, cost coordinates = 2,            augmentation coefficient = 1/1000, weight grid resolution = 1/40,            threads = 1,            target features = host (aarch64-apple-darwin, rustc 1.98.0-nightly 57d06900f) ```
144_fog_the_weighting_half_measured.md	``` holds for: cost tables drawn uniformly from integers 1..60,            arms in {5..9}, cost coordinates = 3,            150 tables containing at least one unreachable non-dominated arm,            gap measured at the unreachable arm's own certificate weight,            threads = 1,            target features = host (aarch64-apple-darwin, rustc 1.98.0-nightly 57d06900f) ```
144_fog_the_weighting_half_measured.md	``` holds for: cost tables drawn uniformly from integers 1..60,            arms = 7, cost coordinates = 3, 200 independent target pairs,            selector = linear, weight grid resolution = 1/40,            threads = 1,            target features = host (aarch64-apple-darwin, rustc 1.98.0-nightly 57d06900f) ```
144_fog_the_weighting_half_measured.md	``` holds for: cost tables drawn uniformly from integers 1..60,            arms = 7, cost coordinates = 3, 200 independent target pairs,            selector = linear, weight grid resolution = 1/40 sampled every seventh point,            threads = 1,            target features = host (aarch64-apple-darwin, rustc 1.98.0-nightly 57d06900f) ```
144_fog_the_weighting_half_measured.md	``` holds for: cost tables drawn uniformly from integers 1..60,            arms = 7, cost coordinates = 3,            rescale factors drawn uniformly from integers 1..8,            100 pairs per arm, selector in {linear, weighted Chebyshev},            weight grid resolution in {1/40, 1/30},            threads = 1,            target features = host (aarch64-apple-darwin, rustc 1.98.0-nightly 57d06900f) ```
144_fog_the_weighting_half_measured.md	``` holds for: cost tables drawn uniformly from integers 1..60,            arms = 7, cost coordinates = 3, baseline arm drawn uniformly,            34440 (arm set, weight) cases, selector = linear,            weight grid resolution = 1/40 sampled every third point,            threads = 1,            target features = host (aarch64-apple-darwin, rustc 1.98.0-nightly 57d06900f) ```
144_fog_the_weighting_half_measured.md	``` holds for: cost tables drawn uniformly from integers 1..60,            arms = 5, cost coordinates = 3, each arm's baseline drawn independently,            20760 cases, selector = linear, weight grid resolution = 1/40 sampled every fifth point,            threads = 1,            target features = host (aarch64-apple-darwin, rustc 1.98.0-nightly 57d06900f) ```
144_fog_the_weighting_half_measured.md	``` holds for: numeral fixed-point signed, W = 6, F in {0, 3},            overflow = saturating, rounding = truncate toward zero,            conforming pair = two routes to one multiply,            non-conforming pair = fused and stepwise multiply-add,            operations {multiply, multiply-add}, arity in {2, 3}, chain length in {1, 2},            container width = declared width,            cost coordinates = 3 with two committed synthetic tables,            selector = linear, weight grid resolution = 1/24,            inputs exhaustive over the declared range,            threads = 1,            target features = host (aarch64-apple-darwin, rustc 1.98.0-nightly 57d06900f) ```
144_fog_the_weighting_half_measured.md	``` holds for: numeral fixed-point, W = 4, F in {0, 1, 2},            signedness in {unsigned, signed},            assignments = rounding {toward zero, floor}              x overflow {wrap, saturate both, saturate high only}              x intermediate {stepwise, exact}              x a dead axis with two identical positions,            observation sets = {add, sub, mul}, {madd}, {mul, madd},              {add, sub, mul, madd, msub},            inputs exhaustive over the declared range,            container width = declared width,            overflow limit read at the declared width,            accumulator width = unbounded,            threads = 1,            target features = host (aarch64-apple-darwin, rustc 1.98.0-nightly 57d06900f) ```
144_fog_the_weighting_half_measured.md	``` holds for: cost tables drawn uniformly from integers 1..60,            arms in {8, 16, 24}, cost coordinates in {1, 2, 3, 4, 5},            20 tables per cell, no exact duplicate arms,            selector = linear, decision procedure = exact phase-one separation,            threads = 1,            target features = host (aarch64-apple-darwin, rustc 1.98.0-nightly 57d06900f) ```
144_fog_the_weighting_half_measured.md	``` holds for: the committed CSVs under mock/benches/ as of this file,            35 bench families with at least 3 size points and at least 4 variants,            cost vector = median algo_ns per size point,            cost coordinates = the family's size points, 3 to 12,            arms = the family's variants, 4 to 9,            selector = linear,            gate = every deciding gap above the larger of the two arms' half-IQR,              and unreachability retested at the optimistic band edge,            threads as the harness ran them,            target features = host (aarch64-apple-darwin) ```
144_fog_the_weighting_half_measured.md	``` holds for: the committed CSVs under mock/benches/ as of this file,            24 families whose smallest-size and largest-size winners differ on the medians,            cost vector = median algo_ns per size point,            gate = both deciding gaps above the larger of the two arms' half-IQR,            threads as the harness ran them,            target features = host (aarch64-apple-darwin) ```
145_leroy_formalising_the_strategy_object.md	*holds for: W = 6; F in {0, 1, 2, 3, 4, 5}; signedness = unsigned; overflow in {wrap, saturating}; rounding in {floor, ceiling, toward zero, away from zero, nearest-half-up, nearest-half-even}; operation = multiply-add; arity = 3; chain length = 2; container width = declared width; threads = 1; target features = host (aarch64-apple-darwin, rustc 1.98.0-nightly 57d06900f).*
145_leroy_formalising_the_strategy_object.md	*and holds for: W = 6; F in {0, 1, 2, 3, 4, 5}; signedness = signed; overflow = wrap; rounding in {floor, ceiling, nearest-half-up}; operation = multiply-add; arity = 3; chain length = 2; container width = declared width; threads = 1; target features = host.*
145_leroy_formalising_the_strategy_object.md	*holds for: W in {4, 6}; F in {0 .. W-1}; signedness in {unsigned, signed}; overflow in {wrap, saturating}; rounding = truncate toward zero; operation = multiply-add; arity = 3; chain length = 2; container width = declared width; threads = 1; target features = host.*
145_leroy_formalising_the_strategy_object.md	*holds for: W = 4; F in {0, 1, 2}; operations in {add, subtract, multiply}; overflow in {wrap, saturating}; rounding in {toward zero, floor}; overflow limit read at the declared width; threads = 1.*
145_leroy_formalising_the_strategy_object.md	*holds for: W = 4; F in {0, 1, 2}; signedness in {unsigned, signed}; overflow in {wrap, saturating}; rounding in {toward zero, floor}; accumulator width varied above the declared width; threads = 1; target features = host.*
145_leroy_formalising_the_strategy_object.md	*The linear limit holds for: cost tables drawn uniformly from integers 1..20; arms in {4, 6, 8}; cost coordinates in {2, 3, 4}; 120 tables per cell; no exact duplicate arms; decision procedure = exact vertex enumeration; threads = 1; target features = host.*
145_leroy_formalising_the_strategy_object.md	*The Chebyshev construction holds for: the same table population; reference point = componentwise minimum minus one; certificate weight proportional to the reciprocal deviation; augmentation coefficient = 1/1000; threads = 1; target features = host.*
145_leroy_formalising_the_strategy_object.md	*The lowering holds for: selector in {linear, weighted Chebyshev}; arms = 3; cost coordinates = 2; integer weights and integer reference point; selection by associated const; dispatch inline(always); arms inline(never); opt-level = 3; no feature gates beyond the stable language; threads = 1; target = aarch64-apple-darwin, rustc 1.98.0-nightly 57d06900f.*
145_leroy_formalising_the_strategy_object.md	*The scalar placement holds for: cost coordinates any; arms any; weights any positive; baseline any arm with positive weighted cost; threads = 1.*
145_leroy_formalising_the_strategy_object.md	*The per-coordinate identity holds for: cost coordinates = 3; arms = 7; cost tables drawn uniformly from integers 1..60; weight grid resolution = 1/12 on the 2-simplex; baseline any arm with positive coordinates; threads = 1; target features = host.*
145_leroy_formalising_the_strategy_object.md	*The no-op condition holds for: baseline uniform across coordinates, and fails for every non-uniform baseline tried; cost coordinates = 3; arms = 7; threads = 1.*
145_leroy_formalising_the_strategy_object.md	*The condition holds for: W = 4; F in {0, 1, 2}; signedness in {unsigned, signed}; assignment set = rounding {floor, toward zero} x overflow {wrap, saturating} x intermediate {stepwise, exact}; arm set = {fused by widening, fused by partial products, stepwise by shift, stepwise by partial products} and a control arm rounding off the axis; operation = multiply-add; arity = 3; inputs exhaustive over the declared range; container width = declared width; threads = 1; target features = host.*
145_leroy_formalising_the_strategy_object.md	*The consequence holds for: W = 6; F in {0, 3}; signedness = signed; overflow = saturating; rounding = truncate toward zero; cost coordinates = 3 with two committed synthetic tables; selector = linear; weight grid resolution = 1/24; inputs exhaustive over the declared range; container width = declared width; threads = 1; target features = host.* (`144` F144-15.)
146_leroy_the_canon_candidate_for_the_strategy_object.md	*The closure asymmetry holds for: the assignment set of rounding, overflow and intermediate positions as swept in this topic; threads = 1. **Argument kind: derivation from I8 and I9**, one expert (`140` section 2), carried forward unchallenged.*
146_leroy_the_canon_candidate_for_the_strategy_object.md	*holds for: W = 4; F in {0, 1, 2}; signedness in {unsigned, signed}; assignment set = rounding {floor, toward zero} x overflow {wrap, saturate both, saturate high only} x intermediate {stepwise, exact}; observation sets = every subset of {add, subtract, multiply, multiply-add, multiply-subtract}; inputs exhaustive over the declared range; container width = declared width; overflow limit read at the declared width; threads = 1; target features = host (aarch64-apple-darwin, rustc 1.98.0-nightly 57d06900f).*
146_leroy_the_canon_candidate_for_the_strategy_object.md	*The monotonicity holds for: assignment sets and observation sets as in 5.2, plus `141`'s and `143`'s own axis sets; W in {3, 4}; F in {0, 1, 2}; signedness in {unsigned, signed}; threads = 1; target features = host. **Argument kind: theorem**, checked over 2532 subset pairs with zero violations by `141` and over 540 by `143`, the latter with an anti-monotone control firing at 28.*
146_leroy_the_canon_candidate_for_the_strategy_object.md	*The biconditional holds for: W = 4; F in {0, 1, 2}; signedness in {unsigned, signed}; assignments = rounding {toward zero, floor} x overflow {wrap, saturate both, saturate high only} x intermediate {stepwise, exact} x a dead axis with two identical positions; observation sets = {add, sub, mul}, {madd}, {mul, madd}, {add, sub, mul, madd, msub}; inputs exhaustive; container width = declared width; overflow limit read at the declared width; accumulator width = unbounded; threads = 1; target features = host. **Argument kind: exhaustive enumeration**, 96 cells with no exceptions (`144` F144-16), with the dead axis as the control that must never move a count.*
146_leroy_the_canon_candidate_for_the_strategy_object.md	*The saturation holds for: the same assignment set at W = 4; F in {0, 1, 2}; signedness in {unsigned, signed}; observation sets = six nested subsets of the five operations; threads = 1; target features = host. **Argument kind: theorem plus enumeration**, 432 ordered triples with zero violations and a control firing at 55 instances where enlarging the observation set makes an axis visible (`145` `z1`).*
146_leroy_the_canon_candidate_for_the_strategy_object.md	*The consequence holds for: numeral fixed-point signed; W = 6; F in {0, 3}; overflow = saturating; rounding = truncate toward zero; conforming pair = two routes to one multiply; non-conforming pair = fused and stepwise multiply-add; cost coordinates = 3 with two committed synthetic tables; selector = linear; weight grid resolution = 1/24; inputs exhaustive over the declared range; container width = declared width; threads = 1; target features = host. **Argument kind: exhaustive enumeration with both controls firing** (`144` F144-15): zero at weights where the selection agrees, zero on identical targets.*
146_leroy_the_canon_candidate_for_the_strategy_object.md	*The enforceability condition holds for: W = 4; F in {0, 1, 2}; signedness in {unsigned, signed}; assignment set = rounding {floor, toward zero} x overflow {wrap, saturating} x intermediate {stepwise, exact}; arm set = {fused by widening, fused by partial products, stepwise by shift, stepwise by partial products} and a control arm rounding off the axis; operation = multiply-add; arity = 3; inputs exhaustive; container width = declared width; threads = 1; target features = host. **Argument kind: closure with a firing control** (`145_probes/z3`).*
146_leroy_the_canon_candidate_for_the_strategy_object.md	*holds for: W = 6; F in {0, 1, 2, 3, 4, 5}; signedness = unsigned; overflow in {wrap, saturating}; rounding in {floor, ceiling, toward zero, away from zero, nearest-half-up, nearest-half-even}; operation = multiply-add; arity = 3; chain length = 2; container width = declared width; threads = 1; target features = host.*
146_leroy_the_canon_candidate_for_the_strategy_object.md	*and holds for: W = 6; F in {0, 1, 2, 3, 4, 5}; signedness = signed; overflow = wrap; rounding in {floor, ceiling, nearest-half-up}; operation = multiply-add; arity = 3; chain length = 2; container width = declared width; threads = 1; target features = host. **Argument kind: closure for the unsigned half and equivariance for the signed wrapping half** (`142` F142-3 on `141` F3's absorption).*
146_leroy_the_canon_candidate_for_the_strategy_object.md	*holds for: W in {4, 6}; F in {0 .. W-1}; signedness in {unsigned, signed}; overflow in {wrap, saturating}; rounding = truncate toward zero; operation = multiply-add; arity = 3; chain length = 2; container width = declared width; threads = 1; target features = host. **Argument kind: extensional identity**, established twice, `141` F7 by building both arms and `142` F142-1 from `139`'s own two committed probes, over 6,356,992 triples with a cross-pairing control at 757,954 differences.*
146_leroy_the_canon_candidate_for_the_strategy_object.md	*holds for: W = 4; F in {0, 1, 2}; operations in {add, subtract, multiply}; overflow in {wrap, saturating}; rounding in {toward zero, floor}; overflow limit read at the declared width; threads = 1. **Argument kind: exhaustive enumeration, three instruments**, and this predicate is the intersection of what the three ranged over rather than the union, per 1.6.*
146_leroy_the_canon_candidate_for_the_strategy_object.md	*holds for: W = 4; F in {0, 1, 2}; signedness in {unsigned, signed}; overflow in {wrap, saturating}; rounding in {toward zero, floor}; accumulator width varied above the declared width; threads = 1; target features = host. **Argument kind: exhaustive enumeration, three instruments**, intersection per 1.6.*
146_leroy_the_canon_candidate_for_the_strategy_object.md	*The schedule dimension holds for: signedness = signed; W = 4; F = 1; overflow = saturating; accumulator width in {W, W+1, W+2, 2W}; fold length = 3; operation = multiply-accumulate fold; multiplier schedules {[1,-1,2], [2,-1,1]}; rounding = floor; domain = every sequence over the declared range; threads = 1; target features = host. **Argument kind: bounded to the sweep**, two schedules (`142` F142-6).*
146_leroy_the_canon_candidate_for_the_strategy_object.md	*The limit holds for: cost tables drawn uniformly from integers 1..20; arms in {4, 6, 8}; cost coordinates in {2, 3, 4}; 120 tables per cell; no exact duplicate arms; decision procedure = exact vertex enumeration over rationals; threads = 1; target features = host. **Argument kind: exact certificate over a continuum**, decided rather than swept.*
146_leroy_the_canon_candidate_for_the_strategy_object.md	*The reachability of every non-dominated arm holds for: the same population; reference point = componentwise minimum minus one; certificate weight proportional to the reciprocal deviation; augmentation coefficient = 1/1000; threads = 1; target features = host. **Argument kind: construction with a per-arm certificate**, 3667 of 3667, with zero dominated arms certified.*
146_leroy_the_canon_candidate_for_the_strategy_object.md	*The dead-coordinate result holds for: arms = 4; cost coordinates in {2, 3} with the third constant across arms; selector = linear; decision procedure = exact vertex enumeration; threads = 1; target features = host. **Argument kind: exact certificate.***
146_leroy_the_canon_candidate_for_the_strategy_object.md	*The arm regret holds for: cost tables drawn uniformly from integers 1..60; arms = 7; cost coordinates = 3; 200 independent target pairs; selector = linear; weight grid resolution = 1/40 sampled every seventh point; threads = 1; target features = host. **Argument kind: enumeration over a drawn population**, with the identical-target control at exactly zero (`144` F144-11).*
146_leroy_the_canon_candidate_for_the_strategy_object.md	*The scalar placement holds for: cost coordinates any; arms any; weights any positive; baseline any arm with positive weighted cost; threads = 1. **Argument kind: order-preservation theorem**, which is why this predicate lists no width, no population and no resolution.*
146_leroy_the_canon_candidate_for_the_strategy_object.md	*The per-coordinate identity holds for: cost coordinates = 3; arms = 7; cost tables drawn uniformly from integers 1..60; weight grid resolution = 1/12 on the 2-simplex; baseline any arm with positive coordinates; threads = 1; target features = host. **Argument kind: algebraic identity**, checked at 5460 pairs with zero disagreements (`145` `z5` E2).*
146_leroy_the_canon_candidate_for_the_strategy_object.md	*The no-op condition holds for: baseline uniform across coordinates; cost coordinates = 3; arms = 7; threads = 1. **Argument kind: sufficiency by algebra and necessity by witness**, every non-uniform baseline tried moving a selection on the first arm set drawn.*
147_muratori_signature_in_part_one_clause_is_false.md	> *holds for: W = 4; F in {0, 1, 2}; signedness in {unsigned, signed}; overflow in {wrap, saturating}; > rounding in {toward zero, floor}; accumulator width varied above the declared width; threads = 1; > target features = host. **Argument kind: exhaustive enumeration, three instruments**, intersection per > 1.6.*
147_muratori_signature_in_part_one_clause_is_false.md	``` holds for: numeral fixed-point, W = 4, accumulator width in {W, W+1, W+2, 2W},            signedness in {unsigned, signed}, overflow in {wrap, saturating},            fold length n in {1, 2, 3, 4}, operation = sum fold, ... ```
147_muratori_signature_in_part_one_clause_is_false.md	``` holds for: numeral fixed-point unsigned, W = 6, F in {0, 1, 2, 3, 4, 5},            overflow in {wrap, saturating},            rounding in {floor, ceiling, toward zero, away from zero,                         nearest-half-up, nearest-half-even},            operation = multiply-add, arity = 3, chain length = 2,            container width = declared width, inputs exhaustive over the declared range,            threads = 1,            target features = host (aarch64-apple-darwin, rustc 1.98.0-nightly 57d06900f) ```
147_muratori_signature_in_part_one_clause_is_false.md	``` holds for: numeral fixed-point unsigned, W = 6, F in {0, 1, 2, 3, 4, 5},            overflow in {wrap, saturate one-sided, saturate two-sided with the low bound at 8 of 0..63},            rounding = floor,            operation = multiply-add, arity = 3, chain length = 2,            container width = declared width, inputs exhaustive over the declared range,            threads = 1,            target features = host (aarch64-apple-darwin, rustc 1.98.0-nightly 57d06900f) ```
149_lamport_signature_in_part_on_the_strategy_object.md	> *holds for: W = 6; F in {0, 1, 2, 3, 4, 5}; signedness = unsigned; overflow in {wrap, saturating}; > rounding in {floor, ceiling, toward zero, away from zero, nearest-half-up, nearest-half-even}; ...*
149_lamport_signature_in_part_on_the_strategy_object.md	``` holds for: numeral fixed-point, W = 6, F in {0, 1, 2, 3, 4, 5},            signedness in {unsigned, signed}, overflow = wrap,            rounding in {floor, ceiling, toward zero, away from zero,              nearest-half-up, nearest-half-even},            operation = multiply-add, arity = 3, chain length = 2,            container width = declared width,            threads = 1,            target features = host (aarch64-apple-darwin, rustc 1.98.0-nightly 57d06900f) ```
149_lamport_signature_in_part_on_the_strategy_object.md	``` holds for: numeral fixed-point, W = 6, F in {0, 1, 2, 3, 4, 5},            signedness = unsigned, overflow in {wrap, saturating},            rounding in {floor, ceiling, toward zero, away from zero,              nearest-half-up, nearest-half-even},            operation = multiply-add, arity = 3, chain length = 2,            container width = declared width,            threads = 1,            target features = host (aarch64-apple-darwin, rustc 1.98.0-nightly 57d06900f) ```
149_lamport_signature_in_part_on_the_strategy_object.md	``` holds for: numeral fixed-point, W = 4, F in {0, 1},            signedness in {unsigned, signed}, overflow in {wrap, saturating},            accumulator width in {W, W + 2}, fold length = 3,            operations {multiply-add, sum fold},            arity in {3}, chain length in {1, 2, 3},            container width = declared width,            threads = 1,            target features = host (aarch64-apple-darwin, rustc 1.98.0-nightly 57d06900f) ```
149_lamport_signature_in_part_on_the_strategy_object.md	``` holds for: numeral fixed-point, W = 6, F in {0, 1, 2, 3, 4, 5},            signedness in {unsigned, signed}, overflow in {wrap, saturating},            rounding in {truncate toward zero, floor},            operation = multiply, arity = 2,            container width = declared width,            threads = 1,            target features = host (aarch64-apple-darwin, rustc 1.98.0-nightly 57d06900f) ```
150_fog_signature_in_part_on_the_strategy_object.md	``` holds for: cost tables drawn uniformly from integers 1..60,            arms = 7, cost coordinates = 3,            rescale factors drawn uniformly from integers 1..8,            40 shared draws across all four cells, selector = linear,            weight grid resolution = 1/12 on the 2-simplex,            units in {absolute, baseline-relative},            baseline provenance in {fixed once, re-measured per target},            threads = 1,            target features = host (aarch64-apple-darwin, rustc 1.98.0-nightly 57d06900f) ```
150_fog_signature_in_part_on_the_strategy_object.md	``` holds for: cost tables drawn uniformly from integers 1..60,            arms = 7, cost coordinates = 3, baseline drawn uniformly among the arms,            weight grid resolution = 1/12 on the 2-simplex,            threads = 1,            target features = host ```
150_fog_signature_in_part_on_the_strategy_object.md	``` holds for: the committed CSVs under mock/benches/ as of this file,            35 bench families with at least 3 size points and at least 4 shared variants,            cost vector = median algo_ns per size point,            gate multiplier k in {0, 0.05, 0.1, 0.25, 0.5, 1.0, 2.0} on the interquartile range,            non-dominance readings in {earned, escaped-conservative, escaped-symmetric},            threads as the harness ran them,            target features = host (aarch64-apple-darwin) ```
150_fog_signature_in_part_on_the_strategy_object.md	``` holds for: as F150-3, at k = 0.5 ```
150_fog_signature_in_part_on_the_strategy_object.md	``` holds for: as F150-3, at k = 0.5,            unreachability test = not strictly selectable on the medians and not              selectable at the optimistic half-band edge,            decision procedure = exact phase-one separation over rationals ```
150_fog_signature_in_part_on_the_strategy_object.md	``` holds for: numeral fixed-point, W = 6, F in {0, 1, 2, 3},            signedness in {unsigned, signed}, overflow in {wrap, saturating},            rounding in {floor, truncate toward zero},            arms = {fused by widening, fused by partial products,                    stepwise by shift, stepwise by partial products},            operation = multiply-add, arity = 3, chain length = 2,            inputs exhaustive over the declared range,            container width = declared width,            threads = 1,            target features = host ```
150_fog_signature_in_part_on_the_strategy_object.md	``` holds for: the rows of 144_probes/p7_out.txt, namely            numeral fixed-point, W = 4, F in {0, 1, 2}, signedness in {unsigned, signed},            assignments = rounding {toward zero, floor}              x overflow {wrap, saturate both, saturate high only}              x intermediate {stepwise, exact} x a dead axis,            observation sets = {add, sub, mul}, {madd}, {mul, madd},              {add, sub, mul, madd, msub},            container width = declared width,            overflow limit read at the declared width,            accumulator width = unbounded,            threads = 1,            target features = host ```
150_fog_signature_in_part_on_the_strategy_object.md	``` holds for: arms = 3 at costs (0,10), (10,0), (6,6) and their three-coordinate embedding              with a third coordinate identically zero,            selector = linear, decision procedure = exact vertex enumeration over rationals,            threads = 1,            target features = host ```
151_leroy_the_candidate_revised_against_four_signatures.md	*holds for: W = 6; F in {0, 1, 2, 3, 4, 5}; signedness in {unsigned, signed}; overflow in {wrap, saturating}; rounding in {floor, ceiling, toward zero, away from zero, nearest-half-up, nearest-half-even}; operation = multiply-add; arity = 3; chain length = 2; container width = declared width; inputs exhaustive over the declared range; threads = 1; target features = host (aarch64-apple-darwin, rustc 1.98.0-nightly 57d06900f). **Argument kind: equivariance**, with the domain restriction as the quantifier, on three independent instruments (`147` F147-1, `149` F149-1, `151_probes/v1`).*
151_leroy_the_candidate_revised_against_four_signatures.md	*holds for: W = 4; F in {0, 1}; signedness in {unsigned, signed}; overflow in {wrap, saturating}; accumulator width in {W, W + 2}; fold length = 3; operations {multiply-add, sum fold}; arity = 3; chain length in {1, 2, 3}; container width = declared width; threads = 1; target features = host. **Argument kind: closure with a mutation control**, one expert (`149` F149-3).*
154_kiselyov_the_primitive_derived_cold.md	`holds for:` this derivation is over the intents rather than over a measurement, and the measurement supporting its middle step holds for W in {13, 47}, container = u64, arity 1, target features = baseline aarch64-apple-darwin, opt-level = 3, threads = 1, F = 0.
157_lamport_the_primitive_attacked.md	`holds for:` the timing figures hold at `profile = release, threads = 1 and default, host = aarch64-apple-darwin four performance cores, crate = bitpack-write-contend-shared, toolchain = the committed pin`. The source readings hold at `commit = db6710b1`.
160_leroy_formalising_the_primitive.md	**F160-2. The lens degenerates to a value on sole occupancy of the carrier allocation, not on position zero; an out-of-carrier focus is refused at compile time naming the instantiation.** `holds for: W = 13, carrier in {u16 sole-occupant, u64 shared}, offset in {0, 13}, F = 0, signedness = unsigned, toolchain = nightly-2026-05-28, edition 2021, opt-level = 3, threads = 1 for the run; the compile-time refusal is what rustc accepts and carries threads any on that argument; target features any for the size_of facts (sizes are ABI, not instruction selection)`. The discriminator itself is an argument over the language's addressing model, holding wherever allocations are byte-addressed; the probe is its instance at one width. Evidence: `160_probes/p2_lens_degeneracy/`.
160_leroy_formalising_the_primitive.md	**F160-1. A witness-only completeness certificate cannot distinguish a refinement pair from a spurious pair, and the two-branch certificate (witness, or weakening in exactly one direction) classifies declared-semantics, refinement and spurious pairs correctly, at const time, with the spurious case a compile failure.** `holds for: model W = 6 for the direction count (exhaustive over the extents), W in 1..=64 for the closed-form witness (the whole domain of the u64 model; Q65's third state, and I use the reading "exhaustive over the container's domain" rather than any), F = 0, signedness = unsigned, overflow policy in {sat, wrap}, refinement = one-sided [0, b], operation = add, arity = 2, term depth = 1 for the commuting check, toolchain = nightly-2026-05-28, edition 2021; the verdicts are what rustc accepts and carry threads any and target features any on the exact-arithmetic argument`. Evidence: `160_probes/p1_two_branch_certificate/`. The conflation half is structural (shared `R` admits no witness, argument); the classification half is the sweep.
160_leroy_formalising_the_primitive.md	**F160-3. Weakening a declared bound on a bitpacked column is the identity on representation and address, and tightening is a compile-time refusal naming the instantiation.** `holds for: W = 13, N = 64 elements, container = [u64], declared bound one-sided [0, b] with b in {100, 200}, F = 0, signedness = unsigned, toolchain = nightly-2026-05-28, edition 2021, opt-level = 3, target = aarch64-apple-darwin host default, threads = 1 for the run; the refusal is what rustc accepts and carries threads any on that argument`. Evidence: `160_probes/p3_packed_weakening/`.
167_rompf_the_chain_derived_cold.md	`holds for: profile = release, threads = 1 for bitpack-write-contend-shared and default for the other twelve, host = this machine, toolchain = the committed pin`
167_rompf_the_chain_derived_cold.md	`holds for: F = 12, I = 3 including sign, n in {1 .. 2^20}, operands uniform in [-4,4), signedness = signed, rounding in {floor, nearest}, threads = 1, profile = rustc -O`
167_rompf_the_chain_derived_cold.md	`holds for: container = 64 bits, I = 3 including sign, F in {8,16,20,24,26}, n in {2^10, 2^14, 2^18}, operands non-cancelling, rounding = floor, signedness = signed, threads = 1`
167_rompf_the_chain_derived_cold.md	`holds for: F in {6, 8, 10}, M in [F, 2F], rounding = nearest-ties-to-even, operation = fixed-point multiply, unsigned, threads = 1`
167_rompf_the_chain_derived_cold.md	`holds for: W in {4, 6, 8}, unsigned, F = W/2 for the fixed-multiply rows, arity 3, threads = 1, the twelve operators listed`
167_rompf_the_chain_derived_cold.md	`holds for: the five chain shapes and width rules stated in the source, threads = 1`
167_rompf_the_chain_derived_cold.md	`holds for: fixed rows F = 12, I = 3, n in {16 .. 65536}, operands uniform in [-4,4), truncation = floor, signedness = signed, tree arity = 2, threads = 1. relative-precision rows: f32, operands uniform in [0,1), all positive, so catastrophic cancellation is absent by construction and the tree's advantage is not claimed for mixed-sign data.`
167_rompf_the_chain_derived_cold.md	- **Per-operation correct rounding does not compose.** `holds for: F in {6, 8, 10}, M in [F, 2F], rounding   = nearest-ties-to-even, operation = fixed-point multiply, signedness = unsigned, family = fixed point,   threads = 1` - **Association licence, the twelve-operator partition.** `holds for: W in {4, 6, 8}, arity = 3, signedness   = unsigned, F = W/2 for the fixed-multiply rows, family = fixed point, threads = 1` - **Backward narrowing licence.** `holds for: W = 12, K = 6, chain length = 3, signedness = unsigned,   family = fixed point, threads = 1` - **The residual recovers the one-rounding guarantee.** `holds for: F = 12, I = 3 including sign, n in   {1 .. 2^20}, operands uniform in [-4,4), signedness = signed, family = fixed point, rounding in {floor,   nearest}, threads = 1, profile = rustc -O` - **The residual fits where the widened accumulator does not.** `holds for: container = 64 bits, I = 3   including sign, F in {8,16,20,24,26}, n in {2^10, 2^14, 2^18}, operands non-cancelling, rounding =   floor, signedness = signed, family = fixed point, threads = 1` - **Forward-only width assignment over-provisions.** `holds for: the five chain shapes and width rules in   the probe source, family = fixed point, threads = 1` - **Association order has zero accuracy content in fixed point.** `holds for: F = 12, I = 3, n in {16 ..   65536}, operands uniform in [-4,4), truncation = floor, signedness = signed, tree arity = 2, family =   fixed point, threads = 1` - **The tree beats sequential in relative precision.** `holds for: f32, n in {16 .. 65536}, operands   uniform in [0,1) all positive, family = relative precision, threads = 1` - **The reassociation win ranges 1.1x to 178x governed by region length.** `holds for: L in {8 .. 4096},   operator = saturating add, element width = 8 bits, signedness = unsigned, column = 32768 elements   aligned, host = Apple M1 with NEON, profile = release, threads = 1, family = fixed point` - **The bounds proof alone accounts for at most 1.30x of that.** Same predicate. - **The arm cliff at L = 16.** Same predicate, and it is a claim about `target features = NEON` in   particular rather than about target features any.
169_kiselyov_the_chain_attacked.md	`holds for: the two files as committed at this branch, headings extracted by the pattern in p1_heading_identity.sh, threads any, target features any.`
169_kiselyov_the_chain_attacked.md	`holds for: the rule set as 157 measured it, the three named files at this branch, threads any, target features any.`
169_kiselyov_the_chain_attacked.md	`holds for: W = 8, F = 0, unsigned, resolution in {round-to-nearest at grid 2^3, clamp, truncate to 2^3}, depth in 2..=5, ops in {+97, *3, *5, >>1, >>2, xor 182, saturating -127}, the 3000 chains 168's seed generates, inputs exhaustive over 0..=255, all 2^n placements per chain, threads = 1.`
169_kiselyov_the_chain_attacked.md	`holds for: W = 8, F = 0, unsigned, resolution = clamp onto [0, 2^8), the six constructions listed, inputs exhaustive over 0..=255, carrier widths 8..=32, threads = 1.`
169_kiselyov_the_chain_attacked.md	`holds for: F in 4..=10 enumerated here, M in [F, 2F], rounding = nearest-ties-to-even at both roundings, operation = fixed-point multiply, unsigned, operands exhaustive over [0, 2^F), threads = 1. The argument half holds for F any.`
170_mcsherry_reply.md	`holds for: W = 8, F = 0, unsigned, resolution in {round-to-nearest at 2^3 and 2^5, clamp} positive and {truncate at 2^3 and 2^5, wrap} control, depth in 2..=5, ops as listed in q1, 3000 chains, inputs exhaustive over 0..=255, all placements, threads = 1.`
170_mcsherry_reply.md	`holds for: the rule set as 157 measured it, the three named files at this branch, threads any, target features any.`
170_mcsherry_reply.md	`holds for: W = 8, F = 0, unsigned, resolution = nearest-point onto [0, 2^8), two constructions as listed, carrier widths 8..=33, inputs exhaustive over 0..=255, threads = 1.`
171_rompf_reply.md	`holds for: profile = release, threads = 1 for bitpack-write-contend-shared and default for the other twelve, host = one Apple M1, toolchain = the committed pin.`
171_rompf_reply.md	`holds for: rustc 1.98.0-nightly (57d06900f), edition 2024, aarch64-apple-darwin, debug-assertions = off, i32 and i64 carriers, the operation (a+b)-c, threads = 1`
171_rompf_reply.md	`holds for: rustc 1.98.0-nightly (57d06900f), edition 2024, aarch64-apple-darwin, i32 container, the operation (a+b)-c, opt-level in {0, 3}, debug-assertions in {on, off}, threads = 1`
171_rompf_reply.md	`holds for: the three files as committed at this branch, the patterns in the probe source, threads any`
171_rompf_reply.md	`holds for: the argument half, F any, M in [F, 2F), rounding = nearest-ties-to-even at both roundings, operation = fixed-point multiply, signedness = unsigned, threads = 1. The enumerated half stays at F in {6, 8, 10} where 167 recorded it and F in 4..=10 where 169 extended it.`
171_rompf_reply.md	`holds for: F in 4..=10, M = 2F-1, rounding = nearest-ties-to-even at both roundings, operation = fixed-point multiply, signedness = unsigned, operands exhaustive over [0, 2^F), threads = 1`
172_leroy_formalising_the_chain.md	`holds for: (argument half) any program in the language under I14's bans, threads any; (measured premise) rustc 1.98.0-nightly (57d06900f), editions 2021 and 2024, aarch64-apple-darwin, debug-assertions = off, total operation alphabet {+, wrapping -, *}, carriers i32/i64, channels = the six enumerated in 171_probes/channels/, threads = 1.` The two halves carry two predicates, per the argument/enumeration split `171` 5.1 named as a class.
172_leroy_formalising_the_chain.md	`holds for: rustc 1.98.0-nightly (57d06900f), edition 2021, aarch64-apple-darwin, opt-level = 3, debug-assertions = off, alphabet {+, -, /} with the divisor interior for the partial arm and input for the control, carriers i32 narrow and i64 wide, threads = 1. The clause itself is an argument over the language's definedness rules and carries: partial operations in {div, rem}, profile any, threads any.`
172_leroy_formalising_the_chain.md	`holds for: (theorem) S any nonempty finite set, pi any fixed nearest-point selection, chains any composition of total steps, placements any, inputs any, F any, W any, family any, threads any; an argument, marked as such per Q65's open distinction. (confirmation runs) the predicates already recorded at 168 7.1, 169 2, 170 3, and this probe's header.`
172_leroy_formalising_the_chain.md	`holds for: F >= 3 any (constructive witnesses, verified at F in 3..=12 and exhaustively at F in 3..=6), M any with F < M < 2F, rounding = nearest-ties-even at both roundings, operation = fixed-point multiply, signedness = unsigned, threads any; the theorem half is an argument, the verification runs carry the enumerations named. F in {1, 2} have empty or degenerate interior ranges and are outside the claim.`
174_mcsherry_signature_in_part.md	`holds for: W = 8, unsigned, container u8 against u32, operations {*3, +97}, inputs exhaustive over 0..=255, rustc 1.98.0-nightly (57d06900f), opt-level = 1, debug-assertions in {on, off}, threads = 1.`
174_mcsherry_signature_in_part.md	`holds for: W = 8, S = [0,255], pi = clamp (a nearest-point selection), 600 chains of depth 3..=5, ops in {+97, +13, *3, *5, *7, >>1, >>2, xor 182}, carriers 8..=24 and 120, all 2^(depth-1) placements, inputs exhaustive over 0..=255, threads = 1.`
175_rompf_signature_in_part.md	`holds for: profile = release, threads = 1 for the serialised crate and default for the other twelve, host = one Apple M1, toolchain = the committed pin.`
175_rompf_signature_in_part.md	`holds for: 173 as committed at this branch, the mark vocabulary theorem/measured/enumeration/normative/argument.`
175_rompf_signature_in_part.md	`holds for: rustc 1.98.0-nightly (57d06900f), edition 2024, aarch64-apple-darwin, u32 and u8 containers, inputs 0..4096, opt-level = 3, debug-assertions in {on, off}, threads = 1.`
175_rompf_signature_in_part.md	`holds for: W = 8, resolution = round-to-nearest onto the multiples of 8 with a clamp at 248, ops in {+97, +13, *3, *5, >>1}, chains of depth 3 and 4, all interior placements, inputs exhaustive over 0..=255, threads = 1.`
178_leroy_the_restoration_pass.md	> `174` r1's sweep: an optimum exists in all 663 cells where full deferral is unrealisable; it is > not in general subset-minimal (2396 of the optima are not, and 566 of 663 cells have several, > because placements differing only in dead resolutions induce one boundary function, which is > clause 1 doing its work); and in 17 cells no realisable placement attains `pi(exact)`, worst > shortfall 160 of 256. `holds for: W = 8, S = [0,255], pi = clamp (a nearest-point selection), > 600 chains of depth 3..=5, ops in {+97, +13, *3, *5, *7, >>1, >>2, xor 182}, carriers 8..=24 > and 120, all 2^(depth-1) placements, inputs exhaustive over 0..=255, threads = 1.` The > shortfall count moves with the shape of `S` (`174:384`) and the existence of a shortfall does > not.
182_orchard_porting_the_four_consolidations.md	**`97`'s F-H, restored in `106` section 16** (`106:1350-1358`). A declared non-negative operand window recovers additive associativity, multiplicative associativity and distributivity over addition at `W in {4, 5, 6}`, `F = 0`, signed, saturating, arity 3, values exhaustive, `threads = 1`, target features any. **The consolidation calls this its only positive law result and its cleanest region-scoped arm**, it was a prediction of the criterion made before running, it independently retrodicts an earlier file's result its author had not read, and **it is the single claim in the corpus that most wants to be a gated arm.** The source's own `holds for:` line names the window inline, so it is one of the four usable regions in section 1's count and it is still not writable, because the axis it turns on has no row.
183_rompf_porting_the_five_candidates.md	**The census counts 64 predicate spans and the inventory counts 65 statement clauses, and they are different sets rather than nearly the same one.** The census counts `holds for:` predicate spans, of which topics five and ten contribute zero. The inventory counts statement clauses across all five topics, of which topics five and ten contribute 30. Before I split one clause the two numbers were both 64, and I nearly wrote a sentence that fused them.
188_ringer_entailment_check_on_the_consolidation_port.md	- **The 43 normative rows are the port's largest weakness.** `182` section 8 says so and section 14 item 2 tells   the next reader to start there. It was right and section 7 is the audit it asked for. - **`a_law_layer_answers_whether_a_law_reaches_a_lowering...` is the least defensible label.** `182` section 6.1   names it in those words. **What is new is that it is repairable now** and was not when `182` ran. - **The 18 rows red on missing evidence are a catalogue-red and the fix is `probe.toml`.** `182` section 9 is   right, the table there is buildable from, and the check has since been marked ignored with a reason naming the   unbuilt namespace, which is the correct handling. - **`182`'s section 5.2 self-correction is the most useful thing in the file** and it generalises further than   it claims. Its own words: the panel knows the regions, they are in the instruments, and the compression from   instrument to consolidation is where they were lost. **The measurement of how much: 82 `holds for:` lines   across the 34 member files, every one of them in the strategy topic**, against the 11 the four consolidations   carry. `188_probes/predicated_findings_census.out`, with controls both ways. The other three topics' members   write none, because the notation postdates them, which is why their consolidations have none to lose. - **The `AGREEMENTS.md` near-miss is real.** `182` section 10 flags that six `cross_topic` rows rest on a ledger   whose author opened no member file. My anchor diff shows the same ledger citing 77 distinct targets of which   five reach a row. Both readings point the same way.
188_ringer_entailment_check_on_the_consolidation_port.md	**Verified by running rather than by reading:** the suite and the linter; the twenty declared axes and which of `182`'s four are among them; the anchor set difference with both controls; the citation depth with a shifted control; the 82 member `holds for:` lines with both controls; the census pattern comparison, reproducing `182`'s published table first; the three absence searches with positive controls; the `definition` selection being empty and the relabel not firing; every git history claim in section 8.
201_mcsherry_is_the_bar_met.md	``` holds for: topic = operating_constraints, op rows = 1 at rung in_force, open questions = 0,            unratified proposals = 0 ```
216_lamport_second_read_the_chain_and_the_realisation_map.md	`holds for: nothing. This is a definition and carries no region, per the registry's own convention, and I am not supplying one.`
216_lamport_second_read_the_chain_and_the_realisation_map.md	`holds for: signedness = unsigned, overflow policy = saturate, operation = add, W in 3..=7, L in 2..=8 subject to 2^(W*L) <= 4*10^7, F = 0 measured and scale-invariant across scales {1,2,4,8}, threads = 1, toolchain nightly-2026-05-28, build profile opt level 3.`
216_lamport_second_read_the_chain_and_the_realisation_map.md	`holds for: toolchain nightly-2026-05-28 edition 2021, build profile opt level 3, threads = 1.` My own arm ran on one thread and I decline to carry the row's `threads any`, which its own note says is argued rather than swept.
216_lamport_second_read_the_chain_and_the_realisation_map.md	`holds for: toolchain rustc 1.98.0-nightly (57d06900f 2026-05-27) edition 2021, build profile no feature gates, threads = 1.`
216_lamport_second_read_the_chain_and_the_realisation_map.md	`holds for: nothing I established. The elementary counting I did (a product of n operands at fraction width F has nF fraction bits, checked in p1's N4 at F in 0..=3 and n = 3) supports the guard formula and not the cost comparison, and the cost comparison is the row's contribution.`
216_lamport_second_read_the_chain_and_the_realisation_map.md	`holds for: operation = add, arity = 2, and W any, established by counting rather than by measurement: n operands of unsigned width W have maximum sum n(2^W - 1), which needs W + ceil(log2 n) bits and no fewer, the bound being attained by the all-maximum vector. The multiplicative half I did not establish and do not carry.`
216_lamport_second_read_the_chain_and_the_realisation_map.md	`holds for: signedness = signed, overflow policy = saturate, operation = add, F = 0, W in 3..=7, L in 2..=8 subject to 2^(W*L) <= 4*10^7, threads = 1, toolchain nightly-2026-05-28, build profile opt level 3. Refuted at signedness = signed, W = 3, L = 9, exhaustively.`
216_lamport_second_read_the_chain_and_the_realisation_map.md	`holds for: nothing I established. I did not build the arity sweep and I am not carrying the row's measurement.`
216_lamport_second_read_the_chain_and_the_realisation_map.md	`holds for: nothing. I did not reproduce the type-equality result and have no instrument here.`
216_lamport_second_read_the_chain_and_the_realisation_map.md	`holds for: toolchain rustc 1.98.0-nightly (57d06900f 2026-05-27) edition 2021, build profile no feature gates, threads = 1, on the four carrier shapes in p4_arms and no others.`
216_lamport_second_read_the_chain_and_the_realisation_map.md	`holds for: nothing. I established nothing about this row.`
216_lamport_second_read_the_chain_and_the_realisation_map.md	`holds for: nothing measured by me. I constructed the intended counterexample, found it changes the adaptation rather than the container, and withdrew it; that is a reason to believe the row and not a measurement of it.`
216_lamport_second_read_the_chain_and_the_realisation_map.md	`holds for: nothing. This is normative and carries no region, correctly.`
216_lamport_second_read_the_chain_and_the_realisation_map.md	`holds for: nothing. This is normative and carries no region, correctly.`
219_kiselyov_the_marker_spelling.md	``` the corrected universal and multi-binding counts, the theorem table, the parameterised-domain counts:   holds for: mock/registry/*.toml at 14d0bbab, all 12 files, all 3 predicate-bearing              fields, 527 entries, threads = 1 the 21-of-30 vacuity result:   holds for: mock/checks at 14d0bbab, all 30 finding-returning arms, empty input              against the committed canon for the 25 registry arms and against the              panel directory for the 5 directory arms, rustc 1.98.0-nightly              (57d06900f), edition 2024, threads = 1 ```
220_orchard_the_marker_spelling.md	``` the 527-entry census, the delimiter measurement, the zero-reparse result:   holds for: mock/registry/*.toml at 14d0bbab, all 12 files, all 3 predicate-bearing              fields (proposal.predicate, law.holds, law.fails), 527 entries, threads = 1 the eight theorem rows and their width spans:   holds for: mock/registry/*.toml at 14d0bbab, sentence_kind = theorem, namespace = proposal,              8 of 8 rows, threads = 1 the empty-registry vacuity:   holds for: mock/checks at 14d0bbab, 8 of the crate's 30 finding-returning arms, rustc              1.98.0-nightly (57d06900f), edition 2024, threads = 1 ```
220_orchard_the_marker_spelling.md	``` the 41 universals, 28 mixed rows, 0 dirty slugs, 35 range entries, 7 parameterised bounds, 80 `construction` fields, 31 universal-bearing rows of which 11 have no outbound edge:   holds for: mock/registry/*.toml at 14d0bbab, all 12 files, all 3 predicate-bearing              fields, 527 entries, read through arvo_checks, threads = 1 the threads-axis grammar conformance, 19 of 36:   holds for: mock/registry/*.toml at 14d0bbab, axis = threads only, 36 entries, threads = 1 the two-dialect count, 139 of 527:   holds for: mock/registry/*.toml at 14d0bbab, all 12 files, 527 entries, threads = 1 ```
221_dolan_the_numeric_fundamentals.md	``` holds for: radix: radix in {2, 3, 4, 10}: swept            precision: P in 1..=5 radix-r digits: swept            signedness: signedness in {unsigned, signed}: exhaustive, the three              sign domains are the whole of the sign axis the record's family              table names            fraction_width: 0            ambient_domain: the integers            threads: 1            toolchain: rustc = nightly-2026-05-28, edition = 2021            build_profile: opt level = 3 ```
221_dolan_the_numeric_fundamentals.md	``` holds for: radix: 2            fraction_width: F in 0..=4: swept, steps 2^0 down to 2^-4            signedness: signed: construction, every point in the catalogue is              symmetric about zero, so no unsigned point was measured            ambient_domain: the rationals            shape kinds: constant quantum and exponential quantum: exhaustive,              all 1081 unordered pairs of the 47 denotationally distinct points            threads: 1            toolchain: rustc = nightly-2026-05-28, edition = 2021            build_profile: opt level = 3 ```
221_dolan_the_numeric_fundamentals.md	``` holds for: total_width: W = 9            fraction_width: F = 4            signedness: signedness = signed            rounding: rounding = round to nearest even            radix: radix = 2            threads: threads = 1 ```
221_dolan_the_numeric_fundamentals.md	``` holds for: radix: 2            precision: P in 1..=5 radix-2 digits: swept            signedness: signedness in {unsigned, symmetric, asymmetric}: exhaustive,              the three sign domains the corpus names, under the sign-magnitude              reading of "symmetric", which is the only one that exists at radix 2            fraction_width: 0            ambient_domain: the integers            threads: 1            toolchain: rustc = nightly-2026-05-28, edition = 2021            build_profile: opt level = 3 ```
222_kiselyov_the_numeric_fundamentals.md	``` holds for: fraction_width: F any: construction, the per-rounding error is defined              in units of the quantum and the fraction width is what sets the              quantum, so no fraction width can appear in the expression              k*m - n*j that the whole result is about            chain_length: chain length in 1..=10: exhaustive, every chain length in              the band, at every attainable residue, at four values of the dropped-bit              count            rounding: rounding = stochastic            radix: radix = 2            threads: threads = 1            toolchain: rustc = 1.98.0-nightly (57d06900f 2026-05-27)            toolchain: edition = 2024            build_profile: debug-assertions = off evidence:  222_probes/a1_the_variance_forms_across_fraction_widths.rs, Part 3,            which varies the coarse fraction width over six values and reports the            ulp-unit variance identical at all six ```
222_kiselyov_the_numeric_fundamentals.md	``` holds for: access_pattern: access pattern = sequential            rounding: rounding = stochastic            radix: radix = 2            threads: threads = 1            toolchain: rustc = 1.98.0-nightly (57d06900f 2026-05-27)            toolchain: edition = 2024            build_profile: debug-assertions = off ```
222_kiselyov_the_numeric_fundamentals.md	``` holds for: integer_width: I = 13            fraction_width: F = 0            signedness: signedness = unsigned            container: container in {u16, u32}            operation: operation in {encode, wrap_add, sat_add, wrap_mul, sat_mul, xor}            arity: arity in {1, 2}            alignment: alignment = aligned            threads: threads = 1            toolchain: rustc = 1.98.0-nightly (57d06900f 2026-05-27)            toolchain: edition = 2024            build_profile: debug-assertions = off ```
222_kiselyov_the_numeric_fundamentals.md	``` holds for: radix: radix = 2            signedness: signedness in {unsigned, twos_complement, symmetric}: exhaustive,              the three sign domains the corpus names, which is the whole of the axis              as the corpus states it ```
225_peyton_jones_the_container_premise.md	> holds for: W in 2..=31: swept, exhaustive at W in 2..=10 over all pairs; > C = 32; signedness = unsigned; operation = mul; arity = 2; > overflow policy = wrap; F = 0; rounding = exact; threads = 1; > rustc = 1.98.0-nightly (57d06900f), edition = default
225_peyton_jones_the_container_premise.md	> holds for: F_src in 3..=8: exhaustive; F_mid in 1..F_src; F_dst in 0..F_mid; > signedness = unsigned; rounding = half_up; operation = quantise; arity = 1; > threads = 1; rustc = 1.98.0-nightly (57d06900f), edition = default
225_peyton_jones_the_container_premise.md	> holds for: W = 13; container in {u16, u32}; rustc = 1.98.0-nightly > (57d06900f), edition = 2024. Compile-time facts; no threads axis is listed > because the claims hold only where threads do not exist, which for a > compile-time fact is exactly right under the omission rule.
225_peyton_jones_the_container_premise.md	1. **Arithmetic behaviour is stated over the declared width** (imposed;    derived from `ruling::the_format_spine_is_canon`, ratified). Holds    wherever the format spine holds, which is the format concept itself; the    carve-out is an arm taking the I5 licence, `S = Hot`, priced and provable,    per `ruling::hot_may_sacrifice_soundness_for_a_proven_meaningful_gain`. 2. **Declared-width wrap and container wrap are different arithmetics**    (measured, probe 1). holds for: W in 2..=31, C = 32,    signedness = unsigned, operation = mul, arity = 2, overflow policy = wrap,    F = 0, rounding = exact, threads = 1, rustc = 1.98.0-nightly (57d06900f).    Exhaustive at W in 2..=10; sampled at 40,000 pairs per width above. They    agree at W = 1 and at W = C, both measured. 3. **Rounding through a wider intermediate diverges from direct rounding**    (measured, probe 2). holds for: F_src in 3..=8 exhaustive,    F_dst < F_mid < F_src, signedness = unsigned, rounding = half_up,    operation = quantise, arity = 1, threads = 1, same toolchain. All 83    cells carry witnesses; the exact-intermediate control carries none. 4. **A standalone type's footprint is const-observable and two carriers are    two types** (measured at compile time, probe 3 and its must-fail    companion). holds for: W = 13, container in {u16, u32},    rustc = 1.98.0-nightly (57d06900f), edition = 2024. No threads axis: the    claim holds only where threads do not exist, which is what a compile-time    claim means under the omission rule. 5. **At shared occupancy no per-element footprint value exists** (probe 3,    fact 3, arithmetic). holds for: W = 13, elements = 5,    container = dense bit stream. The general divisibility statement (any W, k    with 8 not dividing kW) is arithmetic and I state it as argued, not swept. 6. **The fork dissolves into per-signature statement** (argued; sections 2    and 3). Its ground is findings 1 to 5 plus the cited ratified rows and    obligations. It is a claim about what the canon forces, not a measurement,    and it is the part of this file that most wants a second independent read.
225_peyton_jones_the_container_premise.md	> holds for: W = 4, F = 1, signedness = signed, overflow policy = saturate, > rounding = floor, operation in {add, sub, mul, madd}, arity in {2, 3}, > chain length in {1, 2}, exhaustive over the representable set, threads = 1, > toolchain in `225_probes/toolchain.txt`. The general monotonicity of > visibility is F150-7's and is cited, not re-established here.
225_peyton_jones_the_container_premise.md	1. **The output count is a consequence of the settled criterion, per    declaration class** (argued; section 10.1's table with each row's cited    ground). Carried facts: the carrier everywhere; the placement exactly at    shared occupancy; the compute carrier exactly where the strategy's declared    semantics reaches chains. The options' shared premise, one count for the    category, is the refused shape. 2. **The shared-occupancy placement is not a function of the carrier**    (measured, probes 4 and 5 arms B and D). holds for: W in 1..=16,    k in 1..=8, container = dense bit stream against minimum rung,    signedness = unsigned, threads = 1. 80 of 128 cells differ; must-fail arm    at W = 13, k = 5 shows 9 against 10. 3. **Two factorings of one realisation map are separated by no declared    signature, and the sweep that decides factoring-versus-assignment exists**    (measured on the model, probe 5 arms A and C). holds for: the model rule,    S in {hot, warm, cold, precise}, W in 1..=256, signedness in    {unsigned, signed}, threads = 1. The claim about the real design's two    spellings is not established here; the instrument shape is, with both    controls firing. The selector-versus-key disagreement is thereby dissolved    as canon and survives as design-tier diagnostics. 4. **Admitting the fused operation separates assignments that are one    denotation under the unfused core** (measured, probe 6). Predicate in    section 11.4. Consequence: the admission contract of 11.4, argued from the    measurement plus the fast-math gap's own condemnation of one-name-two-    semantics. 5. **The operation-set answer's shape is option 3 and its floor is the    standards union** (argued from ratified and stated rows named in 11.2 and    11.3; the fused operation's membership in the floor is IEEE 754's own    requirement read through the alias obligation).
229_dolan_which_of_the_blocking_phrases_are_axes.md	*holds for: this registry at commit `0e71955b`; every count above re-derived from the files rather than quoted from a row. Not a claim about any other corpus.*
229_dolan_which_of_the_blocking_phrases_are_axes.md	*holds for: signedness = signed, W = 8, F = 0, operation = add, overflow policy = saturate, arity = 2, chain length = 8, operand window in {full range, declared non-negative, declared non-positive, [-1, 127]}, threads = 1, toolchain = whatever built `82_probes/p2`. Established as an existence claim (a witness is printed), so the failure carries; the 63.6% rate does not carry past that cell.*
229_dolan_which_of_the_blocking_phrases_are_axes.md	*holds for: this registry at commit `0e71955b`. The warrant-token count is over the four predicate-bearing files named in `canon_rows.rs:120-124` and nothing else. The 7-row figure is a floor over self-reporting rows and is not a census.*
230_kiselyov_are_the_blocking_phrases_axes.md	Against that: **60 files in this panel write a `holds for:` predicate, by 21 distinct personas, carrying 372 predicate paragraphs.** Leroy writes 12 of the 60. `230_probes/wide_census.out` and `230_probes/who_out/paras.tsv` carry both numbers, and `wide_census.sh`'s `W1` arm checks that its extractor reproduces `183_probes/keys.txt` byte-identically first, so the difference between the two readings is a difference in the corpus read rather than in the instrument.
230_kiselyov_are_the_blocking_phrases_axes.md	`occupancy` is the most recent row in `dimension.toml`. It appears in **zero** of the 372 `holds for:` paragraphs in this panel and in **zero** of the 527 predicate entries in the registry (`230_probes/who_writes_it.out`, `230_probes/axis_uptake.out`). It was reached by two seats from opposite directions, from what a derivation's output count does, and its own note says so: *"a region something genuinely moves along, found by measurement rather than posited."*
230_kiselyov_are_the_blocking_phrases_axes.md	**Verdict: not an axis. A category error in three files, and the axis behind it is a different thing:** whether the realisation map is a homomorphism for every operation in the derivation, which `119` calls the *character*. That is a situation a design sits at, claims are true at one value and false at the other, and the corpus states one of its halves in a prose heading rather than in a predicate: `119`'s second predicate is introduced as *"The non-homomorphic half alone"*, and `183_probes/axis_census.out` shows that as a key, `The non-homomorphic half alone holds for: as 119 4.7's second predicate`, which is the extractor faithfully recording that the region lives in the sentence.
78_aaltonen_the_thread_axis.md	``` holds for: W = 13, carrier = u16, access = sequential, threads = 1, 2, 4,            N = 65536, 2097152, host = Apple M1 (4 P-core, 12 MiB shared L2,            ~60 GB/s aggregate sequential read/write bandwidth, per 27:413-417) ```
78_aaltonen_the_thread_axis.md	``` holds for: W = 13, split misaligned to the packing period,            threads = 4, N = 4094 (stress), N = 65534, 2097150 (harness),            host = Apple M1 ```
78_aaltonen_the_thread_axis.md	``` holds for: W = 13, threads = 1 (measured overhead point; only T=1 row ran            all three arms), host = Apple M1 ```
78_aaltonen_the_thread_axis.md	``` holds for: W = 13, split period-aligned, threads = 1, 2, 4,            N = 65536, 2097152, host = Apple M1 ```
78_aaltonen_the_thread_axis.md	``` holds for: carrier = u16, write (not read), access = sequential,            N = 2097152, threads = 1, 2, 4, host = Apple M1 ```
93_orchard_the_strategy_axis_derived_cold.md	**F1. Multiplicative associativity and distributivity hold at F = 0 and fail at F > 0, and the boundary does not move with the overflow policy or the rounding mode.** `holds for: W in 3..8, F in 0..2, signedness = unsigned, overflow in {wrap, saturate}, rounding in {truncate, nearest}, operations {mul, add}, arity 3, threads = 1, target features any` Evidence: `93_probes/p2c_the_boundary_across_widths.out`, `93_probes/p2b_where_the_algebra_actually_varies.out`, exhaustive over every triple, no sampling. `target features any` is claimed because the model computes in exact `u128` integer arithmetic whose semantics rustc fixes independently of the target; that is the transfer argument and it is the only one I am making.
93_orchard_the_strategy_axis_derived_cold.md	**F1a. The F = 0 half extends to any width, by proof rather than by sweep.** `holds for: W any, F = 0, signedness = unsigned, overflow in {wrap, saturate}, operations {mul, add}, arity 3, threads = 1, target features any` At F = 0 the multiply performs no shift, so the operation is the one induced on the quotient of the naturals by collapsing everything at or above the bound. That collapse is a semiring congruence for both reduction mod 2^W and clamping at 2^W - 1, so the quotient is a commutative semiring and inherits every law at any W. The sweep checks the argument; it is not the source of it. **The F > 0 half has no such argument and is claimed only at the pairs swept.**
93_orchard_the_strategy_axis_derived_cold.md	**F2. Additive associativity is insensitive to every axis varied.** `holds for: W in 3..8, F in 0..4, signedness = unsigned, overflow in {wrap, saturate}, rounding in {truncate, nearest}, operation add, arity 3, threads = 1, target features any`
93_orchard_the_strategy_axis_derived_cold.md	**F3. On a flat four-element strategy set, no resolution table exists that loses no intent.** `holds for: strategy set = four members each carrying one demand, demands = 4, resolution = union of demands` Evidence: `93_probes/p1b_demands_and_closure.out`. 12 of 16 ordered pairs are unresolvable; the closure under the members' own resolution has 15 elements. This is a counting result about the set, not about any particular table, so no table repairs it.
93_orchard_the_strategy_axis_derived_cold.md	**F4. Exactly four join semilattices on the four named markers satisfy the six intent-derived constraints, and every one of them escalates a mixed expression to Precise.** `holds for: strategy set = {Hot, Warm, Cold, Precise}, constraints = K1..K6 as listed in section 4` Evidence: `93_probes/p1_resolve_semilattice.out`, `93_probes/p1b_demands_and_closure.out`.
93_orchard_the_strategy_axis_derived_cold.md	**F5. A product of per-axis chains, joined componentwise, is expressible in the type system on the pin and satisfies idempotence, commutativity and associativity.** `holds for: rustc 1.98.0-nightly (57d06900f), edition 2024, axes = 2, points per axis = 3, gates = {const_trait_impl}, no_std, threads = 1, target features any` Evidence: `93_probes/p3_product_lattice_in_the_type_system.out`, with `93_probes/p3_mutant_wrong_join.out` as the negative control. The construction avoids `generic_const_exprs` by carrying the join as an associated type rather than as a const expression in type position.
93_orchard_the_strategy_axis_derived_cold.md	**F6. A preference resolved by a const-fn argmin over a cost table leaves no residue in the emitted body.** `holds for: target aarch64-apple-darwin, rustc 1.98.0-nightly (57d06900f), opt-level 3, arms = 3, axes = 3, threads = 1` Evidence: `93_probes/p4_asm_comparison.out`. One of the two pairs is instruction-identical after label normalisation; the other has an identical opcode multiset and count, differing in the scheduling of two independent instructions and the registers assigned to them. Corroborated in time, on the harness, by `mock/benches/satfold-const-gate_n10000_findings.md`, at `n = 10000, samples = 40, threads = 1`.
93_orchard_the_strategy_axis_derived_cold.md	**F7. A chain-weighting preset cannot be served by an operator closed over its operand type.** `holds for: W = 8, F = 4, signedness = unsigned, rounding = nearest, operation mul, chain length 2..5, threads = 1, target features any` Evidence: `93_probes/p6_the_chain_clause.out`. The width the intermediate must hold grows linearly in chain length, so no fixed input type holds it past length one. The structural half of this is arithmetic and would extend; I claim it only where I measured it.
93_orchard_the_strategy_axis_derived_cold.md	**F8. The two readings of "behave like a native Rust primitive" agree at every width Rust has a primitive for and disagree at every width it does not.** `holds for: W in 1..16, signedness = unsigned, operations {add, mul}, threads = 1, target features any` Evidence: `93_probes/p5_what_warm_imitates.out`. Zero disagreement at W in {8, 16}; disagreement at all fourteen non-native widths. The sweep steps uniformly above W = 11 and says so. **The specification is total exactly where it is not needed, and ambiguous exactly on the widths arvo exists to provide.**
93_orchard_the_strategy_axis_derived_cold.md	**F9. Overflow detection matching Rust's debug behaviour is available where both operands are const and nowhere else.** `holds for: const-evaluable operands, rustc 1.98.0-nightly (57d06900f)` Evidence: `93_probes/p5_mutant_const_overflow.out`, which is the refusal as a compile error (`error[E0080]: evaluation panicked: overflow at the declared width`). The complementary claim is absence: for operands that are not const-available there is nothing, by I15, not a weaker check and not a debug-only one.
93_orchard_the_strategy_axis_derived_cold.md	**F10.** Signed wrapping satisfies commutativity, associativity and distributivity for both operations; signed saturating satisfies none of the three. `holds for: W in 3..7, F = 0, signedness = signed, overflow in {wrap, saturate}, operations {add, mul}, arity 3, threads = 1, target features any`
93_orchard_the_strategy_axis_derived_cold.md	**F11. Q41's three options are answers on different regions, and the predicate separating them is the signedness.** `holds for: W = 5, F in {0, 1}, signedness in {unsigned, signed}, overflow in {wrap, saturate}, operations {add, mul}, arity 3, law inventory as listed, threads = 1, target features any`
96_dispatcher_note_the_validators_that_never_ran.md	Everything above holds for: `mockspace-bench-harness` at `084e780` and at `dev`; arvo at `feat/arvo-shape-topic`; `nightly-2026-05-28`; the thirteen variant crates named. It says nothing about any other consumer of the harness, none of which was examined.
97_dolan_the_strategy_space_attacked.md	**F-A. `25` section 7's "named sections over a product of axes" and the cold pair's argmin definitions are different propositions, and the set of sections a weighting can produce is a vanishing fraction of the sections: 72 of 15625 counting ties generously, 9 counting strictly.** `holds for: regions = 6, arms = 5, cost dimensions = 2, cost source = committed bitpack-carrier-width_n* medians and declared bits per element, tolerance in {0, 1, 2, 5, 10}%, threads = 1, target features any` Evidence: `97_probes/p1_rationalisable_sections.py` by exact direction sweep and `97_probes/p9_the_decider.py` by exact cone feasibility, two methods sharing only their input, reconciled as a set identity rather than as a matching count.
97_dolan_the_strategy_space_attacked.md	**F-A2. Rationalisability is decidable exactly, at any number of cost dimensions, by enumerating the extreme rays of a pointed cone in rational arithmetic.** `holds for: cost dimensions in {2, 3}, arms in {3, 5}, regions in {2, 6}, arithmetic exact rational` Evidence: `97_probes/p9_the_decider.py`, agreeing with the independent sweep on the committed data and answering four constructed cases correctly.
97_dolan_the_strategy_space_attacked.md	**F-B. The gap is polynomial against exponential in the number of regions, so it is a property of what a weighting is rather than of any dataset.** `holds for: regions in 2..20, arms in {4, 5, 6}, cost dimensions in {2, 3}, cost tables arbitrary` Evidence: `97_probes/p1b_the_gap_is_structural.py`, a counting bound plus exact enumeration over 2000 random cost tables with zero violations.
97_dolan_the_strategy_space_attacked.md	**F-D2. A selector reading a demand set computed by the type-level join emits one tail branch, identical to a hand-written call to the arm it resolves to, and distinct from the arms either operand resolves to.** `holds for: coordinates = 2, arms = 4, target = aarch64-apple-darwin, rustc 1.98.0-nightly (57d06900f), edition 2024, opt-level 3, panic = abort, feature gates = 0, no_std, threads any (a compile-time artifact), target features baseline` Evidence: `97_probes/p8_does_a_computed_demand_erase.rs` with `97_probes/p8_mutant_join_collapses.rs` as the negative control. This is a shape, not a price: the compile-time cost of the lattice is unpriced and is said to be unpriced.
97_dolan_the_strategy_space_attacked.md	**F-D. The closure `93` prices as a cost is the free join semilattice on its own generators, so it is generated rather than enumerated: `d` names, `2^d - 1` elements, zero unresolvable pairs, and a total lawful join in one impl.** `holds for: d in {3, 4, 5} for the counting, d = 4 for the compile, rustc 1.98.0-nightly (57d06900f), edition 2024, feature gates = 0, no_std, threads any (a compile-time artifact), target features any` Evidence: `97_probes/p4b_the_closure_is_free.py`, `97_probes/p4_demand_lattice.rs` with `97_probes/p4_mutant_dropped_demand.rs` as the negative control.
97_dolan_the_strategy_space_attacked.md	**F-E. The overflow axis carries no conservatism order that is stable across readings. By honoured laws wrapping and saturating are incomparable in three of four configurations; by frequency of a wrong answer they are tied in all four; by worst-case magnitude saturating is above wrapping in all four. Saturating and exact are incomparable at `F = 0`.** `holds for: W in {5, 6}, F in {0, 1}, signedness in {unsigned, signed}, overflow in {wrap, saturate, exact}, operations {add, sub, mul}, laws as enumerated in the probe, arity 3 for the algebraic family and arity 2 for the order family, values exhaustive over the representable domain, threads = 1, target features any` Evidence: `97_probes/p3_does_a_conservatism_order_exist.py`.
97_dolan_the_strategy_space_attacked.md	**F-I. At a fixed declared width, element count and transform, the best arm changes with the fold's arity: the minimum container at arity 2 and the arity-derived accumulator from arity 4 upward.** `holds for: W = 13, elements = 8192, transform = chunked clamping fold, fold arity in {2, 4, 8, 16, 64, 256}, signedness = unsigned, arms = the six of warm-clamp-arity-w13, tolerance in {0, 2, 5}%, host = Apple M1, rustc 1.98.0-nightly (57d06900f), harness = mockspace-bench-harness, threads = 1` Evidence: `97_probes/p6_does_the_accumulator_follow_the_fold.py`, reading committed harness output. The per-variant validator did not run for this family, per `96`, so the arms are not cross-checked for computing the same answer by the harness; `warm-clamp-shared`'s own tests do check that against a `u128` oracle at every declared key.
97_dolan_the_strategy_space_attacked.md	**F-J. Deriving an accumulator from a compile-time-known fold arity is 15.25x faster than deriving it from the same arity supplied at runtime at arity 2, falling monotonically in the arity to 1.03x at 256.** `holds for: the same predicate as F-I` Evidence: the same probe. This is the priced form of `94`'s W2, which `94` reports as a shape only.
97_dolan_the_strategy_space_attacked.md	**F-F. A law holds in the representable set exactly when it is an identity of exact arithmetic and the realisation map respects every ordered nesting of operations it contains. This predicts every law verdict in the swept region with no soundness mismatch and no conservative mismatch.** `holds for: W in {4, 5, 6}, F in {0, 1, 2}, signedness in {unsigned, signed}, overflow in {wrap, saturate}, rounding in {truncate, nearest}, operations {add, sub, mul}, operand window in {full, declared non-negative}, laws {add_comm, mul_comm, add_assoc, mul_assoc, distrib, mul_over_sub, sub_assoc, sub_comm}, arity 2 and 3, values exhaustive over the representable domain, threads = 1, target features any` Evidence: `97_probes/p2_congruence_predicts_the_laws.py`, 552 cells, both mismatch directions counted.
97_dolan_the_strategy_space_attacked.md	**F-G. At `F = 0`, unsigned, saturating, distributivity over addition holds and distributivity over subtraction fails.** `holds for: W in {4, 5, 6}, F = 0, signedness = unsigned, overflow = saturate, operations {add, sub, mul}, arity 3, values exhaustive, threads = 1, target features any` Evidence: same probe. At `W = 6` the failure rate is 45.79% of 262144 triples.
97_dolan_the_strategy_space_attacked.md	**F-H. Restricting a signed saturating type to a declared non-negative operand window recovers additive associativity, multiplicative associativity and distributivity over addition, all of which two-sided saturation loses.** `holds for: W in {4, 5, 6}, F = 0, signedness = signed, overflow = saturate, operand window = declared non-negative, operations {add, mul}, arity 3, values exhaustive, threads = 1, target features any` Evidence: same probe. This was a prediction of the criterion made before running, on the ground that a one-sided clamp is a congruence and a two-sided one is not, and it independently retrodicts `82`'s declared-window result, which I have not read.
97_dolan_the_strategy_space_attacked.md	**F-K. Over `35`'s whole committed box, 660 rows generated independently of this unit, the criterion predicts no law to hold which fails.** `holds for: w in 2..7, f in 0..w, signedness in {unsigned, signed}, overflow in {wrap, saturate}, rounding = arithmetic shift right, laws {add_assoc, mul_assoc, distributivity, additive_inverse, monotonicity_add}, arity 2 and 3, values exhaustive over the representable domain, threads = 1, target features any` Evidence: `97_probes/p7_diff_the_criterion_against_35.py` against `35_probes/p2.out` and `35_probes/p2b.out`. One row of 660 is conservative and none is unsound.
98_spj_what_the_strategy_axis_settles.md	**F-98-1. Between "any section" and "one weighting" there are at least four distinct conditions, and on committed harness output they are far apart: over 46656 sections, 144 Pareto-admissible, 72 rationalisable at non-negative weights, 9 at strictly positive weights, 9 forced.** `holds for: regions = 6, arms = 6, cost coordinates = 2 (median algo_ns, declared bytes per element), cost source = committed bitpack-carrier-width_n* CSVs, arithmetic exact rational, threads = 1, target features any` Evidence: `98_probes/p13_the_ladder_on_the_coordinates_that_survive.py`.
98_spj_what_the_strategy_axis_settles.md	**F-98-1b. The same ladder over three coordinates gives 46656, 2048, 2048, 117, 58, 58, and the middle rung is the only measurement of order-rationalisability anybody has taken.** `holds for: regions = 6, arms = 6, cost coordinates = 3 (median algo_ns, declared bytes per element, interquartile range of the samples), cost source as above, arithmetic exact rational, threads = 1, target features any` Evidence: `98_probes/p2_the_rationalisability_ladder.py`, by exact polygon clipping on the weight simplex, cross-checked against Fourier-Motzkin in `98_probes/lp.py` on 300 sections per rung with 300 of 300 agreeing. The third coordinate's standing is qualified by F-98-12.
98_spj_what_the_strategy_axis_settles.md	**F-98-2. A strictly positive weighting cannot select a Pareto-dominated arm. A non-negative one can, and whether it does is a property of the table.** `holds for: cost coordinates any, arms any, regions any, arithmetic exact rational` for the positive half, which is a theorem rather than a measurement. `holds for: the F-98-1 and F-98-1b predicates` for the negative half, where 63 of 72 sections at two coordinates and 48 of 117 at three select a dominated arm. Evidence: `98_probes/p13_the_ladder_on_the_coordinates_that_survive.py`, `98_probes/p2_the_rationalisability_ladder.py`, `98_probes/p6_reproduce_the_predecessors_count_and_rung_it.py`, and `98_probes/p9_the_proposal_instantiated.py` for the exhibited failure and for two zero-weight cases that do not fail.
98_spj_what_the_strategy_axis_settles.md	**F-98-3. `97` section 2.2's two figures reproduce exactly from an independent implementation, are insensitive to whether the control arm is included, and 63 of its 72 select an arm `97` section 10 says no weighting can select. The figure carrying the property is 9, not 72.** `holds for: regions = 6, arms in {5, 6}, cost coordinates = 2 (median algo_ns per record for the five-arm model and per batch for the six-arm one, declared bits or bytes per element), cost source = committed bitpack-carrier-width_n* CSVs, arithmetic exact rational, threads = 1, target features any` Evidence: `98_probes/p6_reproduce_the_predecessors_count_and_rung_it.py` and `98_probes/p13_the_ladder_on_the_coordinates_that_survive.py`, by interval arithmetic on the one-dimensional weight simplex, against `97`'s extreme-ray enumeration, sharing only their input.
98_spj_what_the_strategy_axis_settles.md	**F-98-4. Order-rationalisability is a distinct condition from Pareto-admissibility in general and coincides with it on structured cost data, and a union-graph acyclicity criterion predicts the coincidence.** `holds for: regions = 5, arms = 5, cost coordinates = 3, cost tables from three generators (independent uniform, region-scaled, tiered), 60 models each, arithmetic exact rational` for the separation, which occurs in 42 of 60 uniform models and 0 of 120 structured ones. `holds for: the same, plus the committed carrier table at three coordinates` for the criterion, which was exact in 120 of 120 models and correct on the real table. Evidence: `98_probes/p3_a_rung_count_is_a_fact_about_one_table.py`, `98_probes/p3b_why_the_order_rung_is_empty_on_real_data.py`. Sufficiency is proved; necessity is empirical over 120 models and is claimed as that.
98_spj_what_the_strategy_axis_settles.md	**F-98-5. The ratio of weighting-realisable sections to Pareto-admissible ones varies by a factor of 47 across cost tables of one shape, so a particular value of it is a fact about one table.** `holds for: regions = 5, arms = 5, cost coordinates = 3, 180 models across three generators, arithmetic exact rational` Evidence: `98_probes/p3_a_rung_count_is_a_fact_about_one_table.py`. Minimum 0.021, median 0.111, maximum 1.000.
98_spj_what_the_strategy_axis_settles.md	**F-98-6. A lexicographic priority over coordinates is realisable by a strictly positive weighting on a finite model, including when combined with finite weights on the remaining coordinates. The converse fails: on the three-coordinate carrier table the six priority orders reach 4 sections and weightings reach 58.** `holds for: regions = 4, arms = 5, cost coordinates = 3, 200 random models for the pure priority case (1200 of 1200 realisable) and 150 for the priority-plus-finite case (450 of 450), arithmetic exact rational` for the realisability half. `holds for: the F-98-1b predicate` for the counting half. Evidence: `98_probes/p4_priority_order_against_exchange_rate.py`, `98_probes/p9_the_proposal_instantiated.py`.
98_spj_what_the_strategy_axis_settles.md	**F-98-7. A selection rule of the form "minimise one coordinate subject to a bound on another" is not realisable by any non-negative weighting.** `holds for: cost coordinates = 2, alternatives = 3, arithmetic exact rational` Evidence: `98_probes/p4_priority_order_against_exchange_rate.py`, with the algebra stated in closed form in the probe's own docstring and the exact feasibility computed on the one-dimensional weight simplex.
98_spj_what_the_strategy_axis_settles.md	**F-98-8. The shipped headroom rule is Pareto-dominated on (time, bytes) in 18 of 22 committed `warm-container-*` runs, and three of the four survivors survive on a time edge whose bootstrap CI crosses zero.** `holds for: declared widths in {8, 13, 16, 32, 60, 64}, element counts and operation densities as declared by the warm-container bench keys, arms = {headroom, minimum}, cost coordinates = 2 (median algo_ns, declared bytes per element), 22 committed runs, host = the one those runs were taken on, threads = 1` Evidence: `98_probes/p5_the_reference_coordinate_is_not_a_machine_cost.py`, reading committed harness output, with a 2000-resample two-sided bootstrap on the four survivors.
98_spj_what_the_strategy_axis_settles.md	**F-98-9. No committed bench family carries a column for accuracy or for divergence from a reference semantics, because all thirteen shared variant crates assert cross-arm agreement.** `holds for: the 13 *-shared variant crates in mock/benches/variants as committed` Evidence: `98_probes/p8_which_intents_the_corpus_can_weigh.py`. One arm, `bitpack-write-unsound`, is exempt from the agreement requirement by design; its wrongness is a race corruption rate measured in a stress test rather than a bench column.
98_spj_what_the_strategy_axis_settles.md	**F-98-10. A section produced by a fixed weighting is not stable under resampling the committed run's own samples: 30, 8 and 77 distinct sections across 2000 resamples for three weightings, with the committed section modal in two of the three. The set of arms dominated in every region is stable at 1996 of 2000.** `holds for: regions = 6, arms = 6, cost coordinates = 3, 80 samples per arm per region, 2000 bootstrap resamples, seed 20260814, cost source = committed bitpack-carrier-width_n* CSVs, host = the one those runs were taken on, threads = 1` Evidence: `98_probes/p10_is_the_table_stable_enough_to_be_an_object.py`. This is an uncertainty estimate over a committed artifact and not a bench; no measurement was taken.
98_spj_what_the_strategy_axis_settles.md	**F-98-11. Three weightings over the three measured coordinates give three distinct sections on the committed carrier table, none selecting a dominated arm.** `holds for: the F-98-1b predicate, weightings as instantiated in the probe` Evidence: `98_probes/p9_the_proposal_instantiated.py`. The weight numbers are scaffolding chosen to reach the check and are not proposals. Read with F-98-10, which finds the spread-weighing section the least stable of the three.
98_spj_what_the_strategy_axis_settles.md	**F-98-13. Selecting a section by resample agreement rather than from the point estimate changes the answer for 1 of 3 weightings, and where it changes it the selected section is reproduced 2.1 times more often.** `holds for: regions = 6, arms = 6, cost coordinates = 3, 80 samples per arm per region, 2000 bootstrap resamples, seed 20260814, cost source = committed bitpack-carrier-width_n* CSVs, weightings as instantiated in the probe, host = the one those runs were taken on, threads = 1` Evidence: `98_probes/p14_generating_from_a_robust_summary.py`. Point and modal agree for two of the three weightings, so the rule is free where it does not apply.
98_spj_what_the_strategy_axis_settles.md	**F-98-12. The interquartile-range differences that would rescue `bitpack-carrier-packed` from being dominated in every region are not distinguishable from zero, at all four regions where the rescue occurs. Across all arm pairs the same coordinate does separate 58 of 90 pairs measurably.** `holds for: regions = 6, arms = 6, 80 samples per arm per region, 4000 bootstrap resamples, seed 20260814, cost source = committed bitpack-carrier-width_n* CSVs, host = the one those runs were taken on, threads = 1` Evidence: `98_probes/p12_is_the_spread_coordinate_real.py`. This refutes the rescue reported by `98_probes/p1b_domination_is_relative_to_the_coordinate_set.py`, which is retained rather than deleted.
